ticker,security,date_added,sector,headquarter_city,headquarter_state,year,net_income,operating_income,research_and_development,gross_profit,total_revenue
A,Agilent Technologies,2000-06-05,Health Care,Santa Clara,California,2021.0,,,,,
A,Agilent Technologies,2000-06-05,Health Care,Santa Clara,California,2022.0,1254000000.0,1618000000.0,467000000.0,3722000000.0,6848000000.0
A,Agilent Technologies,2000-06-05,Health Care,Santa Clara,California,2023.0,1240000000.0,1350000000.0,481000000.0,3465000000.0,6833000000.0
A,Agilent Technologies,2000-06-05,Health Care,Santa Clara,California,2024.0,1289000000.0,1488000000.0,479000000.0,3535000000.0,6510000000.0
A,Agilent Technologies,2000-06-05,Health Care,Santa Clara,California,2025.0,1303000000.0,1479000000.0,455000000.0,3643000000.0,6948000000.0
AAPL,Apple Inc.,1982-11-30,Information Technology,Cupertino,California,2021.0,,,,,
AAPL,Apple Inc.,1982-11-30,Information Technology,Cupertino,California,2022.0,99803000000.0,119437000000.0,26251000000.0,170782000000.0,394328000000.0
AAPL,Apple Inc.,1982-11-30,Information Technology,Cupertino,California,2023.0,96995000000.0,114301000000.0,29915000000.0,169148000000.0,383285000000.0
AAPL,Apple Inc.,1982-11-30,Information Technology,Cupertino,California,2024.0,93736000000.0,123216000000.0,31370000000.0,180683000000.0,391035000000.0
AAPL,Apple Inc.,1982-11-30,Information Technology,Cupertino,California,2025.0,112010000000.0,133050000000.0,34550000000.0,195201000000.0,416161000000.0
ABBV,AbbVie,2012-12-31,Health Care,North Chicago,Illinois,2022.0,11836000000.0,18814000000.0,6510000000.0,40640000000.0,58054000000.0
ABBV,AbbVie,2012-12-31,Health Care,North Chicago,Illinois,2023.0,4863000000.0,13535000000.0,7675000000.0,33903000000.0,54318000000.0
ABBV,AbbVie,2012-12-31,Health Care,North Chicago,Illinois,2024.0,4278000000.0,11894000000.0,12791000000.0,39430000000.0,56334000000.0
ABBV,AbbVie,2012-12-31,Health Care,North Chicago,Illinois,2025.0,4226000000.0,20091000000.0,9096000000.0,42956000000.0,61160000000.0
ABNB,Airbnb,2023-09-18,Consumer Discretionary,San Francisco,California,2021.0,,,,,
ABNB,Airbnb,2023-09-18,Consumer Discretionary,San Francisco,California,2022.0,1893000000.0,1891000000.0,1502000000.0,6900000000.0,8399000000.0
ABNB,Airbnb,2023-09-18,Consumer Discretionary,San Francisco,California,2023.0,4792000000.0,1518000000.0,1722000000.0,8214000000.0,9917000000.0
ABNB,Airbnb,2023-09-18,Consumer Discretionary,San Francisco,California,2024.0,2648000000.0,2553000000.0,2056000000.0,9224000000.0,11102000000.0
ABNB,Airbnb,2023-09-18,Consumer Discretionary,San Francisco,California,2025.0,2511000000.0,2544000000.0,2354000000.0,10155000000.0,12241000000.0
ABT,Abbott Laboratories,1957-03-04,Health Care,North Chicago,Illinois,2021.0,,,,,
ABT,Abbott Laboratories,1957-03-04,Health Care,North Chicago,Illinois,2022.0,6933000000.0,8362000000.0,2888000000.0,24511000000.0,43653000000.0
ABT,Abbott Laboratories,1957-03-04,Health Care,North Chicago,Illinois,2023.0,5723000000.0,6478000000.0,2741000000.0,22134000000.0,40109000000.0
ABT,Abbott Laboratories,1957-03-04,Health Care,North Chicago,Illinois,2024.0,13402000000.0,6825000000.0,2844000000.0,23244000000.0,41950000000.0
ABT,Abbott Laboratories,1957-03-04,Health Care,North Chicago,Illinois,2025.0,6524000000.0,8053000000.0,2942000000.0,25009000000.0,44328000000.0
ACGL,Arch Capital Group,2022-11-01,Financials,Hamilton,Bermuda,2021.0,2157000000.0,,,,8923000000.0
ACGL,Arch Capital Group,2022-11-01,Financials,Hamilton,Bermuda,2022.0,1476000000.0,,,,9613000000.0
ACGL,Arch Capital Group,2022-11-01,Financials,Hamilton,Bermuda,2023.0,4443000000.0,,,,13297000000.0
ACGL,Arch Capital Group,2022-11-01,Financials,Hamilton,Bermuda,2024.0,4312000000.0,,,,16930000000.0
ACGL,Arch Capital Group,2022-11-01,Financials,Hamilton,Bermuda,2025.0,,,,,
ACN,Accenture,2011-07-06,Information Technology,Dublin,Ireland,2021.0,,,,,
ACN,Accenture,2011-07-06,Information Technology,Dublin,Ireland,2022.0,6877169000.0,9367181000.0,,19701539000.0,61594305000.0
ACN,Accenture,2011-07-06,Information Technology,Dublin,Ireland,2023.0,6871557000.0,8809889000.0,,20731607000.0,64111745000.0
ACN,Accenture,2011-07-06,Information Technology,Dublin,Ireland,2024.0,7264787000.0,9595847000.0,,21162317000.0,64896464000.0
ACN,Accenture,2011-07-06,Information Technology,Dublin,Ireland,2025.0,7678433000.0,10225664000.0,,22235401000.0,69672977000.0
ADBE,Adobe Inc.,1997-05-05,Information Technology,San Jose,California,2022.0,4756000000.0,6098000000.0,2987000000.0,15441000000.0,17606000000.0
ADBE,Adobe Inc.,1997-05-05,Information Technology,San Jose,California,2023.0,5428000000.0,6650000000.0,3473000000.0,17055000000.0,19409000000.0
ADBE,Adobe Inc.,1997-05-05,Information Technology,San Jose,California,2024.0,5560000000.0,7741000000.0,3944000000.0,19147000000.0,21505000000.0
ADBE,Adobe Inc.,1997-05-05,Information Technology,San Jose,California,2025.0,7130000000.0,8706000000.0,4294000000.0,21218000000.0,23769000000.0
ADI,Analog Devices,1999-10-12,Information Technology,Wilmington,Massachusetts,2021.0,,,,,
ADI,Analog Devices,1999-10-12,Information Technology,Wilmington,Massachusetts,2022.0,2748561000.0,3553209000.0,1700518000.0,7532474000.0,12013953000.0
ADI,Analog Devices,1999-10-12,Information Technology,Wilmington,Massachusetts,2023.0,3314579000.0,3983822000.0,1660194000.0,7877218000.0,12305539000.0
ADI,Analog Devices,1999-10-12,Information Technology,Wilmington,Massachusetts,2024.0,1635273000.0,2070056000.0,1487863000.0,5381343000.0,9427157000.0
ADI,Analog Devices,1999-10-12,Information Technology,Wilmington,Massachusetts,2025.0,2267342000.0,3002476000.0,1766001000.0,6773478000.0,11019707000.0
ADM,Archer Daniels Midland,1957-03-04,Consumer Staples,Chicago,Illinois,2021.0,,,,,
ADM,Archer Daniels Midland,1957-03-04,Consumer Staples,Chicago,Illinois,2022.0,4340000000.0,4212000000.0,,7570000000.0,101556000000.0
ADM,Archer Daniels Midland,1957-03-04,Consumer Staples,Chicago,Illinois,2023.0,3483000000.0,4057000000.0,,7513000000.0,93935000000.0
ADM,Archer Daniels Midland,1957-03-04,Consumer Staples,Chicago,Illinois,2024.0,1800000000.0,2072000000.0,,5778000000.0,85530000000.0
ADM,Archer Daniels Midland,1957-03-04,Consumer Staples,Chicago,Illinois,2025.0,1078000000.0,1424000000.0,,5033000000.0,80269000000.0
ADP,Automatic Data Processing,1981-03-31,Industrials,Roseland,New Jersey,2022.0,2948900000.0,3803200000.0,,7036400000.0,16498300000.0
ADP,Automatic Data Processing,1981-03-31,Industrials,Roseland,New Jersey,2023.0,3412000000.0,4507400000.0,,8058800000.0,18012200000.0
ADP,Automatic Data Processing,1981-03-31,Industrials,Roseland,New Jersey,2024.0,3752000000.0,4947000000.0,,8725900000.0,19202600000.0
ADP,Automatic Data Processing,1981-03-31,Industrials,Roseland,New Jersey,2025.0,4079700000.0,5411900000.0,,9463600000.0,20560900000.0
ADSK,Autodesk,1989-12-01,Information Technology,San Francisco,California,2022.0,497000000.0,618000000.0,1115000000.0,3968000000.0,4386000000.0
ADSK,Autodesk,1989-12-01,Information Technology,San Francisco,California,2023.0,823000000.0,989000000.0,1219000000.0,4525000000.0,5005000000.0
ADSK,Autodesk,1989-12-01,Information Technology,San Francisco,California,2024.0,906000000.0,1128000000.0,1373000000.0,4986000000.0,5497000000.0
ADSK,Autodesk,1989-12-01,Information Technology,San Francisco,California,2025.0,1112000000.0,1369000000.0,1485000000.0,5553000000.0,6131000000.0
AEE,Ameren,1991-09-19,Utilities,St. Louis,Missouri,2021.0,,,,,
AEE,Ameren,1991-09-19,Utilities,St. Louis,Missouri,2022.0,1074000000.0,1515000000.0,,3343000000.0,7957000000.0
AEE,Ameren,1991-09-19,Utilities,St. Louis,Missouri,2023.0,1152000000.0,1558000000.0,,3467000000.0,7500000000.0
AEE,Ameren,1991-09-19,Utilities,St. Louis,Missouri,2024.0,1182000000.0,1516000000.0,,3653000000.0,7623000000.0
AEE,Ameren,1991-09-19,Utilities,St. Louis,Missouri,2025.0,1456000000.0,2026000000.0,,4171000000.0,8799000000.0
AEP,American Electric Power,1957-03-04,Utilities,Columbus,Ohio,2021.0,,,,,
AEP,American Electric Power,1957-03-04,Utilities,Columbus,Ohio,2022.0,2307200000.0,3778500000.0,,11292200000.0,19639500000.0
AEP,American Electric Power,1957-03-04,Utilities,Columbus,Ohio,2023.0,2208000000.0,3735000000.0,,11128000000.0,18982000000.0
AEP,American Electric Power,1957-03-04,Utilities,Columbus,Ohio,2024.0,2967000000.0,4447000000.0,,12460000000.0,19721000000.0
AEP,American Electric Power,1957-03-04,Utilities,Columbus,Ohio,2025.0,3580000000.0,5385000000.0,,13346000000.0,21876000000.0
AES,AES Corporation,1998-10-02,Utilities,Arlington,Virginia,2021.0,-409000000.0,2545000000.0,,2711000000.0,11141000000.0
AES,AES Corporation,1998-10-02,Utilities,Arlington,Virginia,2022.0,-546000000.0,2341000000.0,,2548000000.0,12617000000.0
AES,AES Corporation,1998-10-02,Utilities,Arlington,Virginia,2023.0,249000000.0,2249000000.0,,2504000000.0,12668000000.0
AES,AES Corporation,1998-10-02,Utilities,Arlington,Virginia,2024.0,1679000000.0,2026000000.0,,2314000000.0,12278000000.0
AFL,Aflac,1999-05-28,Financials,Columbus,Georgia,2021.0,4231000000.0,,,,21546000000.0
AFL,Aflac,1999-05-28,Financials,Columbus,Georgia,2022.0,4418000000.0,,,,19151000000.0
AFL,Aflac,1999-05-28,Financials,Columbus,Georgia,2023.0,4659000000.0,,,,18841000000.0
AFL,Aflac,1999-05-28,Financials,Columbus,Georgia,2024.0,5443000000.0,,,,19128000000.0
AFL,Aflac,1999-05-28,Financials,Columbus,Georgia,2025.0,,,,,
AIG,American International Group,1980-03-31,Financials,New York City,New York,2021.0,,,,,
AIG,American International Group,1980-03-31,Financials,New York City,New York,2022.0,10227000000.0,,,,29975000000.0
AIG,American International Group,1980-03-31,Financials,New York City,New York,2023.0,3643000000.0,,,,27938000000.0
AIG,American International Group,1980-03-31,Financials,New York City,New York,2024.0,-1404000000.0,,,,27270000000.0
AIG,American International Group,1980-03-31,Financials,New York City,New York,2025.0,3096000000.0,,,,26774000000.0
AIZ,Assurant,2007-04-10,Financials,Atlanta,Georgia,2021.0,,,,,
AIZ,Assurant,2007-04-10,Financials,Atlanta,Georgia,2022.0,276600000.0,,,,10193000000.0
AIZ,Assurant,2007-04-10,Financials,Atlanta,Georgia,2023.0,642500000.0,,,,11131600000.0
AIZ,Assurant,2007-04-10,Financials,Atlanta,Georgia,2024.0,760200000.0,,,,11877500000.0
AIZ,Assurant,2007-04-10,Financials,Atlanta,Georgia,2025.0,872700000.0,,,,12814300000.0
AJG,Arthur J. Gallagher & Co.,2016-05-31,Financials,Rolling Meadows,Illinois,2021.0,,,,,
AJG,Arthur J. Gallagher & Co.,2016-05-31,Financials,Rolling Meadows,Illinois,2022.0,1114200000.0,1666900000.0,,3597400000.0,8550600000.0
AJG,Arthur J. Gallagher & Co.,2016-05-31,Financials,Rolling Meadows,Illinois,2023.0,970000000.0,1860000000.0,,4246000000.0,10072000000.0
AJG,Arthur J. Gallagher & Co.,2016-05-31,Financials,Rolling Meadows,Illinois,2024.0,1463000000.0,2282000000.0,,4879000000.0,11555000000.0
AJG,Arthur J. Gallagher & Co.,2016-05-31,Financials,Rolling Meadows,Illinois,2025.0,1494000000.0,2556000000.0,,5936000000.0,13942000000.0
AKAM,Akamai Technologies,2007-07-12,Information Technology,Cambridge,Massachusetts,2022.0,523672000.0,711040000.0,391434000.0,2232835000.0,3616654000.0
AKAM,Akamai Technologies,2007-07-12,Information Technology,Cambridge,Massachusetts,2023.0,547629000.0,703418000.0,406048000.0,2300857000.0,3811920000.0
AKAM,Akamai Technologies,2007-07-12,Information Technology,Cambridge,Massachusetts,2024.0,504918000.0,636354000.0,470876000.0,2370375000.0,3991168000.0
AKAM,Akamai Technologies,2007-07-12,Information Technology,Cambridge,Massachusetts,2025.0,452031000.0,628242000.0,513560000.0,2480662000.0,4208175000.0
ALB,Albemarle Corporation,2016-07-01,Materials,Charlotte,North Carolina,2021.0,,,,,
ALB,Albemarle Corporation,2016-07-01,Materials,Charlotte,North Carolina,2022.0,2689816000.0,2478461000.0,71981000.0,3074587000.0,7320104000.0
ALB,Albemarle Corporation,2016-07-01,Materials,Charlotte,North Carolina,2023.0,1573476000.0,190182000.0,85725000.0,1185909000.0,9617203000.0
ALB,Albemarle Corporation,2016-07-01,Materials,Charlotte,North Carolina,2024.0,-1179449000.0,-642229000.0,86720000.0,62539000.0,5377526000.0
ALB,Albemarle Corporation,2016-07-01,Materials,Charlotte,North Carolina,2025.0,-510628000.0,67285000.0,51398000.0,668719000.0,5142733000.0
ALGN,Align Technology,2017-06-19,Health Care,Tempe,Arizona,2021.0,772020000.0,976400000.0,250315000.0,2935355000.0,3952584000.0
ALGN,Align Technology,2017-06-19,Health Care,Tempe,Arizona,2022.0,361573000.0,654048000.0,305258000.0,2633775000.0,3734635000.0
ALGN,Align Technology,2017-06-19,Health Care,Tempe,Arizona,2023.0,445053000.0,656654000.0,346830000.0,2706863000.0,3862260000.0
ALGN,Align Technology,2017-06-19,Health Care,Tempe,Arizona,2024.0,421362000.0,671764000.0,364202000.0,2799159000.0,3999012000.0
ALL,Allstate,1995-07-13,Financials,Northbrook,Illinois,2021.0,,,,,
ALL,Allstate,1995-07-13,Financials,Northbrook,Illinois,2022.0,-1289000000.0,,,,50617000000.0
ALL,Allstate,1995-07-13,Financials,Northbrook,Illinois,2023.0,-188000000.0,,,,56591000000.0
ALL,Allstate,1995-07-13,Financials,Northbrook,Illinois,2024.0,4667000000.0,,,,63515000000.0
ALL,Allstate,1995-07-13,Financials,Northbrook,Illinois,2025.0,10282000000.0,,,,67069000000.0
ALLE,Allegion,2013-12-02,Industrials,Dublin,Ireland,2021.0,,,,,
ALLE,Allegion,2013-12-02,Industrials,Dublin,Ireland,2022.0,458000000.0,586400000.0,,1322400000.0,3271900000.0
ALLE,Allegion,2013-12-02,Industrials,Dublin,Ireland,2023.0,540400000.0,715900000.0,,1581500000.0,3650800000.0
ALLE,Allegion,2013-12-02,Industrials,Dublin,Ireland,2024.0,597500000.0,780700000.0,,1668500000.0,3772200000.0
ALLE,Allegion,2013-12-02,Industrials,Dublin,Ireland,2025.0,643800000.0,859500000.0,,1838300000.0,4067300000.0
AMAT,Applied Materials,1995-03-16,Information Technology,Santa Clara,California,2021.0,,,,,
AMAT,Applied Materials,1995-03-16,Information Technology,Santa Clara,California,2022.0,6525000000.0,7784000000.0,2771000000.0,11993000000.0,25785000000.0
AMAT,Applied Materials,1995-03-16,Information Technology,Santa Clara,California,2023.0,6856000000.0,7654000000.0,3102000000.0,12384000000.0,26517000000.0
AMAT,Applied Materials,1995-03-16,Information Technology,Santa Clara,California,2024.0,7177000000.0,7867000000.0,3233000000.0,12897000000.0,27176000000.0
AMAT,Applied Materials,1995-03-16,Information Technology,Santa Clara,California,2025.0,6998000000.0,8470000000.0,3570000000.0,13808000000.0,28368000000.0
AMCR,Amcor,2019-06-07,Materials,Warmley,Bristol,2021.0,,,,,
AMCR,Amcor,2019-06-07,Materials,Warmley,Bristol,2022.0,805000000.0,1473000000.0,96000000.0,2820000000.0,14544000000.0
AMCR,Amcor,2019-06-07,Materials,Warmley,Bristol,2023.0,1048000000.0,1404000000.0,101000000.0,2725000000.0,14694000000.0
AMCR,Amcor,2019-06-07,Materials,Warmley,Bristol,2024.0,730000000.0,1311000000.0,106000000.0,2712000000.0,13640000000.0
AMCR,Amcor,2019-06-07,Materials,Warmley,Bristol,2025.0,511000000.0,1316000000.0,120000000.0,2834000000.0,15009000000.0
AMD,Advanced Micro Devices,2017-03-20,Information Technology,Santa Clara,California,2021.0,,,,,
AMD,Advanced Micro Devices,2017-03-20,Information Technology,Santa Clara,California,2022.0,1320000000.0,1264000000.0,5005000000.0,10603000000.0,23601000000.0
AMD,Advanced Micro Devices,2017-03-20,Information Technology,Santa Clara,California,2023.0,854000000.0,401000000.0,5872000000.0,10460000000.0,22680000000.0
AMD,Advanced Micro Devices,2017-03-20,Information Technology,Santa Clara,California,2024.0,1641000000.0,2086000000.0,6456000000.0,12725000000.0,25785000000.0
AMD,Advanced Micro Devices,2017-03-20,Information Technology,Santa Clara,California,2025.0,4335000000.0,3694000000.0,8091000000.0,17152000000.0,34639000000.0
AME,Ametek,2013-09-23,Industrials,Berwyn,Pennsylvania,2022.0,1159542000.0,1500692000.0,,2145269000.0,6150530000.0
AME,Ametek,2013-09-23,Industrials,Berwyn,Pennsylvania,2023.0,1313188000.0,1707459000.0,,2384465000.0,6596950000.0
AME,Ametek,2013-09-23,Industrials,Berwyn,Pennsylvania,2024.0,1376124000.0,1779562000.0,,2476467000.0,6941180000.0
AME,Ametek,2013-09-23,Industrials,Berwyn,Pennsylvania,2025.0,1480142000.0,1910317000.0,,2667439000.0,7401116000.0
AMGN,Amgen,1992-01-02,Health Care,Thousand Oaks,California,2021.0,,,,,
AMGN,Amgen,1992-01-02,Health Care,Thousand Oaks,California,2022.0,6552000000.0,9566000000.0,4434000000.0,19917000000.0,26323000000.0
AMGN,Amgen,1992-01-02,Health Care,Thousand Oaks,California,2023.0,6717000000.0,7897000000.0,4784000000.0,19739000000.0,28190000000.0
AMGN,Amgen,1992-01-02,Health Care,Thousand Oaks,California,2024.0,4090000000.0,7258000000.0,5964000000.0,20566000000.0,33424000000.0
AMGN,Amgen,1992-01-02,Health Care,Thousand Oaks,California,2025.0,7711000000.0,9080000000.0,7272000000.0,24714000000.0,36751000000.0
AMP,Ameriprise Financial,2005-10-03,Financials,Minneapolis,Minnesota,2021.0,3417000000.0,,,,13377000000.0
AMP,Ameriprise Financial,2005-10-03,Financials,Minneapolis,Minnesota,2022.0,3149000000.0,,,,14258000000.0
AMP,Ameriprise Financial,2005-10-03,Financials,Minneapolis,Minnesota,2023.0,2556000000.0,,,,15535000000.0
AMP,Ameriprise Financial,2005-10-03,Financials,Minneapolis,Minnesota,2024.0,3401000000.0,,,,17264000000.0
AMP,Ameriprise Financial,2005-10-03,Financials,Minneapolis,Minnesota,2025.0,,,,,
AMT,American Tower,2007-11-19,Real Estate,Boston,Massachusetts,2021.0,2567700000.0,3328400000.0,,6674900000.0,9356900000.0
AMT,American Tower,2007-11-19,Real Estate,Boston,Massachusetts,2022.0,1765800000.0,2922700000.0,,7076200000.0,9645400000.0
AMT,American Tower,2007-11-19,Real Estate,Boston,Massachusetts,2023.0,1483300000.0,3536800000.0,,7450700000.0,10012200000.0
AMT,American Tower,2007-11-19,Real Estate,Boston,Massachusetts,2024.0,2255000000.0,4603000000.0,,7552800000.0,10127200000.0
AMZN,Amazon,2005-11-18,Consumer Discretionary,Seattle,Washington,2022.0,-2722000000.0,12248000000.0,,225152000000.0,513983000000.0
AMZN,Amazon,2005-11-18,Consumer Discretionary,Seattle,Washington,2023.0,30425000000.0,36852000000.0,,270046000000.0,574785000000.0
AMZN,Amazon,2005-11-18,Consumer Discretionary,Seattle,Washington,2024.0,59248000000.0,68593000000.0,,311671000000.0,637959000000.0
AMZN,Amazon,2005-11-18,Consumer Discretionary,Seattle,Washington,2025.0,77670000000.0,79975000000.0,,360510000000.0,716924000000.0
ANET,Arista Networks,2018-08-28,Information Technology,Santa Clara,California,2022.0,1352446000.0,1527106000.0,728394000.0,2675696000.0,4381310000.0
ANET,Arista Networks,2018-08-28,Information Technology,Santa Clara,California,2023.0,2087300000.0,2257300000.0,854900000.0,3630300000.0,5860200000.0
ANET,Arista Networks,2018-08-28,Information Technology,Santa Clara,California,2024.0,2852100000.0,2944600000.0,996700000.0,4491300000.0,7003100000.0
ANET,Arista Networks,2018-08-28,Information Technology,Santa Clara,California,2025.0,3511400000.0,3856100000.0,1237300000.0,5768700000.0,9005700000.0
AON,Aon plc,1996-04-23,Financials,London,United Kingdom,2021.0,,,,,
AON,Aon plc,1996-04-23,Financials,London,United Kingdom,2022.0,2589000000.0,3669000000.0,,6002000000.0,12479000000.0
AON,Aon plc,1996-04-23,Financials,London,United Kingdom,2023.0,2564000000.0,3920000000.0,,6474000000.0,13376000000.0
AON,Aon plc,1996-04-23,Financials,London,United Kingdom,2024.0,2654000000.0,4224000000.0,,7415000000.0,15698000000.0
AON,Aon plc,1996-04-23,Financials,London,United Kingdom,2025.0,3695000000.0,4709000000.0,,8196000000.0,17181000000.0
AOS,A. O. Smith,2017-07-26,Industrials,Milwaukee,Wisconsin,2022.0,235700000.0,658700000.0,,1329600000.0,3753900000.0
AOS,A. O. Smith,2017-07-26,Industrials,Milwaukee,Wisconsin,2023.0,556600000.0,757400000.0,,1484800000.0,3852800000.0
AOS,A. O. Smith,2017-07-26,Industrials,Milwaukee,Wisconsin,2024.0,533600000.0,716800000.0,,1456100000.0,3818100000.0
AOS,A. O. Smith,2017-07-26,Industrials,Milwaukee,Wisconsin,2025.0,546200000.0,728000000.0,,1487400000.0,3830200000.0
APA,APA Corporation,1997-07-28,Energy,Houston,Texas,2021.0,1135000000.0,2692000000.0,,3540000000.0,7985000000.0
APA,APA Corporation,1997-07-28,Energy,Houston,Texas,2022.0,3604000000.0,5082000000.0,,6255000000.0,11075000000.0
APA,APA Corporation,1997-07-28,Energy,Houston,Texas,2023.0,2855000000.0,3358000000.0,,4227000000.0,8279000000.0
APA,APA Corporation,1997-07-28,Energy,Houston,Texas,2024.0,804000000.0,3199000000.0,,4302000000.0,9737000000.0
APD,Air Products,1985-04-30,Materials,Upper Macungie Township,Pennsylvania,2021.0,,,,,
APD,Air Products,1985-04-30,Materials,Upper Macungie Township,Pennsylvania,2022.0,2256100000.0,2412500000.0,102900000.0,3360100000.0,12698600000.0
APD,Air Products,1985-04-30,Materials,Upper Macungie Township,Pennsylvania,2023.0,2300200000.0,2739200000.0,105600000.0,3767000000.0,12600000000.0
APD,Air Products,1985-04-30,Materials,Upper Macungie Township,Pennsylvania,2024.0,3828200000.0,2947500000.0,100200000.0,3931900000.0,12100600000.0
APD,Air Products,1985-04-30,Materials,Upper Macungie Township,Pennsylvania,2025.0,-394500000.0,2889000000.0,96300000.0,3781300000.0,12037300000.0
APH,Amphenol,2008-09-30,Information Technology,Wallingford,Connecticut,2021.0,,,,,
APH,Amphenol,2008-09-30,Information Technology,Wallingford,Connecticut,2022.0,1902300000.0,2607300000.0,,4028200000.0,12623000000.0
APH,Amphenol,2008-09-30,Information Technology,Wallingford,Connecticut,2023.0,1928000000.0,2594200000.0,,4084100000.0,12554700000.0
APH,Amphenol,2008-09-30,Information Technology,Wallingford,Connecticut,2024.0,2424000000.0,3284300000.0,,5139700000.0,15222700000.0
APH,Amphenol,2008-09-30,Information Technology,Wallingford,Connecticut,2025.0,4270300000.0,5972000000.0,,8517700000.0,23094700000.0
APO,Apollo Global Management,2024-12-23,Financials,New York City,New York,2021.0,,,,,
APO,Apollo Global Management,2024-12-23,Financials,New York City,New York,2022.0,-1961000000.0,-4375000000.0,,10041000000.0,10968000000.0
APO,Apollo Global Management,2024-12-23,Financials,New York City,New York,2023.0,5047000000.0,6146000000.0,,31617000000.0,32644000000.0
APO,Apollo Global Management,2024-12-23,Financials,New York City,New York,2024.0,4577000000.0,8299000000.0,,24974000000.0,26114000000.0
APO,Apollo Global Management,2024-12-23,Financials,New York City,New York,2025.0,3492000000.0,8258000000.0,,30606000000.0,32049000000.0
APP,AppLovin,2025-09-22,Information Technology,Palo Alto,California,2021.0,,,,,
APP,AppLovin,2025-09-22,Information Technology,Palo Alto,California,2022.0,-192746000.0,-47791000.0,507607000.0,1560993000.0,2817058000.0
APP,AppLovin,2025-09-22,Information Technology,Palo Alto,California,2023.0,357211000.0,772411000.0,333781000.0,1485149000.0,1841762000.0
APP,AppLovin,2025-09-22,Information Technology,Palo Alto,California,2024.0,1579790000.0,1910956000.0,374710000.0,2703445000.0,3224058000.0
APP,AppLovin,2025-09-22,Information Technology,Palo Alto,California,2025.0,3333764000.0,4151914000.0,226510000.0,4815577000.0,5480717000.0
APTV,Aptiv,2012-12-24,Consumer Discretionary,Schaffhausen,Switzerland,2021.0,,,,,
APTV,Aptiv,2012-12-24,Consumer Discretionary,Schaffhausen,Switzerland,2022.0,594000000.0,1348000000.0,,2635000000.0,17489000000.0
APTV,Aptiv,2012-12-24,Consumer Discretionary,Schaffhausen,Switzerland,2023.0,2938000000.0,1770000000.0,,3439000000.0,20051000000.0
APTV,Aptiv,2012-12-24,Consumer Discretionary,Schaffhausen,Switzerland,2024.0,1787000000.0,2035000000.0,,3711000000.0,19713000000.0
APTV,Aptiv,2012-12-24,Consumer Discretionary,Schaffhausen,Switzerland,2025.0,165000000.0,2017000000.0,,3898000000.0,20398000000.0
ARE,Alexandria Real Estate Equities,2017-03-20,Real Estate,Pasadena,California,2021.0,,,,,
ARE,Alexandria Real Estate Equities,2017-03-20,Real Estate,Pasadena,California,2022.0,521660000.0,613463000.0,,1792887000.0,2576040000.0
ARE,Alexandria Real Estate Equities,2017-03-20,Real Estate,Pasadena,California,2023.0,103639000.0,690449000.0,,1983276000.0,2842456000.0
ARE,Alexandria Real Estate Equities,2017-03-20,Real Estate,Pasadena,California,2024.0,322949000.0,769702000.0,,2140441000.0,3049706000.0
ARE,Alexandria Real Estate Equities,2017-03-20,Real Estate,Pasadena,California,2025.0,-1429570000.0,555045000.0,,2022570000.0,2945175000.0
ARES,Ares Management,2025-12-11,Financials,Los Angeles,California,2021.0,408837000.0,802008000.0,,3049458000.0,4212091000.0
ARES,Ares Management,2025-12-11,Financials,Los Angeles,California,2022.0,167541000.0,306358000.0,,1556853000.0,3055443000.0
ARES,Ares Management,2025-12-11,Financials,Los Angeles,California,2023.0,474326000.0,834026000.0,,2145186000.0,3631884000.0
ARES,Ares Management,2025-12-11,Financials,Los Angeles,California,2024.0,463742000.0,946090000.0,,2153034000.0,3884781000.0
ATO,Atmos Energy,2019-02-15,Utilities,Dallas,Texas,2022.0,774398000.0,920982000.0,,1808845000.0,4201662000.0
ATO,Atmos Energy,2019-02-15,Utilities,Dallas,Texas,2023.0,885862000.0,1067147000.0,,2058278000.0,4275357000.0
ATO,Atmos Energy,2019-02-15,Utilities,Dallas,Texas,2024.0,1042895000.0,1355362000.0,,2412357000.0,4165187000.0
ATO,Atmos Energy,2019-02-15,Utilities,Dallas,Texas,2025.0,1198754000.0,1559971000.0,,2733759000.0,4702755000.0
AVB,AvalonBay Communities,2007-01-10,Real Estate,Arlington,Virginia,2021.0,1004299000.0,612701000.0,3231000.0,1440908000.0,2294850000.0
AVB,AvalonBay Communities,2007-01-10,Real Estate,Arlington,Virginia,2022.0,1136775000.0,785290000.0,16565000.0,1674332000.0,2593446000.0
AVB,AvalonBay Communities,2007-01-10,Real Estate,Arlington,Virginia,2023.0,928825000.0,886278000.0,,1779777000.0,2767909000.0
AVB,AvalonBay Communities,2007-01-10,Real Estate,Arlington,Virginia,2024.0,1081994000.0,915750000.0,,1840300000.0,2913757000.0
AVGO,Broadcom,2014-05-08,Information Technology,Palo Alto,California,2021.0,,,,,
AVGO,Broadcom,2014-05-08,Information Technology,Palo Alto,California,2022.0,11495000000.0,14282000000.0,4919000000.0,22095000000.0,33203000000.0
AVGO,Broadcom,2014-05-08,Information Technology,Palo Alto,California,2023.0,14082000000.0,16451000000.0,5253000000.0,24690000000.0,35819000000.0
AVGO,Broadcom,2014-05-08,Information Technology,Palo Alto,California,2024.0,5895000000.0,14996000000.0,9310000000.0,32509000000.0,51574000000.0
AVGO,Broadcom,2014-05-08,Information Technology,Palo Alto,California,2025.0,23126000000.0,26075000000.0,10977000000.0,43294000000.0,63887000000.0
AVY,Avery Dennison,1987-12-31,Materials,Mentor,Ohio,2021.0,740100000.0,1064300000.0,136600000.0,2312800000.0,8408300000.0
AVY,Avery Dennison,1987-12-31,Materials,Mentor,Ohio,2022.0,757100000.0,1073400000.0,136100000.0,2404200000.0,9039300000.0
AVY,Avery Dennison,1987-12-31,Materials,Mentor,Ohio,2023.0,503000000.0,963800000.0,135800000.0,2277500000.0,8364300000.0
AVY,Avery Dennison,1987-12-31,Materials,Mentor,Ohio,2024.0,704900000.0,1115400000.0,137800000.0,2530700000.0,8755700000.0
AWK,American Water Works,2016-03-04,Utilities,Camden,New Jersey,2021.0,,,,,
AWK,American Water Works,2016-03-04,Utilities,Camden,New Jersey,2022.0,820000000.0,1273000000.0,,2203000000.0,3792000000.0
AWK,American Water Works,2016-03-04,Utilities,Camden,New Jersey,2023.0,944000000.0,1504000000.0,,2514000000.0,4234000000.0
AWK,American Water Works,2016-03-04,Utilities,Camden,New Jersey,2024.0,1051000000.0,1718000000.0,,2826000000.0,4684000000.0
AWK,American Water Works,2016-03-04,Utilities,Camden,New Jersey,2025.0,1111000000.0,1879000000.0,,3121000000.0,5140000000.0
AXON,Axon Enterprise,2023-05-04,Industrials,Scottsdale,Arizona,2021.0,,,,,
AXON,Axon Enterprise,2023-05-04,Industrials,Scottsdale,Arizona,2022.0,146930000.0,92973000.0,233810000.0,726113000.0,1187143000.0
AXON,Axon Enterprise,2023-05-04,Industrials,Scottsdale,Arizona,2023.0,175783000.0,156850000.0,303719000.0,955453000.0,1560699000.0
AXON,Axon Enterprise,2023-05-04,Industrials,Scottsdale,Arizona,2024.0,377034000.0,58540000.0,441593000.0,1241380000.0,2082526000.0
AXON,Axon Enterprise,2023-05-04,Industrials,Scottsdale,Arizona,2025.0,124656000.0,-62076000.0,684308000.0,1658125000.0,2779536000.0
AXP,American Express,1976-06-30,Financials,New York City,New York,2021.0,,,,,
AXP,American Express,1976-06-30,Financials,New York City,New York,2022.0,7514000000.0,,,,52862000000.0
AXP,American Express,1976-06-30,Financials,New York City,New York,2023.0,8374000000.0,,,,60515000000.0
AXP,American Express,1976-06-30,Financials,New York City,New York,2024.0,10129000000.0,,,,65949000000.0
AXP,American Express,1976-06-30,Financials,New York City,New York,2025.0,10833000000.0,,,,72230000000.0
AZO,AutoZone,1997-01-02,Consumer Discretionary,Memphis,Tennessee,2021.0,,,,,
AZO,AutoZone,1997-01-02,Consumer Discretionary,Memphis,Tennessee,2022.0,2429604000.0,3270729000.0,,8472650000.0,16252230000.0
AZO,AutoZone,1997-01-02,Consumer Discretionary,Memphis,Tennessee,2023.0,2528426000.0,3473986000.0,,9070422000.0,17457209000.0
AZO,AutoZone,1997-01-02,Consumer Discretionary,Memphis,Tennessee,2024.0,2662427000.0,3788708000.0,,9817052000.0,18490268000.0
AZO,AutoZone,1997-01-02,Consumer Discretionary,Memphis,Tennessee,2025.0,2498247000.0,3610156000.0,,9966474000.0,18938717000.0
BA,Boeing,1957-03-04,Industrials,Arlington,Virginia,2022.0,-4935000000.0,-3509000000.0,2852000000.0,3530000000.0,66608000000.0
BA,Boeing,1957-03-04,Industrials,Arlington,Virginia,2023.0,-2222000000.0,-821000000.0,3377000000.0,7724000000.0,77794000000.0
BA,Boeing,1957-03-04,Industrials,Arlington,Virginia,2024.0,-11817000000.0,-10824000000.0,3812000000.0,-1991000000.0,66517000000.0
BA,Boeing,1957-03-04,Industrials,Arlington,Virginia,2025.0,2235000000.0,-5416000000.0,3615000000.0,4289000000.0,89463000000.0
BAC,Bank of America,1976-06-30,Financials,Charlotte,North Carolina,2021.0,31978000000.0,,,,89113000000.0
BAC,Bank of America,1976-06-30,Financials,Charlotte,North Carolina,2022.0,27528000000.0,,,,94950000000.0
BAC,Bank of America,1976-06-30,Financials,Charlotte,North Carolina,2023.0,26515000000.0,,,,98581000000.0
BAC,Bank of America,1976-06-30,Financials,Charlotte,North Carolina,2024.0,27132000000.0,,,,101887000000.0
BAC,Bank of America,1976-06-30,Financials,Charlotte,North Carolina,2025.0,,,,,
BALL,Ball Corporation,1984-10-31,Materials,Broomfield,Colorado,2021.0,878000000.0,1433000000.0,,2726000000.0,13811000000.0
BALL,Ball Corporation,1984-10-31,Materials,Broomfield,Colorado,2022.0,719000000.0,1101000000.0,,2250000000.0,13372000000.0
BALL,Ball Corporation,1984-10-31,Materials,Broomfield,Colorado,2023.0,707000000.0,1171000000.0,,2308000000.0,12062000000.0
BALL,Ball Corporation,1984-10-31,Materials,Broomfield,Colorado,2024.0,4008000000.0,1183000000.0,,2441000000.0,11795000000.0
BAX,Baxter International,1972-09-30,Health Care,Deerfield,Illinois,2021.0,,,,,
BAX,Baxter International,1972-09-30,Health Care,Deerfield,Illinois,2022.0,-2433000000.0,-33000000.0,450000000.0,3549000000.0,10057000000.0
BAX,Baxter International,1972-09-30,Health Care,Deerfield,Illinois,2023.0,2656000000.0,707000000.0,518000000.0,4150000000.0,10360000000.0
BAX,Baxter International,1972-09-30,Health Care,Deerfield,Illinois,2024.0,-649000000.0,439000000.0,590000000.0,3984000000.0,10636000000.0
BAX,Baxter International,1972-09-30,Health Care,Deerfield,Illinois,2025.0,-957000000.0,177000000.0,518000000.0,3379000000.0,11244000000.0
BBY,Best Buy,1999-06-29,Consumer Discretionary,Richfield,Minnesota,2022.0,2454000000.0,3005000000.0,,11640000000.0,51761000000.0
BBY,Best Buy,1999-06-29,Consumer Discretionary,Richfield,Minnesota,2023.0,1419000000.0,1942000000.0,,9912000000.0,46298000000.0
BBY,Best Buy,1999-06-29,Consumer Discretionary,Richfield,Minnesota,2024.0,1241000000.0,1727000000.0,,9603000000.0,43452000000.0
BBY,Best Buy,1999-06-29,Consumer Discretionary,Richfield,Minnesota,2025.0,927000000.0,1734000000.0,,9385000000.0,41528000000.0
BDX,Becton Dickinson,1972-09-30,Health Care,Franklin Lakes,New Jersey,2021.0,,,,,
BDX,Becton Dickinson,1972-09-30,Health Care,Franklin Lakes,New Jersey,2022.0,1779000000.0,2475000000.0,1256000000.0,8477000000.0,18870000000.0
BDX,Becton Dickinson,1972-09-30,Health Care,Franklin Lakes,New Jersey,2023.0,1484000000.0,2424000000.0,1237000000.0,8170000000.0,19372000000.0
BDX,Becton Dickinson,1972-09-30,Health Care,Franklin Lakes,New Jersey,2024.0,1705000000.0,2856000000.0,1190000000.0,9125000000.0,20178000000.0
BDX,Becton Dickinson,1972-09-30,Health Care,Franklin Lakes,New Jersey,2025.0,1678000000.0,2986000000.0,1265000000.0,9925000000.0,21840000000.0
BEN,Franklin Resources,1998-04-30,Financials,San Mateo,California,2021.0,,,,,
BEN,Franklin Resources,1998-04-30,Financials,San Mateo,California,2022.0,1291900000.0,1945300000.0,,6848900000.0,8275300000.0
BEN,Franklin Resources,1998-04-30,Financials,San Mateo,California,2023.0,882800000.0,1436900000.0,,6349900000.0,7849400000.0
BEN,Franklin Resources,1998-04-30,Financials,San Mateo,California,2024.0,464800000.0,1157900000.0,,6791400000.0,8478000000.0
BEN,Franklin Resources,1998-04-30,Financials,San Mateo,California,2025.0,524900000.0,1099800000.0,,7046700000.0,8770700000.0
BF.B,Brown–Forman,1982-10-31,Consumer Staples,Louisville,Kentucky,,,,,,
BG,Bunge Global,2023-03-15,Consumer Staples,Chesterfield,Missouri,2021.0,,,,,
BG,Bunge Global,2023-03-15,Consumer Staples,Chesterfield,Missouri,2022.0,1610000000.0,2313000000.0,,3682000000.0,67232000000.0
BG,Bunge Global,2023-03-15,Consumer Staples,Chesterfield,Missouri,2023.0,2243000000.0,3130000000.0,,4845000000.0,59540000000.0
BG,Bunge Global,2023-03-15,Consumer Staples,Chesterfield,Missouri,2024.0,1137000000.0,1617000000.0,,3393000000.0,53108000000.0
BG,Bunge Global,2023-03-15,Consumer Staples,Chesterfield,Missouri,2025.0,816000000.0,1296000000.0,,3409000000.0,70329000000.0
BIIB,Biogen,2003-11-13,Health Care,Cambridge,Massachusetts,2021.0,,,,,
BIIB,Biogen,2003-11-13,Health Care,Cambridge,Massachusetts,2022.0,3046900000.0,2901900000.0,2231100000.0,7895100000.0,10173400000.0
BIIB,Biogen,2003-11-13,Health Care,Cambridge,Massachusetts,2023.0,1161100000.0,1847700000.0,2445400000.0,7302200000.0,9835600000.0
BIIB,Biogen,2003-11-13,Health Care,Cambridge,Massachusetts,2024.0,1632200000.0,2280400000.0,1980300000.0,7365500000.0,9675900000.0
BIIB,Biogen,2003-11-13,Health Care,Cambridge,Massachusetts,2025.0,1292900000.0,2469000000.0,1778600000.0,7486400000.0,9890600000.0
BK,BNY Mellon,1995-03-31,Financials,New York City,New York,2021.0,3759000000.0,,,,15633000000.0
BK,BNY Mellon,1995-03-31,Financials,New York City,New York,2022.0,2556000000.0,,,,16186000000.0
BK,BNY Mellon,1995-03-31,Financials,New York City,New York,2023.0,3302000000.0,,,,17488000000.0
BK,BNY Mellon,1995-03-31,Financials,New York City,New York,2024.0,4530000000.0,,,,18258000000.0
BK,BNY Mellon,1995-03-31,Financials,New York City,New York,2025.0,,,,,
BKNG,Booking Holdings,2009-11-06,Consumer Discretionary,Norwalk,Connecticut,2021.0,,,,,
BKNG,Booking Holdings,2009-11-06,Consumer Discretionary,Norwalk,Connecticut,2022.0,3058000000.0,5102000000.0,,,17090000000.0
BKNG,Booking Holdings,2009-11-06,Consumer Discretionary,Norwalk,Connecticut,2023.0,4289000000.0,5835000000.0,,,21365000000.0
BKNG,Booking Holdings,2009-11-06,Consumer Discretionary,Norwalk,Connecticut,2024.0,5882000000.0,7555000000.0,,,23739000000.0
BKNG,Booking Holdings,2009-11-06,Consumer Discretionary,Norwalk,Connecticut,2025.0,5404000000.0,9282000000.0,,,26917000000.0
BKR,Baker Hughes,2017-07-07,Energy,Houston,Texas,2021.0,,,,,
BKR,Baker Hughes,2017-07-07,Energy,Houston,Texas,2022.0,-601000000.0,1890000000.0,,4400000000.0,21156000000.0
BKR,Baker Hughes,2017-07-07,Energy,Houston,Texas,2023.0,1943000000.0,2640000000.0,651000000.0,5902000000.0,25506000000.0
BKR,Baker Hughes,2017-07-07,Energy,Houston,Texas,2024.0,2979000000.0,3382000000.0,643000000.0,6483000000.0,27829000000.0
BKR,Baker Hughes,2017-07-07,Energy,Houston,Texas,2025.0,2588000000.0,3557000000.0,600000000.0,6544000000.0,27733000000.0
BLDR,Builders FirstSource,2023-12-18,Industrials,Irving,Texas,2021.0,,,,,
BLDR,Builders FirstSource,2023-12-18,Industrials,Irving,Texas,2022.0,2749369000.0,3770206000.0,,7744379000.0,22726418000.0
BLDR,Builders FirstSource,2023-12-18,Industrials,Irving,Texas,2023.0,1540555000.0,2176319000.0,,6012334000.0,17097330000.0
BLDR,Builders FirstSource,2023-12-18,Industrials,Irving,Texas,2024.0,1077898000.0,1595249000.0,,5383044000.0,16400492000.0
BLDR,Builders FirstSource,2023-12-18,Industrials,Irving,Texas,2025.0,435199000.0,786276000.0,,4615777000.0,15190638000.0
BLK,BlackRock,2011-04-04,Financials,New York City,New York,2021.0,5901000000.0,7450000000.0,,9818000000.0,19374000000.0
BLK,BlackRock,2011-04-04,Financials,New York City,New York,2022.0,5178000000.0,6476000000.0,,8684000000.0,17873000000.0
BLK,BlackRock,2011-04-04,Financials,New York City,New York,2023.0,5502000000.0,6333000000.0,,8582000000.0,17859000000.0
BLK,BlackRock,2011-04-04,Financials,New York City,New York,2024.0,6369000000.0,7538000000.0,,10086000000.0,20407000000.0
BMY,Bristol Myers Squibb,1957-03-04,Health Care,New York City,New York,2021.0,,,,,
BMY,Bristol Myers Squibb,1957-03-04,Health Care,New York City,New York,2022.0,6327000000.0,9104000000.0,9509000000.0,36022000000.0,46159000000.0
BMY,Bristol Myers Squibb,1957-03-04,Health Care,New York City,New York,2023.0,8025000000.0,8195000000.0,9299000000.0,34313000000.0,45006000000.0
BMY,Bristol Myers Squibb,1957-03-04,Health Care,New York City,New York,2024.0,-8948000000.0,5887000000.0,11159000000.0,34332000000.0,48300000000.0
BMY,Bristol Myers Squibb,1957-03-04,Health Care,New York City,New York,2025.0,7054000000.0,13724000000.0,9951000000.0,34259000000.0,48195000000.0
BR,Broadridge Financial Solutions,2018-06-18,Industrials,Lake Success,New York,2022.0,539100000.0,759900000.0,,1592200000.0,5709100000.0
BR,Broadridge Financial Solutions,2018-06-18,Industrials,Lake Success,New York,2023.0,630600000.0,936400000.0,,1785400000.0,6060900000.0
BR,Broadridge Financial Solutions,2018-06-18,Industrials,Lake Success,New York,2024.0,698100000.0,1017100000.0,,1933900000.0,6506800000.0
BR,Broadridge Financial Solutions,2018-06-18,Industrials,Lake Success,New York,2025.0,839500000.0,1188600000.0,,2136800000.0,6889100000.0
BRK.B,Berkshire Hathaway,2010-02-16,Financials,Omaha,Nebraska,,,,,,
BRO,Brown & Brown,2021-09-20,Financials,Daytona Beach,Florida,2022.0,672000000.0,963000000.0,,1746000000.0,3563000000.0
BRO,Brown & Brown,2021-09-20,Financials,Daytona Beach,Florida,2023.0,871000000.0,1156000000.0,,2012000000.0,4199000000.0
BRO,Brown & Brown,2021-09-20,Financials,Daytona Beach,Florida,2024.0,993000000.0,1367000000.0,,2299000000.0,4705000000.0
BRO,Brown & Brown,2021-09-20,Financials,Daytona Beach,Florida,2025.0,1054000000.0,1502000000.0,,2828000000.0,5763000000.0
BSX,Boston Scientific,1995-02-24,Health Care,Marlborough,Massachusetts,2021.0,,,,,
BSX,Boston Scientific,1995-02-24,Health Care,Marlborough,Massachusetts,2022.0,698000000.0,2034000000.0,1323000000.0,8727000000.0,12682000000.0
BSX,Boston Scientific,1995-02-24,Health Care,Marlborough,Massachusetts,2023.0,1593000000.0,2417000000.0,1414000000.0,9895000000.0,14240000000.0
BSX,Boston Scientific,1995-02-24,Health Care,Marlborough,Massachusetts,2024.0,1854000000.0,3002000000.0,1615000000.0,11490000000.0,16747000000.0
BSX,Boston Scientific,1995-02-24,Health Care,Marlborough,Massachusetts,2025.0,2898000000.0,3971000000.0,2052000000.0,13853000000.0,20074000000.0
BX,Blackstone Inc.,2023-09-18,Financials,New York City,New York,2021.0,5857397000.0,,,,16652351000.0
BX,Blackstone Inc.,2023-09-18,Financials,New York City,New York,2022.0,1747631000.0,,,,7132632000.0
BX,Blackstone Inc.,2023-09-18,Financials,New York City,New York,2023.0,1390880000.0,,,,7006649000.0
BX,Blackstone Inc.,2023-09-18,Financials,New York City,New York,2024.0,2776508000.0,,,,10930540000.0
BXP,"BXP, Inc.",2006-04-03,Real Estate,Boston,Massachusetts,2021.0,505195000.0,973076000.0,,1854472000.0,2888621000.0
BXP,"BXP, Inc.",2006-04-03,Real Estate,Boston,Massachusetts,2022.0,848947000.0,1061430000.0,,1973033000.0,3108581000.0
BXP,"BXP, Inc.",2006-04-03,Real Estate,Boston,Massachusetts,2023.0,190215000.0,1038655000.0,,2057397000.0,3273569000.0
BXP,"BXP, Inc.",2006-04-03,Real Estate,Boston,Massachusetts,2024.0,14272000.0,1021931000.0,,2085593000.0,3407719000.0
C,Citigroup,1988-05-31,Financials,New York City,New York,2022.0,14845000000.0,,,,74480000000.0
C,Citigroup,1988-05-31,Financials,New York City,New York,2023.0,9228000000.0,,,,78090000000.0
C,Citigroup,1988-05-31,Financials,New York City,New York,2024.0,12682000000.0,,,,80672000000.0
C,Citigroup,1988-05-31,Financials,New York City,New York,2025.0,14306000000.0,,,,85213000000.0
CAG,Conagra Brands,1983-08-31,Consumer Staples,Chicago,Illinois,2021.0,,,,,
CAG,Conagra Brands,1983-08-31,Consumer Staples,Chicago,Illinois,2022.0,888200000.0,1346000000.0,,2838800000.0,11535900000.0
CAG,Conagra Brands,1983-08-31,Consumer Staples,Chicago,Illinois,2023.0,683600000.0,1832900000.0,,3264800000.0,12277000000.0
CAG,Conagra Brands,1983-08-31,Consumer Staples,Chicago,Illinois,2024.0,347200000.0,1845900000.0,,3333400000.0,12050900000.0
CAG,Conagra Brands,1983-08-31,Consumer Staples,Chicago,Illinois,2025.0,1152400000.0,1466200000.0,,3003500000.0,11612800000.0
CAH,Cardinal Health,1997-05-27,Health Care,Dublin,Ohio,2021.0,,,,,
CAH,Cardinal Health,1997-05-27,Health Care,Dublin,Ohio,2022.0,-938000000.0,1648000000.0,,6484000000.0,181326000000.0
CAH,Cardinal Health,1997-05-27,Health Care,Dublin,Ohio,2023.0,330000000.0,1789000000.0,,6874000000.0,204979000000.0
CAH,Cardinal Health,1997-05-27,Health Care,Dublin,Ohio,2024.0,852000000.0,2130000000.0,,7414000000.0,226827000000.0
CAH,Cardinal Health,1997-05-27,Health Care,Dublin,Ohio,2025.0,1561000000.0,2322000000.0,,8168000000.0,222578000000.0
CARR,Carrier Global,2020-04-03,Industrials,Palm Beach Gardens,Florida,2021.0,,,,,
CARR,Carrier Global,2020-04-03,Industrials,Palm Beach Gardens,Florida,2022.0,3534000000.0,1904000000.0,416000000.0,4297000000.0,17288000000.0
CARR,Carrier Global,2020-04-03,Industrials,Palm Beach Gardens,Florida,2023.0,1349000000.0,2062000000.0,493000000.0,5162000000.0,18951000000.0
CARR,Carrier Global,2020-04-03,Industrials,Palm Beach Gardens,Florida,2024.0,5604000000.0,2098000000.0,686000000.0,5981000000.0,22486000000.0
CARR,Carrier Global,2020-04-03,Industrials,Palm Beach Gardens,Florida,2025.0,1484000000.0,1907000000.0,625000000.0,5624000000.0,21747000000.0
CAT,Caterpillar Inc.,1957-03-04,Industrials,Irving,Texas,2021.0,,,,,
CAT,Caterpillar Inc.,1957-03-04,Industrials,Irving,Texas,2022.0,6705000000.0,8829000000.0,1814000000.0,17512000000.0,59427000000.0
CAT,Caterpillar Inc.,1957-03-04,Industrials,Irving,Texas,2023.0,10335000000.0,12966000000.0,2108000000.0,23263000000.0,67060000000.0
CAT,Caterpillar Inc.,1957-03-04,Industrials,Irving,Texas,2024.0,10792000000.0,13072000000.0,2107000000.0,23324000000.0,64809000000.0
CAT,Caterpillar Inc.,1957-03-04,Industrials,Irving,Texas,2025.0,8884000000.0,11151000000.0,2148000000.0,21478000000.0,67589000000.0
CB,Chubb Limited,2010-07-15,Financials,Zurich,Switzerland,2021.0,8525000000.0,,,,40770000000.0
CB,Chubb Limited,2010-07-15,Financials,Zurich,Switzerland,2022.0,5246000000.0,,,,42975000000.0
CB,Chubb Limited,2010-07-15,Financials,Zurich,Switzerland,2023.0,9028000000.0,,,,50133000000.0
CB,Chubb Limited,2010-07-15,Financials,Zurich,Switzerland,2024.0,9272000000.0,,,,56150000000.0
CBOE,Cboe Global Markets,2017-03-01,Financials,Chicago,Illinois,2021.0,,,,,
CBOE,Cboe Global Markets,2017-03-01,Financials,Chicago,Illinois,2022.0,235000000.0,970400000.0,,1378700000.0,3958500000.0
CBOE,Cboe Global Markets,2017-03-01,Financials,Chicago,Illinois,2023.0,761400000.0,1065300000.0,,1492200000.0,3773500000.0
CBOE,Cboe Global Markets,2017-03-01,Financials,Chicago,Illinois,2024.0,764900000.0,1180700000.0,,1610000000.0,4094500000.0
CBOE,Cboe Global Markets,2017-03-01,Financials,Chicago,Illinois,2025.0,1100000000.0,1514100000.0,,1928300000.0,4714200000.0
CBRE,CBRE Group,2006-11-10,Real Estate,Dallas,Texas,2021.0,,,,,
CBRE,CBRE Group,2006-11-10,Real Estate,Dallas,Texas,2022.0,1407000000.0,1327000000.0,,6589000000.0,30828000000.0
CBRE,CBRE Group,2006-11-10,Real Estate,Dallas,Texas,2023.0,986000000.0,1090000000.0,,6274000000.0,31949000000.0
CBRE,CBRE Group,2006-11-10,Real Estate,Dallas,Texas,2024.0,968000000.0,1271000000.0,,6956000000.0,35767000000.0
CBRE,CBRE Group,2006-11-10,Real Estate,Dallas,Texas,2025.0,1157000000.0,1294000000.0,,7566000000.0,40550000000.0
CCI,Crown Castle,2012-03-14,Real Estate,Houston,Texas,2021.0,,,,,
CCI,Crown Castle,2012-03-14,Real Estate,Houston,Texas,2022.0,1675000000.0,2433000000.0,,4918000000.0,6986000000.0
CCI,Crown Castle,2012-03-14,Real Estate,Houston,Texas,2023.0,1502000000.0,2180000000.0,,3469000000.0,4734000000.0
CCI,Crown Castle,2012-03-14,Real Estate,Houston,Texas,2024.0,-3903000000.0,2199000000.0,,3370000000.0,4460000000.0
CCI,Crown Castle,2012-03-14,Real Estate,Houston,Texas,2025.0,444000000.0,2086000000.0,,3159000000.0,4264000000.0
CCL,Carnival,1998-12-22,Consumer Discretionary,Miami,Florida,2021.0,,,,,
CCL,Carnival,1998-12-22,Consumer Discretionary,Miami,Florida,2022.0,-6093000000.0,-4378000000.0,,412000000.0,12169000000.0
CCL,Carnival,1998-12-22,Consumer Discretionary,Miami,Florida,2023.0,-74000000.0,1956000000.0,,7276000000.0,21593000000.0
CCL,Carnival,1998-12-22,Consumer Discretionary,Miami,Florida,2024.0,1916000000.0,3574000000.0,,9383000000.0,25021000000.0
CCL,Carnival,1998-12-22,Consumer Discretionary,Miami,Florida,2025.0,2760000000.0,4482000000.0,,10674000000.0,26621000000.0
CDNS,Cadence Design Systems,2017-09-18,Information Technology,San Jose,California,2022.0,848952000.0,1073741000.0,1251544000.0,3190095000.0,3561718000.0
CDNS,Cadence Design Systems,2017-09-18,Information Technology,San Jose,California,2023.0,1041144000.0,1262238000.0,1441796000.0,3654945000.0,4089986000.0
CDNS,Cadence Design Systems,2017-09-18,Information Technology,San Jose,California,2024.0,1055484000.0,1382850000.0,1549093000.0,3993762000.0,4641264000.0
CDNS,Cadence Design Systems,2017-09-18,Information Technology,San Jose,California,2025.0,1108888000.0,1649781000.0,1768772000.0,4574510000.0,5296759000.0
CDW,CDW Corporation,2019-09-23,Information Technology,Vernon Hills,Illinois,2021.0,,,,,
CDW,CDW Corporation,2019-09-23,Information Technology,Vernon Hills,Illinois,2022.0,1114500000.0,1735200000.0,,4686600000.0,23748700000.0
CDW,CDW Corporation,2019-09-23,Information Technology,Vernon Hills,Illinois,2023.0,1104300000.0,1680900000.0,,4652400000.0,21376000000.0
CDW,CDW Corporation,2019-09-23,Information Technology,Vernon Hills,Illinois,2024.0,1077800000.0,1651300000.0,,4602400000.0,20998700000.0
CDW,CDW Corporation,2019-09-23,Information Technology,Vernon Hills,Illinois,2025.0,1066600000.0,1655600000.0,,4873400000.0,22424100000.0
CEG,Constellation Energy,2022-02-02,Utilities,Baltimore,Maryland,2021.0,,,,,
CEG,Constellation Energy,2022-02-02,Utilities,Baltimore,Maryland,2022.0,-160000000.0,-408000000.0,,2137000000.0,24440000000.0
CEG,Constellation Energy,2022-02-02,Utilities,Baltimore,Maryland,2023.0,1623000000.0,2386000000.0,,3232000000.0,24918000000.0
CEG,Constellation Energy,2022-02-02,Utilities,Baltimore,Maryland,2024.0,3749000000.0,4848000000.0,,5990000000.0,23568000000.0
CEG,Constellation Energy,2022-02-02,Utilities,Baltimore,Maryland,2025.0,2319000000.0,4198000000.0,,4693000000.0,25533000000.0
CF,CF Industries,2008-08-27,Materials,Deerfield,Illinois,2021.0,,,,,
CF,CF Industries,2008-08-27,Materials,Deerfield,Illinois,2022.0,3346000000.0,5571000000.0,,5861000000.0,11186000000.0
CF,CF Industries,2008-08-27,Materials,Deerfield,Illinois,2023.0,1525000000.0,2252000000.0,,2545000000.0,6631000000.0
CF,CF Industries,2008-08-27,Materials,Deerfield,Illinois,2024.0,1218000000.0,1711000000.0,,2056000000.0,5936000000.0
CF,CF Industries,2008-08-27,Materials,Deerfield,Illinois,2025.0,1455000000.0,2375000000.0,,2724000000.0,7084000000.0
CFG,Citizens Financial Group,2016-01-29,Financials,Providence,Rhode Island,2021.0,,,,,
CFG,Citizens Financial Group,2016-01-29,Financials,Providence,Rhode Island,2022.0,2073000000.0,,,,8021000000.0
CFG,Citizens Financial Group,2016-01-29,Financials,Providence,Rhode Island,2023.0,1608000000.0,,,,8224000000.0
CFG,Citizens Financial Group,2016-01-29,Financials,Providence,Rhode Island,2024.0,1509000000.0,,,,7809000000.0
CFG,Citizens Financial Group,2016-01-29,Financials,Providence,Rhode Island,2025.0,1831000000.0,,,,8247000000.0
CHD,Church & Dwight,2015-12-29,Consumer Staples,Ewing,New Jersey,2022.0,413900000.0,1008800000.0,,2250000000.0,5375600000.0
CHD,Church & Dwight,2015-12-29,Consumer Staples,Ewing,New Jersey,2023.0,755600000.0,1057400000.0,,2588500000.0,5867900000.0
CHD,Church & Dwight,2015-12-29,Consumer Staples,Ewing,New Jersey,2024.0,585300000.0,1164200000.0,,2790100000.0,6107100000.0
CHD,Church & Dwight,2015-12-29,Consumer Staples,Ewing,New Jersey,2025.0,736800000.0,1077600000.0,,2774800000.0,6203200000.0
CHRW,C.H. Robinson,2007-03-02,Industrials,Eden Prairie,Minnesota,2022.0,940524000.0,1266782000.0,,1870197000.0,24696625000.0
CHRW,C.H. Robinson,2007-03-02,Industrials,Eden Prairie,Minnesota,2023.0,325129000.0,514607000.0,,1138873000.0,17596443000.0
CHRW,C.H. Robinson,2007-03-02,Industrials,Eden Prairie,Minnesota,2024.0,465690000.0,669141000.0,,1308765000.0,17724956000.0
CHRW,C.H. Robinson,2007-03-02,Industrials,Eden Prairie,Minnesota,2025.0,587081000.0,794961000.0,,1359252000.0,16232763000.0
CHTR,Charter Communications,2016-09-08,Communication Services,Stamford,Connecticut,2021.0,,,,,
CHTR,Charter Communications,2016-09-08,Communication Services,Stamford,Connecticut,2022.0,5055000000.0,12243000000.0,,29511000000.0,54022000000.0
CHTR,Charter Communications,2016-09-08,Communication Services,Stamford,Connecticut,2023.0,4557000000.0,12506000000.0,,29907000000.0,54607000000.0
CHTR,Charter Communications,2016-09-08,Communication Services,Stamford,Connecticut,2024.0,5083000000.0,13245000000.0,,30736000000.0,55085000000.0
CHTR,Charter Communications,2016-09-08,Communication Services,Stamford,Connecticut,2025.0,4987000000.0,13324000000.0,,30968000000.0,54774000000.0
CI,Cigna,1976-06-30,Health Care,Bloomfield,Connecticut,2021.0,5370000000.0,,,,174267000000.0
CI,Cigna,1976-06-30,Health Care,Bloomfield,Connecticut,2022.0,6704000000.0,,,,180031000000.0
CI,Cigna,1976-06-30,Health Care,Bloomfield,Connecticut,2023.0,5164000000.0,,,,195187000000.0
CI,Cigna,1976-06-30,Health Care,Bloomfield,Connecticut,2024.0,3434000000.0,,,,244384000000.0
CI,Cigna,1976-06-30,Health Care,Bloomfield,Connecticut,2025.0,,,,,
CIEN,Ciena,2026-02-09,Information Technology,Hanover,Maryland,2021.0,,,,,
CIEN,Ciena,2026-02-09,Information Technology,Hanover,Maryland,2022.0,152902000.0,257230000.0,624656000.0,1560344000.0,3632661000.0
CIEN,Ciena,2026-02-09,Information Technology,Hanover,Maryland,2023.0,254827000.0,384853000.0,750559000.0,1878851000.0,4386549000.0
CIEN,Ciena,2026-02-09,Information Technology,Hanover,Maryland,2024.0,83956000.0,191209000.0,767497000.0,1719590000.0,4014955000.0
CIEN,Ciena,2026-02-09,Information Technology,Hanover,Maryland,2025.0,123338000.0,310792000.0,848329000.0,2004917000.0,4769507000.0
CINF,Cincinnati Financial,1997-12-18,Financials,Fairfield,Ohio,2022.0,-487000000.0,,,,6563000000.0
CINF,Cincinnati Financial,1997-12-18,Financials,Fairfield,Ohio,2023.0,1843000000.0,,,,10013000000.0
CINF,Cincinnati Financial,1997-12-18,Financials,Fairfield,Ohio,2024.0,2292000000.0,,,,11337000000.0
CINF,Cincinnati Financial,1997-12-18,Financials,Fairfield,Ohio,2025.0,2393000000.0,,,,12631000000.0
CL,Colgate-Palmolive,1957-03-04,Consumer Staples,New York City,New York,2021.0,,,,,
CL,Colgate-Palmolive,1957-03-04,Consumer Staples,New York City,New York,2022.0,1785000000.0,3617000000.0,,10248000000.0,17967000000.0
CL,Colgate-Palmolive,1957-03-04,Consumer Staples,New York City,New York,2023.0,2300000000.0,4085000000.0,,11326000000.0,19457000000.0
CL,Colgate-Palmolive,1957-03-04,Consumer Staples,New York City,New York,2024.0,2889000000.0,4330000000.0,,12161000000.0,20101000000.0
CL,Colgate-Palmolive,1957-03-04,Consumer Staples,New York City,New York,2025.0,2132000000.0,4233000000.0,,12251000000.0,20382000000.0
CLX,Clorox,1969-03-31,Consumer Staples,Oakland,California,2021.0,,,,,
CLX,Clorox,1969-03-31,Consumer Staples,Oakland,California,2022.0,462000000.0,719000000.0,132000000.0,2545000000.0,7107000000.0
CLX,Clorox,1969-03-31,Consumer Staples,Oakland,California,2023.0,149000000.0,823000000.0,138000000.0,2908000000.0,7389000000.0
CLX,Clorox,1969-03-31,Consumer Staples,Oakland,California,2024.0,280000000.0,723000000.0,126000000.0,3048000000.0,7093000000.0
CLX,Clorox,1969-03-31,Consumer Staples,Oakland,California,2025.0,810000000.0,1177000000.0,121000000.0,3213000000.0,7104000000.0
CMCSA,Comcast,2002-11-19,Communication Services,Philadelphia,Pennsylvania,2021.0,,,,,
CMCSA,Comcast,2002-11-19,Communication Services,Philadelphia,Pennsylvania,2022.0,5370000000.0,22624000000.0,,83214000000.0,121427000000.0
CMCSA,Comcast,2002-11-19,Communication Services,Philadelphia,Pennsylvania,2023.0,15388000000.0,23313000000.0,,84810000000.0,121572000000.0
CMCSA,Comcast,2002-11-19,Communication Services,Philadelphia,Pennsylvania,2024.0,16192000000.0,23298000000.0,,86705000000.0,123731000000.0
CMCSA,Comcast,2002-11-19,Communication Services,Philadelphia,Pennsylvania,2025.0,19998000000.0,20670000000.0,,88756000000.0,123707000000.0
CME,CME Group,2006-08-11,Financials,Chicago,Illinois,2021.0,,,,,
CME,CME Group,2006-08-11,Financials,Chicago,Illinois,2022.0,2691000000.0,3015900000.0,,4266300000.0,5019400000.0
CME,CME Group,2006-08-11,Financials,Chicago,Illinois,2023.0,3226200000.0,3435700000.0,,4750300000.0,5578900000.0
CME,CME Group,2006-08-11,Financials,Chicago,Illinois,2024.0,3525800000.0,3931500000.0,,5279800000.0,6130100000.0
CME,CME Group,2006-08-11,Financials,Chicago,Illinois,2025.0,4072200000.0,4229500000.0,,5613600000.0,6520600000.0
CMG,Chipotle Mexican Grill,2011-04-28,Consumer Discretionary,Newport Beach,California,2021.0,,,,,
CMG,Chipotle Mexican Grill,2011-04-28,Consumer Discretionary,Newport Beach,California,2022.0,899101000.0,1211102000.0,,2062119000.0,8634652000.0
CMG,Chipotle Mexican Grill,2011-04-28,Consumer Discretionary,Newport Beach,California,2023.0,1228737000.0,1633114000.0,,2586092000.0,9871649000.0
CMG,Chipotle Mexican Grill,2011-04-28,Consumer Discretionary,Newport Beach,California,2024.0,1534110000.0,1985179000.0,,3017692000.0,11313853000.0
CMG,Chipotle Mexican Grill,2011-04-28,Consumer Discretionary,Newport Beach,California,2025.0,1535761000.0,2012808000.0,,3026207000.0,11925601000.0
CMI,Cummins,1965-03-31,Industrials,Columbus,Indiana,2021.0,,,,,
CMI,Cummins,1965-03-31,Industrials,Columbus,Indiana,2022.0,2151000000.0,2580000000.0,1278000000.0,6719000000.0,28074000000.0
CMI,Cummins,1965-03-31,Industrials,Columbus,Indiana,2023.0,735000000.0,1278000000.0,1500000000.0,8249000000.0,34065000000.0
CMI,Cummins,1965-03-31,Industrials,Columbus,Indiana,2024.0,3946000000.0,3372000000.0,1463000000.0,8439000000.0,34102000000.0
CMI,Cummins,1965-03-31,Industrials,Columbus,Indiana,2025.0,2843000000.0,3865000000.0,1396000000.0,8516000000.0,33670000000.0
CMS,CMS Energy,1957-03-04,Utilities,Jackson,Michigan,2021.0,,,,,
CMS,CMS Energy,1957-03-04,Utilities,Jackson,Michigan,2022.0,837000000.0,1224000000.0,,2762000000.0,8596000000.0
CMS,CMS Energy,1957-03-04,Utilities,Jackson,Michigan,2023.0,887000000.0,1235000000.0,,2862000000.0,7462000000.0
CMS,CMS Energy,1957-03-04,Utilities,Jackson,Michigan,2024.0,1003000000.0,1487000000.0,,3209000000.0,7515000000.0
CMS,CMS Energy,1957-03-04,Utilities,Jackson,Michigan,2025.0,1071000000.0,1727000000.0,,3546000000.0,8539000000.0
CNC,Centene Corporation,2016-03-30,Health Care,St. Louis,Missouri,2021.0,,,,,
CNC,Centene Corporation,2016-03-30,Health Care,St. Louis,Missouri,2022.0,1202000000.0,3636000000.0,,16656000000.0,144547000000.0
CNC,Centene Corporation,2016-03-30,Health Care,St. Louis,Missouri,2023.0,2702000000.0,3459000000.0,,17315000000.0,153999000000.0
CNC,Centene Corporation,2016-03-30,Health Care,St. Louis,Missouri,2024.0,3305000000.0,3188000000.0,,16829000000.0,163071000000.0
CNC,Centene Corporation,2016-03-30,Health Care,St. Louis,Missouri,2025.0,-6674000000.0,-312000000.0,,13867000000.0,194777000000.0
CNP,CenterPoint Energy,1985-07-31,Utilities,Houston,Texas,2021.0,,,,,
CNP,CenterPoint Energy,1985-07-31,Utilities,Houston,Texas,2022.0,1057000000.0,1566000000.0,,3397000000.0,9321000000.0
CNP,CenterPoint Energy,1985-07-31,Utilities,Houston,Texas,2023.0,917000000.0,1760000000.0,,3686000000.0,8696000000.0
CNP,CenterPoint Energy,1985-07-31,Utilities,Houston,Texas,2024.0,1019000000.0,1990000000.0,,3976000000.0,8643000000.0
CNP,CenterPoint Energy,1985-07-31,Utilities,Houston,Texas,2025.0,1052000000.0,2110000000.0,,4216000000.0,9357000000.0
COF,Capital One,1998-07-01,Financials,Tysons Corner,Virginia,2021.0,,,,,
COF,Capital One,1998-07-01,Financials,Tysons Corner,Virginia,2022.0,7360000000.0,,,,34250000000.0
COF,Capital One,1998-07-01,Financials,Tysons Corner,Virginia,2023.0,4887000000.0,,,,36787000000.0
COF,Capital One,1998-07-01,Financials,Tysons Corner,Virginia,2024.0,4750000000.0,,,,39112000000.0
COF,Capital One,1998-07-01,Financials,Tysons Corner,Virginia,2025.0,2453000000.0,,,,53434000000.0
COIN,Coinbase,2025-05-19,Financials,New York City,New York,2021.0,,,,,
COIN,Coinbase,2025-05-19,Financials,New York City,New York,2022.0,-2624949000.0,-1947294000.0,2326354000.0,2564328000.0,3194208000.0
COIN,Coinbase,2025-05-19,Financials,New York City,New York,2023.0,94871000.0,-53743000.0,1324541000.0,1972833000.0,3108383000.0
COIN,Coinbase,2025-05-19,Financials,New York City,New York,2024.0,2579066000.0,2235435000.0,1468252000.0,4908731000.0,6564028000.0
COIN,Coinbase,2025-05-19,Financials,New York City,New York,2025.0,1260327000.0,1456145000.0,1670605000.0,5360105000.0,7181325000.0
COO,Cooper Companies (The),2016-09-23,Health Care,San Ramon,California,2021.0,,,,,
COO,Cooper Companies (The),2016-09-23,Health Care,San Ramon,California,2022.0,385800000.0,507600000.0,110300000.0,2139600000.0,3308400000.0
COO,Cooper Companies (The),2016-09-23,Health Care,San Ramon,California,2023.0,294200000.0,533100000.0,137400000.0,2357900000.0,3593200000.0
COO,Cooper Companies (The),2016-09-23,Health Care,San Ramon,California,2024.0,392300000.0,705700000.0,155100000.0,2595700000.0,3895400000.0
COO,Cooper Companies (The),2016-09-23,Health Care,San Ramon,California,2025.0,374900000.0,682900000.0,172200000.0,2682100000.0,4092400000.0
COP,ConocoPhillips,1957-03-04,Energy,Houston,Texas,2021.0,,,,,
COP,ConocoPhillips,1957-03-04,Energy,Houston,Texas,2022.0,18680000000.0,25462000000.0,,30013000000.0,78494000000.0
COP,ConocoPhillips,1957-03-04,Energy,Houston,Texas,2023.0,10957000000.0,15026000000.0,,18203000000.0,56141000000.0
COP,ConocoPhillips,1957-03-04,Energy,Houston,Texas,2024.0,9245000000.0,12783000000.0,,16383000000.0,54745000000.0
COP,ConocoPhillips,1957-03-04,Energy,Houston,Texas,2025.0,7988000000.0,11342000000.0,,14788000000.0,58944000000.0
COR,Cencora,2001-08-30,Health Care,Conshohocken,Pennsylvania,2021.0,,,,,
COR,Cencora,2001-08-30,Health Care,Conshohocken,Pennsylvania,2022.0,1698820000.0,2753510000.0,,8296367000.0,238587006000.0
COR,Cencora,2001-08-30,Health Care,Conshohocken,Pennsylvania,2023.0,1745293000.0,2685605000.0,,8959493000.0,262173411000.0
COR,Cencora,2001-08-30,Health Care,Conshohocken,Pennsylvania,2024.0,1509120000.0,3156949000.0,,9910029000.0,293958599000.0
COR,Cencora,2001-08-30,Health Care,Conshohocken,Pennsylvania,2025.0,1554169000.0,3933622000.0,,11478539000.0,321332819000.0
COST,Costco,1993-10-01,Consumer Staples,Issaquah,Washington,2021.0,,,,,
COST,Costco,1993-10-01,Consumer Staples,Issaquah,Washington,2022.0,5844000000.0,7793000000.0,,27572000000.0,226954000000.0
COST,Costco,1993-10-01,Consumer Staples,Issaquah,Washington,2023.0,6292000000.0,8114000000.0,,29704000000.0,242290000000.0
COST,Costco,1993-10-01,Consumer Staples,Issaquah,Washington,2024.0,7367000000.0,9285000000.0,,32095000000.0,254453000000.0
COST,Costco,1993-10-01,Consumer Staples,Issaquah,Washington,2025.0,8099000000.0,10383000000.0,,35349000000.0,275235000000.0
CPAY,Corpay,2018-06-20,Financials,Atlanta,Georgia,2021.0,839497000.0,1242556000.0,,2273917000.0,2833736000.0
CPAY,Corpay,2018-06-20,Financials,Atlanta,Georgia,2022.0,954327000.0,1446641000.0,,2662422000.0,3427129000.0
CPAY,Corpay,2018-06-20,Financials,Atlanta,Georgia,2023.0,981890000.0,1656873000.0,,2937811000.0,3757719000.0
CPAY,Corpay,2018-06-20,Financials,Atlanta,Georgia,2024.0,1003746000.0,1755847000.0,,3105504000.0,3974589000.0
CPB,Campbell's Company (The),1957-03-04,Consumer Staples,Camden,New Jersey,2021.0,,,,,
CPB,Campbell's Company (The),1957-03-04,Consumer Staples,Camden,New Jersey,2022.0,757000000.0,1148000000.0,87000000.0,2627000000.0,8562000000.0
CPB,Campbell's Company (The),1957-03-04,Consumer Staples,Camden,New Jersey,2023.0,858000000.0,1312000000.0,92000000.0,2917000000.0,9357000000.0
CPB,Campbell's Company (The),1957-03-04,Consumer Staples,Camden,New Jersey,2024.0,567000000.0,1226000000.0,102000000.0,2971000000.0,9636000000.0
CPB,Campbell's Company (The),1957-03-04,Consumer Staples,Camden,New Jersey,2025.0,602000000.0,1353000000.0,100000000.0,3119000000.0,10253000000.0
CPRT,Copart,2018-07-02,Industrials,Dallas,Texas,2021.0,,,,,
CPRT,Copart,2018-07-02,Industrials,Dallas,Texas,2022.0,1090130000.0,1374997000.0,,1606221000.0,3500921000.0
CPRT,Copart,2018-07-02,Industrials,Dallas,Texas,2023.0,1237741000.0,1486569000.0,,1736991000.0,3869518000.0
CPRT,Copart,2018-07-02,Industrials,Dallas,Texas,2024.0,1363020000.0,1572023000.0,,1907252000.0,4236823000.0
CPRT,Copart,2018-07-02,Industrials,Dallas,Texas,2025.0,1552449000.0,1696714000.0,,2099643000.0,4646958000.0
CPT,Camden Property Trust,2022-04-04,Real Estate,Houston,Texas,2021.0,,,,,
CPT,Camden Property Trust,2022-04-04,Real Estate,Houston,Texas,2022.0,653613000.0,261313000.0,,893558000.0,1422756000.0
CPT,Camden Property Trust,2022-04-04,Real Estate,Houston,Texas,2023.0,403309000.0,323816000.0,,957684000.0,1542027000.0
CPT,Camden Property Trust,2022-04-04,Real Estate,Houston,Texas,2024.0,163293000.0,297264000.0,,944506000.0,1543842000.0
CPT,Camden Property Trust,2022-04-04,Real Estate,Houston,Texas,2025.0,384462000.0,288906000.0,,966308000.0,1573544000.0
CRH,CRH plc,2025-12-22,Materials,Dublin,Ireland,2021.0,,,,,
CRH,CRH plc,2025-12-22,Materials,Dublin,Ireland,2022.0,3862000000.0,3759000000.0,,10815000000.0,32723000000.0
CRH,CRH plc,2025-12-22,Materials,Dublin,Ireland,2023.0,3154000000.0,4487000000.0,,11963000000.0,34949000000.0
CRH,CRH plc,2025-12-22,Materials,Dublin,Ireland,2024.0,3458000000.0,4922000000.0,,12701000000.0,35572000000.0
CRH,CRH plc,2025-12-22,Materials,Dublin,Ireland,2025.0,3730000000.0,5323000000.0,,13528000000.0,37447000000.0
CRL,Charles River Laboratories,2021-05-14,Health Care,Wilmington,Massachusetts,2022.0,486226000.0,650975000.0,,1462651000.0,3976060000.0
CRL,Charles River Laboratories,2021-05-14,Health Care,Wilmington,Massachusetts,2023.0,474624000.0,617261000.0,,1502556000.0,4129409000.0
CRL,Charles River Laboratories,2021-05-14,Health Care,Wilmington,Massachusetts,2024.0,10297000.0,442347000.0,,1331821000.0,4049989000.0
CRL,Charles River Laboratories,2021-05-14,Health Care,Wilmington,Massachusetts,2025.0,-144338000.0,401136000.0,,1323275000.0,4015382000.0
CRM,Salesforce,2008-09-15,Information Technology,San Francisco,California,2022.0,1444000000.0,548000000.0,4465000000.0,19466000000.0,26492000000.0
CRM,Salesforce,2008-09-15,Information Technology,San Francisco,California,2023.0,208000000.0,1858000000.0,5055000000.0,22992000000.0,31352000000.0
CRM,Salesforce,2008-09-15,Information Technology,San Francisco,California,2024.0,4136000000.0,5999000000.0,4906000000.0,26316000000.0,34857000000.0
CRM,Salesforce,2008-09-15,Information Technology,San Francisco,California,2025.0,6197000000.0,7666000000.0,5493000000.0,29252000000.0,37895000000.0
CRWD,CrowdStrike,2024-06-24,Information Technology,Austin,Texas,2022.0,-234802000.0,-142548000.0,371283000.0,1068373000.0,1451594000.0
CRWD,CrowdStrike,2024-06-24,Information Technology,Austin,Texas,2023.0,-183245000.0,-190112000.0,608364000.0,1640005000.0,2241236000.0
CRWD,CrowdStrike,2024-06-24,Information Technology,Austin,Texas,2024.0,89327000.0,-1995000.0,768497000.0,2299832000.0,3055555000.0
CRWD,CrowdStrike,2024-06-24,Information Technology,Austin,Texas,2025.0,-19271000.0,-120430000.0,1076901000.0,2962143000.0,3953624000.0
CSCO,Cisco,1993-12-01,Information Technology,San Jose,California,2022.0,11812000000.0,13975000000.0,6774000000.0,32248000000.0,51557000000.0
CSCO,Cisco,1993-12-01,Information Technology,San Jose,California,2023.0,12613000000.0,15562000000.0,7551000000.0,35753000000.0,56998000000.0
CSCO,Cisco,1993-12-01,Information Technology,San Jose,California,2024.0,10320000000.0,12970000000.0,7983000000.0,34828000000.0,53803000000.0
CSCO,Cisco,1993-12-01,Information Technology,San Jose,California,2025.0,10180000000.0,12504000000.0,9300000000.0,36790000000.0,56654000000.0
CSGP,CoStar Group,2022-09-19,Real Estate,Washington,D.C.,2021.0,292600000.0,432300000.0,201000000.0,1586900000.0,1944100000.0
CSGP,CoStar Group,2022-09-19,Real Estate,Washington,D.C.,2022.0,369500000.0,451000000.0,220900000.0,1768400000.0,2182400000.0
CSGP,CoStar Group,2022-09-19,Real Estate,Washington,D.C.,2023.0,374700000.0,282300000.0,267600000.0,1963500000.0,2455000000.0
CSGP,CoStar Group,2022-09-19,Real Estate,Washington,D.C.,2024.0,138700000.0,4700000.0,325300000.0,2177700000.0,2736200000.0
CSX,CSX Corporation,1957-03-04,Industrials,Jacksonville,Florida,2021.0,,,,,
CSX,CSX Corporation,1957-03-04,Industrials,Jacksonville,Florida,2022.0,4114000000.0,5795000000.0,,5716000000.0,14853000000.0
CSX,CSX Corporation,1957-03-04,Industrials,Jacksonville,Florida,2023.0,3668000000.0,5528000000.0,,5499000000.0,14657000000.0
CSX,CSX Corporation,1957-03-04,Industrials,Jacksonville,Florida,2024.0,3470000000.0,5403000000.0,,5353000000.0,14540000000.0
CSX,CSX Corporation,1957-03-04,Industrials,Jacksonville,Florida,2025.0,2889000000.0,4718000000.0,,4685000000.0,14092000000.0
CTAS,Cintas,2001-03-01,Industrials,Mason,Ohio,2021.0,,,,,
CTAS,Cintas,2001-03-01,Industrials,Mason,Ohio,2022.0,1235757000.0,1587370000.0,,3632246000.0,7854459000.0
CTAS,Cintas,2001-03-01,Industrials,Mason,Ohio,2023.0,1348010000.0,1802664000.0,,4173368000.0,8815769000.0
CTAS,Cintas,2001-03-01,Industrials,Mason,Ohio,2024.0,1571592000.0,2068633000.0,,4686416000.0,9596615000.0
CTAS,Cintas,2001-03-01,Industrials,Mason,Ohio,2025.0,1812281000.0,2359726000.0,,5174164000.0,10340181000.0
CTRA,Coterra,2008-06-23,Energy,Houston,Texas,2021.0,1158000000.0,1566000000.0,,1937000000.0,3449000000.0
CTRA,Coterra,2008-06-23,Energy,Houston,Texas,2022.0,4065000000.0,5210000000.0,,6001000000.0,9051000000.0
CTRA,Coterra,2008-06-23,Energy,Houston,Texas,2023.0,1625000000.0,2154000000.0,,2746000000.0,5914000000.0
CTRA,Coterra,2008-06-23,Energy,Houston,Texas,2024.0,1121000000.0,1386000000.0,,1995000000.0,5458000000.0
CTSH,Cognizant,2006-11-17,Information Technology,Teaneck,New Jersey,2021.0,,,,,
CTSH,Cognizant,2006-11-17,Information Technology,Teaneck,New Jersey,2022.0,2290000000.0,2968000000.0,,6980000000.0,19428000000.0
CTSH,Cognizant,2006-11-17,Information Technology,Teaneck,New Jersey,2023.0,2126000000.0,2918000000.0,,6689000000.0,19353000000.0
CTSH,Cognizant,2006-11-17,Information Technology,Teaneck,New Jersey,2024.0,2240000000.0,3026000000.0,,6778000000.0,19736000000.0
CTSH,Cognizant,2006-11-17,Information Technology,Teaneck,New Jersey,2025.0,2230000000.0,3327000000.0,,7117000000.0,21108000000.0
CTVA,Corteva,2019-06-03,Materials,Indianapolis,Indiana,2022.0,1147000000.0,1928000000.0,1216000000.0,7019000000.0,17455000000.0
CTVA,Corteva,2019-06-03,Materials,Indianapolis,Indiana,2023.0,735000000.0,2110000000.0,1337000000.0,7306000000.0,17226000000.0
CTVA,Corteva,2019-06-03,Materials,Indianapolis,Indiana,2024.0,907000000.0,2096000000.0,1402000000.0,7379000000.0,16908000000.0
CTVA,Corteva,2019-06-03,Materials,Indianapolis,Indiana,2025.0,1094000000.0,2619000000.0,1474000000.0,8229000000.0,17401000000.0
CVNA,Carvana,2025-12-22,Consumer Discretionary,Tempe,Arizona,2021.0,,,,,
CVNA,Carvana,2025-12-22,Consumer Discretionary,Tempe,Arizona,2022.0,-1587000000.0,-1504000000.0,,1246000000.0,13604000000.0
CVNA,Carvana,2025-12-22,Consumer Discretionary,Tempe,Arizona,2023.0,450000000.0,-80000000.0,,1724000000.0,10771000000.0
CVNA,Carvana,2025-12-22,Consumer Discretionary,Tempe,Arizona,2024.0,210000000.0,990000000.0,,2876000000.0,13673000000.0
CVNA,Carvana,2025-12-22,Consumer Discretionary,Tempe,Arizona,2025.0,1407000000.0,1881000000.0,,4192000000.0,20322000000.0
CVS,CVS Health,1957-03-04,Health Care,Woonsocket,Rhode Island,2021.0,,,,,
CVS,CVS Health,1957-03-04,Health Care,Woonsocket,Rhode Island,2022.0,4311000000.0,16290000000.0,,54502000000.0,322467000000.0
CVS,CVS Health,1957-03-04,Health Care,Woonsocket,Rhode Island,2023.0,8344000000.0,14599000000.0,,54431000000.0,357776000000.0
CVS,CVS Health,1957-03-04,Health Care,Woonsocket,Rhode Island,2024.0,4614000000.0,9695000000.0,,51401000000.0,372809000000.0
CVS,CVS Health,1957-03-04,Health Care,Woonsocket,Rhode Island,2025.0,1768000000.0,10385000000.0,,55362000000.0,402067000000.0
CVX,Chevron Corporation,1957-03-04,Energy,Houston,Texas,2021.0,15625000000.0,16180000000.0,,45432000000.0,155606000000.0
CVX,Chevron Corporation,1957-03-04,Energy,Houston,Texas,2022.0,35465000000.0,39950000000.0,,73982000000.0,235717000000.0
CVX,Chevron Corporation,1957-03-04,Energy,Houston,Texas,2023.0,21369000000.0,26229000000.0,,60391000000.0,196913000000.0
CVX,Chevron Corporation,1957-03-04,Energy,Houston,Texas,2024.0,17661000000.0,18917000000.0,,56926000000.0,193414000000.0
CVX,Chevron Corporation,1957-03-04,Energy,Houston,Texas,2025.0,,,,,
D,Dominion Energy,2016-11-30,Utilities,Richmond,Virginia,2021.0,,,,,
D,Dominion Energy,2016-11-30,Utilities,Richmond,Virginia,2022.0,1191000000.0,3260000000.0,,6377000000.0,13938000000.0
D,Dominion Energy,2016-11-30,Utilities,Richmond,Virginia,2023.0,1962000000.0,3721000000.0,,6985000000.0,14393000000.0
D,Dominion Energy,2016-11-30,Utilities,Richmond,Virginia,2024.0,2034000000.0,3847000000.0,,6923000000.0,14459000000.0
D,Dominion Energy,2016-11-30,Utilities,Richmond,Virginia,2025.0,2998000000.0,4931000000.0,,8091000000.0,16506000000.0
DAL,Delta Air Lines,2013-09-11,Industrials,Atlanta,Georgia,2021.0,,,,,
DAL,Delta Air Lines,2013-09-11,Industrials,Atlanta,Georgia,2022.0,1318000000.0,3661000000.0,,10597000000.0,50582000000.0
DAL,Delta Air Lines,2013-09-11,Industrials,Atlanta,Georgia,2023.0,4609000000.0,5521000000.0,,14135000000.0,58048000000.0
DAL,Delta Air Lines,2013-09-11,Industrials,Atlanta,Georgia,2024.0,3457000000.0,5995000000.0,,15168000000.0,61643000000.0
DAL,Delta Air Lines,2013-09-11,Industrials,Atlanta,Georgia,2025.0,5005000000.0,5822000000.0,,15312000000.0,63364000000.0
DASH,DoorDash,2025-03-24,Consumer Discretionary,San Francisco,California,2021.0,,,,,
DASH,DoorDash,2025-03-24,Consumer Discretionary,San Francisco,California,2022.0,-1365000000.0,-1032000000.0,829000000.0,2995000000.0,6583000000.0
DASH,DoorDash,2025-03-24,Consumer Discretionary,San Francisco,California,2023.0,-558000000.0,-577000000.0,1003000000.0,4046000000.0,8635000000.0
DASH,DoorDash,2025-03-24,Consumer Discretionary,San Francisco,California,2024.0,123000000.0,-38000000.0,1168000000.0,5180000000.0,10722000000.0
DASH,DoorDash,2025-03-24,Consumer Discretionary,San Francisco,California,2025.0,935000000.0,725000000.0,1431000000.0,6979000000.0,13717000000.0
DD,DuPont,2019-06-03,Materials,Wilmington,Delaware,2021.0,,,,,
DD,DuPont,2019-06-03,Materials,Wilmington,Delaware,2022.0,5868000000.0,2022000000.0,536000000.0,4615000000.0,13017000000.0
DD,DuPont,2019-06-03,Materials,Wilmington,Delaware,2023.0,423000000.0,822000000.0,192000000.0,2172000000.0,6614000000.0
DD,DuPont,2019-06-03,Materials,Wilmington,Delaware,2024.0,703000000.0,747000000.0,203000000.0,2220000000.0,6719000000.0
DD,DuPont,2019-06-03,Materials,Wilmington,Delaware,2025.0,-779000000.0,860000000.0,193000000.0,2363000000.0,6849000000.0
DDOG,Datadog,2025-07-09,Information Technology,New York City,New York,2022.0,-50160000.0,-58695000.0,752351000.0,1328357000.0,1675100000.0
DDOG,Datadog,2025-07-09,Information Technology,New York City,New York,2023.0,48568000.0,-33464000.0,962447000.0,1718451000.0,2128359000.0
DDOG,Datadog,2025-07-09,Information Technology,New York City,New York,2024.0,183746000.0,54284000.0,1152703000.0,2168744000.0,2684275000.0
DDOG,Datadog,2025-07-09,Information Technology,New York City,New York,2025.0,107741000.0,-44373000.0,1548451000.0,2740201000.0,3427158000.0
DE,Deere & Company,1957-03-04,Industrials,Moline,Illinois,2021.0,,,,,
DE,Deere & Company,1957-03-04,Industrials,Moline,Illinois,2022.0,7131000000.0,9026000000.0,1912000000.0,15730000000.0,51282000000.0
DE,Deere & Company,1957-03-04,Industrials,Moline,Illinois,2023.0,10166000000.0,14591000000.0,2177000000.0,22306000000.0,60248000000.0
DE,Deere & Company,1957-03-04,Industrials,Moline,Illinois,2024.0,7100000000.0,11427000000.0,2290000000.0,19495000000.0,50518000000.0
DE,Deere & Company,1957-03-04,Industrials,Moline,Illinois,2025.0,5027000000.0,8416000000.0,2311000000.0,16295000000.0,44665000000.0
DECK,Deckers Brands,2024-03-18,Consumer Discretionary,Goleta,California,2022.0,451949000.0,564707000.0,,1607551000.0,3150339000.0
DECK,Deckers Brands,2024-03-18,Consumer Discretionary,Goleta,California,2023.0,516822000.0,652751000.0,,1825370000.0,3627286000.0
DECK,Deckers Brands,2024-03-18,Consumer Discretionary,Goleta,California,2024.0,759563000.0,927514000.0,,2385488000.0,4287763000.0
DECK,Deckers Brands,2024-03-18,Consumer Discretionary,Goleta,California,2025.0,966091000.0,1179092000.0,,2885663000.0,4985612000.0
DELL,Dell Technologies,2024-09-23,Information Technology,Round Rock,Texas,2022.0,5563000000.0,4659000000.0,2577000000.0,21891000000.0,101197000000.0
DELL,Dell Technologies,2024-09-23,Information Technology,Round Rock,Texas,2023.0,2442000000.0,5771000000.0,2779000000.0,22686000000.0,102301000000.0
DELL,Dell Technologies,2024-09-23,Information Technology,Round Rock,Texas,2024.0,3388000000.0,5411000000.0,2801000000.0,21069000000.0,88425000000.0
DELL,Dell Technologies,2024-09-23,Information Technology,Round Rock,Texas,2025.0,4592000000.0,6237000000.0,3061000000.0,21250000000.0,95567000000.0
DG,Dollar General,2012-12-03,Consumer Staples,Goodlettsville,Tennessee,2022.0,2399232000.0,3220675000.0,,10813006000.0,34220449000.0
DG,Dollar General,2012-12-03,Consumer Staples,Goodlettsville,Tennessee,2023.0,2415989000.0,3328302000.0,,11820098000.0,37844863000.0
DG,Dollar General,2012-12-03,Consumer Staples,Goodlettsville,Tennessee,2024.0,1661274000.0,2446300000.0,,11719024000.0,38691609000.0
DG,Dollar General,2012-12-03,Consumer Staples,Goodlettsville,Tennessee,2025.0,1125253000.0,1714074000.0,,12017497000.0,40612308000.0
DGX,Quest Diagnostics,2002-12-12,Health Care,Secaucus,New Jersey,2021.0,1995000000.0,2381000000.0,,4209000000.0,10788000000.0
DGX,Quest Diagnostics,2002-12-12,Health Care,Secaucus,New Jersey,2022.0,946000000.0,1428000000.0,,3433000000.0,9883000000.0
DGX,Quest Diagnostics,2002-12-12,Health Care,Secaucus,New Jersey,2023.0,854000000.0,1262000000.0,,3053000000.0,9252000000.0
DGX,Quest Diagnostics,2002-12-12,Health Care,Secaucus,New Jersey,2024.0,871000000.0,1346000000.0,,3244000000.0,9872000000.0
DHI,D. R. Horton,2005-06-22,Consumer Discretionary,Arlington,Texas,2021.0,,,,,
DHI,D. R. Horton,2005-06-22,Consumer Discretionary,Arlington,Texas,2022.0,5857500000.0,7570400000.0,,10504100000.0,33480000000.0
DHI,D. R. Horton,2005-06-22,Consumer Discretionary,Arlington,Texas,2023.0,4745700000.0,6101600000.0,,9350400000.0,35460400000.0
DHI,D. R. Horton,2005-06-22,Consumer Discretionary,Arlington,Texas,2024.0,4756400000.0,5935900000.0,,9535400000.0,36801400000.0
DHI,D. R. Horton,2005-06-22,Consumer Discretionary,Arlington,Texas,2025.0,3585200000.0,4424200000.0,,8116200000.0,34250400000.0
DHR,Danaher Corporation,1998-11-18,Health Care,Washington,D.C.,2021.0,,,,,
DHR,Danaher Corporation,1998-11-18,Health Care,Washington,D.C.,2022.0,7209000000.0,7536000000.0,1528000000.0,16188000000.0,26643000000.0
DHR,Danaher Corporation,1998-11-18,Health Care,Washington,D.C.,2023.0,4764000000.0,5202000000.0,1503000000.0,14034000000.0,23890000000.0
DHR,Danaher Corporation,1998-11-18,Health Care,Washington,D.C.,2024.0,3899000000.0,4863000000.0,1584000000.0,14206000000.0,23875000000.0
DHR,Danaher Corporation,1998-11-18,Health Care,Washington,D.C.,2025.0,3614000000.0,4690000000.0,1598000000.0,14523000000.0,24568000000.0
DIS,Walt Disney Company (The),1976-06-30,Communication Services,Burbank,California,2021.0,,,,,
DIS,Walt Disney Company (The),1976-06-30,Communication Services,Burbank,California,2022.0,3145000000.0,6770000000.0,,28321000000.0,82722000000.0
DIS,Walt Disney Company (The),1976-06-30,Communication Services,Burbank,California,2023.0,2354000000.0,8992000000.0,,29697000000.0,88898000000.0
DIS,Walt Disney Company (The),1976-06-30,Communication Services,Burbank,California,2024.0,4972000000.0,11914000000.0,,32663000000.0,91361000000.0
DIS,Walt Disney Company (The),1976-06-30,Communication Services,Burbank,California,2025.0,12404000000.0,13832000000.0,,35659000000.0,94425000000.0
DLR,Digital Realty,2016-05-18,Real Estate,Austin,Texas,2021.0,,,,,
DLR,Digital Realty,2016-05-18,Real Estate,Austin,Texas,2022.0,377684000.0,661734000.0,,2674272000.0,4691834000.0
DLR,Digital Realty,2016-05-18,Real Estate,Austin,Texas,2023.0,948838000.0,727546000.0,,2878990000.0,5477061000.0
DLR,Digital Realty,2016-05-18,Real Estate,Austin,Texas,2024.0,602490000.0,756950000.0,,3035853000.0,5554968000.0
DLR,Digital Realty,2016-05-18,Real Estate,Austin,Texas,2025.0,1308589000.0,922135000.0,,3385955000.0,6112692000.0
DLTR,Dollar Tree,2011-12-19,Consumer Staples,Chesapeake,Virginia,2022.0,1327900000.0,1811400000.0,,7737300000.0,26321200000.0
DLTR,Dollar Tree,2011-12-19,Consumer Staples,Chesapeake,Virginia,2023.0,1615400000.0,2099300000.0,,5781300000.0,15411500000.0
DLTR,Dollar Tree,2011-12-19,Consumer Staples,Chesapeake,Virginia,2024.0,-998400000.0,1774500000.0,,6019700000.0,16781100000.0
DLTR,Dollar Tree,2011-12-19,Consumer Staples,Chesapeake,Virginia,2025.0,-3030100000.0,1462000000.0,,6294400000.0,17578500000.0
DOC,Healthpeak Properties,2008-03-31,Real Estate,Denver,Colorado,2021.0,,,,,
DOC,Healthpeak Properties,2008-03-31,Real Estate,Denver,Colorado,2022.0,500449000.0,356585000.0,,1198187000.0,2061178000.0
DOC,Healthpeak Properties,2008-03-31,Real Estate,Denver,Colorado,2023.0,306009000.0,433910000.0,,1278943000.0,2181003000.0
DOC,Healthpeak Properties,2008-03-31,Real Estate,Denver,Colorado,2024.0,243142000.0,471221000.0,,1625588000.0,2700449000.0
DOC,Healthpeak Properties,2008-03-31,Real Estate,Denver,Colorado,2025.0,71347000.0,544132000.0,,1693413000.0,2822512000.0
DOV,Dover Corporation,1985-10-31,Industrials,Downers Grove,Illinois,2021.0,,,,,
DOV,Dover Corporation,1985-10-31,Industrials,Downers Grove,Illinois,2022.0,1065376000.0,1279641000.0,,2904953000.0,7844174000.0
DOV,Dover Corporation,1985-10-31,Industrials,Downers Grove,Illinois,2023.0,1056828000.0,1219340000.0,,2867544000.0,7684476000.0
DOV,Dover Corporation,1985-10-31,Industrials,Downers Grove,Illinois,2024.0,2697126000.0,1206355000.0,,2958621000.0,7745909000.0
DOV,Dover Corporation,1985-10-31,Industrials,Downers Grove,Illinois,2025.0,1093956000.0,1373361000.0,,3218169000.0,8092571000.0
DOW,Dow Inc.,2019-04-01,Materials,Midland,Michigan,2021.0,,,,,
DOW,Dow Inc.,2019-04-01,Materials,Midland,Michigan,2022.0,4582000000.0,5702000000.0,851000000.0,8564000000.0,56902000000.0
DOW,Dow Inc.,2019-04-01,Materials,Midland,Michigan,2023.0,589000000.0,2100000000.0,829000000.0,4880000000.0,44622000000.0
DOW,Dow Inc.,2019-04-01,Materials,Midland,Michigan,2024.0,1116000000.0,1905000000.0,810000000.0,4606000000.0,42964000000.0
DOW,Dow Inc.,2019-04-01,Materials,Midland,Michigan,2025.0,-2623000000.0,158000000.0,752000000.0,2533000000.0,39968000000.0
DPZ,Domino's,2020-05-12,Consumer Discretionary,Ann Arbor,Michigan,2021.0,,,,,
DPZ,Domino's,2020-05-12,Consumer Discretionary,Ann Arbor,Michigan,2022.0,452263000.0,746752000.0,,1648606000.0,4537158000.0
DPZ,Domino's,2020-05-12,Consumer Discretionary,Ann Arbor,Michigan,2023.0,519118000.0,819668000.0,,1727417000.0,4479358000.0
DPZ,Domino's,2020-05-12,Consumer Discretionary,Ann Arbor,Michigan,2024.0,584170000.0,879157000.0,,1848502000.0,4706416000.0
DPZ,Domino's,2020-05-12,Consumer Discretionary,Ann Arbor,Michigan,2025.0,601704000.0,949946000.0,,1973560000.0,4939994000.0
DRI,Darden Restaurants,1995-05-31,Consumer Discretionary,Orlando,Florida,2021.0,,,,,
DRI,Darden Restaurants,1995-05-31,Consumer Discretionary,Orlando,Florida,2022.0,952800000.0,1160200000.0,,1995000000.0,9630000000.0
DRI,Darden Restaurants,1995-05-31,Consumer Discretionary,Orlando,Florida,2023.0,981900000.0,1217100000.0,,2109300000.0,10487800000.0
DRI,Darden Restaurants,1995-05-31,Consumer Discretionary,Orlando,Florida,2024.0,1027600000.0,1350900000.0,,2434500000.0,11390000000.0
DRI,Darden Restaurants,1995-05-31,Consumer Discretionary,Orlando,Florida,2025.0,1049600000.0,1436300000.0,,2642600000.0,12076700000.0
DTE,DTE Energy,1957-03-04,Utilities,Detroit,Michigan,2021.0,,,,,
DTE,DTE Energy,1957-03-04,Utilities,Detroit,Michigan,2022.0,1083000000.0,1772000000.0,,3668000000.0,19228000000.0
DTE,DTE Energy,1957-03-04,Utilities,Detroit,Michigan,2023.0,1397000000.0,2301000000.0,,4327000000.0,12745000000.0
DTE,DTE Energy,1957-03-04,Utilities,Detroit,Michigan,2024.0,1404000000.0,2205000000.0,,4338000000.0,12457000000.0
DTE,DTE Energy,1957-03-04,Utilities,Detroit,Michigan,2025.0,1462000000.0,2528000000.0,,4793000000.0,15814000000.0
DUK,Duke Energy,1976-06-30,Utilities,Charlotte,North Carolina,2021.0,3908000000.0,5841000000.0,,11958000000.0,24621000000.0
DUK,Duke Energy,1976-06-30,Utilities,Charlotte,North Carolina,2022.0,2550000000.0,6424000000.0,,12976000000.0,28768000000.0
DUK,Duke Energy,1976-06-30,Utilities,Charlotte,North Carolina,2023.0,2841000000.0,7103000000.0,,13756000000.0,29060000000.0
DUK,Duke Energy,1976-06-30,Utilities,Charlotte,North Carolina,2024.0,4524000000.0,7938000000.0,,15197000000.0,30357000000.0
DUK,Duke Energy,1976-06-30,Utilities,Charlotte,North Carolina,2025.0,,,,,
DVA,DaVita,2008-07-31,Health Care,Denver,Colorado,2021.0,,,,,
DVA,DaVita,2008-07-31,Health Care,Denver,Colorado,2022.0,560400000.0,1312542000.0,,3400341000.0,11609894000.0
DVA,DaVita,2008-07-31,Health Care,Denver,Colorado,2023.0,691535000.0,1601003000.0,,3820430000.0,12140147000.0
DVA,DaVita,2008-07-31,Health Care,Denver,Colorado,2024.0,936342000.0,1954828000.0,,4217029000.0,12815550000.0
DVA,DaVita,2008-07-31,Health Care,Denver,Colorado,2025.0,746803000.0,2010615000.0,,4399593000.0,13643069000.0
DVN,Devon Energy,2000-08-30,Energy,Oklahoma City,Oklahoma,2021.0,,,,,
DVN,Devon Energy,2000-08-30,Energy,Oklahoma City,Oklahoma,2022.0,6015000000.0,7920000000.0,,8369000000.0,19169000000.0
DVN,Devon Energy,2000-08-30,Energy,Oklahoma City,Oklahoma,2023.0,3747000000.0,4939000000.0,,5367000000.0,15258000000.0
DVN,Devon Energy,2000-08-30,Energy,Oklahoma City,Oklahoma,2024.0,2891000000.0,4182000000.0,,4710000000.0,15940000000.0
DVN,Devon Energy,2000-08-30,Energy,Oklahoma City,Oklahoma,2025.0,2642000000.0,3856000000.0,,4391000000.0,17188000000.0
DXCM,Dexcom,2020-05-12,Health Care,San Diego,California,2021.0,,,,,
DXCM,Dexcom,2020-05-12,Health Care,San Diego,California,2022.0,341200000.0,391200000.0,484200000.0,1883100000.0,2909800000.0
DXCM,Dexcom,2020-05-12,Health Care,San Diego,California,2023.0,541500000.0,597700000.0,505800000.0,2288900000.0,3622300000.0
DXCM,Dexcom,2020-05-12,Health Care,San Diego,California,2024.0,576200000.0,600000000.0,552400000.0,2438200000.0,4033000000.0
DXCM,Dexcom,2020-05-12,Health Care,San Diego,California,2025.0,836300000.0,911800000.0,599100000.0,2801900000.0,4662000000.0
EA,Electronic Arts,2002-07-22,Communication Services,Redwood City,California,2021.0,,,,,
EA,Electronic Arts,2002-07-22,Communication Services,Redwood City,California,2022.0,789000000.0,1129000000.0,2186000000.0,5132000000.0,6991000000.0
EA,Electronic Arts,2002-07-22,Communication Services,Redwood City,California,2023.0,802000000.0,1443000000.0,2328000000.0,5634000000.0,7426000000.0
EA,Electronic Arts,2002-07-22,Communication Services,Redwood City,California,2024.0,1273000000.0,1580000000.0,2420000000.0,5852000000.0,7562000000.0
EA,Electronic Arts,2002-07-22,Communication Services,Redwood City,California,2025.0,1121000000.0,1577000000.0,2569000000.0,5920000000.0,7463000000.0
EBAY,eBay Inc.,2002-07-22,Consumer Discretionary,San Jose,California,2022.0,-1269000000.0,2350000000.0,1330000000.0,7115000000.0,9795000000.0
EBAY,eBay Inc.,2002-07-22,Consumer Discretionary,San Jose,California,2023.0,2767000000.0,1941000000.0,1544000000.0,7279000000.0,10112000000.0
EBAY,eBay Inc.,2002-07-22,Consumer Discretionary,San Jose,California,2024.0,1975000000.0,2318000000.0,1479000000.0,7403000000.0,10283000000.0
EBAY,eBay Inc.,2002-07-22,Consumer Discretionary,San Jose,California,2025.0,2031000000.0,2277000000.0,1642000000.0,7931000000.0,11100000000.0
ECL,Ecolab,1989-01-31,Materials,Saint Paul,Minnesota,2021.0,,,,,
ECL,Ecolab,1989-01-31,Materials,Saint Paul,Minnesota,2022.0,1091700000.0,1703000000.0,,5356800000.0,14187800000.0
ECL,Ecolab,1989-01-31,Materials,Saint Paul,Minnesota,2023.0,1372300000.0,2103700000.0,,6165300000.0,15320200000.0
ECL,Ecolab,1989-01-31,Materials,Saint Paul,Minnesota,2024.0,2112400000.0,2613500000.0,,6841700000.0,15741400000.0
ECL,Ecolab,1989-01-31,Materials,Saint Paul,Minnesota,2025.0,2075600000.0,2892500000.0,,7150400000.0,16081200000.0
ED,Consolidated Edison,1957-03-04,Utilities,New York City,New York,2021.0,,,,,
ED,Consolidated Edison,1957-03-04,Utilities,New York City,New York,2022.0,1660000000.0,2624000000.0,,7685000000.0,15670000000.0
ED,Consolidated Edison,1957-03-04,Utilities,New York City,New York,2023.0,2519000000.0,2331000000.0,,7405000000.0,14663000000.0
ED,Consolidated Edison,1957-03-04,Utilities,New York City,New York,2024.0,1820000000.0,2732000000.0,,8167000000.0,15256000000.0
ED,Consolidated Edison,1957-03-04,Utilities,New York City,New York,2025.0,2023000000.0,3000000000.0,,9009000000.0,16918000000.0
EFX,Equifax,1997-06-19,Industrials,Atlanta,Georgia,2022.0,696200000.0,1056000000.0,,2945000000.0,5122200000.0
EFX,Equifax,1997-06-19,Industrials,Atlanta,Georgia,2023.0,545300000.0,933600000.0,,2930100000.0,5265200000.0
EFX,Equifax,1997-06-19,Industrials,Atlanta,Georgia,2024.0,604100000.0,1042100000.0,,3162400000.0,5681100000.0
EFX,Equifax,1997-06-19,Industrials,Atlanta,Georgia,2025.0,660300000.0,1095200000.0,,3428900000.0,6074500000.0
EG,Everest Group,2017-06-19,Financials,Hamilton,Bermuda,2021.0,1379000000.0,,,,11328000000.0
EG,Everest Group,2017-06-19,Financials,Hamilton,Bermuda,2022.0,597000000.0,,,,11985000000.0
EG,Everest Group,2017-06-19,Financials,Hamilton,Bermuda,2023.0,2517000000.0,,,,14464000000.0
EG,Everest Group,2017-06-19,Financials,Hamilton,Bermuda,2024.0,1373000000.0,,,,17076000000.0
EIX,Edison International,1957-03-04,Utilities,Rosemead,California,2021.0,,,,,
EIX,Edison International,1957-03-04,Utilities,Rosemead,California,2022.0,824000000.0,1532000000.0,,6121000000.0,17220000000.0
EIX,Edison International,1957-03-04,Utilities,Rosemead,California,2023.0,1407000000.0,2628000000.0,,6714000000.0,16338000000.0
EIX,Edison International,1957-03-04,Utilities,Rosemead,California,2024.0,1546000000.0,2930000000.0,,7218000000.0,17599000000.0
EIX,Edison International,1957-03-04,Utilities,Rosemead,California,2025.0,4701000000.0,5240000000.0,,9286000000.0,19317000000.0
EL,Estée Lauder Companies (The),2006-01-05,Consumer Staples,New York City,New York,2022.0,2390000000.0,3544000000.0,,13432000000.0,17737000000.0
EL,Estée Lauder Companies (The),2006-01-05,Consumer Staples,New York City,New York,2023.0,1006000000.0,1771000000.0,,11346000000.0,15910000000.0
EL,Estée Lauder Companies (The),2006-01-05,Consumer Staples,New York City,New York,2024.0,390000000.0,1563000000.0,,11184000000.0,15608000000.0
EL,Estée Lauder Companies (The),2006-01-05,Consumer Staples,New York City,New York,2025.0,-1133000000.0,1141000000.0,,10597000000.0,14326000000.0
ELV,Elevance Health,2002-07-25,Health Care,Indianapolis,Indiana,2021.0,,,,,
ELV,Elevance Health,2002-07-25,Health Care,Indianapolis,Indiana,2022.0,5894000000.0,,,,156595000000.0
ELV,Elevance Health,2002-07-25,Health Care,Indianapolis,Indiana,2023.0,5987000000.0,,,,171340000000.0
ELV,Elevance Health,2002-07-25,Health Care,Indianapolis,Indiana,2024.0,5980000000.0,,,,176810000000.0
ELV,Elevance Health,2002-07-25,Health Care,Indianapolis,Indiana,2025.0,5662000000.0,,,,199125000000.0
EME,Emcor,2025-09-22,Industrials,Norwalk,Connecticut,2021.0,383532000.0,530800000.0,,1501737000.0,9903580000.0
EME,Emcor,2025-09-22,Industrials,Norwalk,Connecticut,2022.0,406122000.0,564877000.0,,1603594000.0,11076120000.0
EME,Emcor,2025-09-22,Industrials,Norwalk,Connecticut,2023.0,632994000.0,878106000.0,,2089339000.0,12582873000.0
EME,Emcor,2025-09-22,Industrials,Norwalk,Connecticut,2024.0,1007145000.0,1344863000.0,,2765051000.0,14566116000.0
EMR,Emerson Electric,1965-03-31,Industrials,Ferguson,Missouri,2022.0,3231000000.0,2356000000.0,,6306000000.0,13804000000.0
EMR,Emerson Electric,1965-03-31,Industrials,Ferguson,Missouri,2023.0,13219000000.0,2759000000.0,,7427000000.0,15165000000.0
EMR,Emerson Electric,1965-03-31,Industrials,Ferguson,Missouri,2024.0,1968000000.0,2666000000.0,,8885000000.0,17492000000.0
EMR,Emerson Electric,1965-03-31,Industrials,Ferguson,Missouri,2025.0,2293000000.0,3532000000.0,,9519000000.0,18016000000.0
EOG,EOG Resources,2000-11-02,Energy,Houston,Texas,2021.0,,,,,
EOG,EOG Resources,2000-11-02,Energy,Houston,Texas,2022.0,7759000000.0,14256000000.0,,23032000000.0,29492000000.0
EOG,EOG Resources,2000-11-02,Energy,Houston,Texas,2023.0,7594000000.0,8892000000.0,,16616000000.0,23182000000.0
EOG,EOG Resources,2000-11-02,Energy,Houston,Texas,2024.0,6403000000.0,8253000000.0,,15976000000.0,23378000000.0
EOG,EOG Resources,2000-11-02,Energy,Houston,Texas,2025.0,4980000000.0,7250000000.0,,14312000000.0,22582000000.0
EPAM,EPAM Systems,2021-12-14,Information Technology,Newtown,Pennsylvania,2021.0,,,,,
EPAM,EPAM Systems,2021-12-14,Information Technology,Newtown,Pennsylvania,2022.0,419416000.0,572966000.0,,1538015000.0,4824698000.0
EPAM,EPAM Systems,2021-12-14,Information Technology,Newtown,Pennsylvania,2023.0,417083000.0,527161000.0,,1434026000.0,4690540000.0
EPAM,EPAM Systems,2021-12-14,Information Technology,Newtown,Pennsylvania,2024.0,454533000.0,544584000.0,,1450443000.0,4727940000.0
EPAM,EPAM Systems,2021-12-14,Information Technology,Newtown,Pennsylvania,2025.0,377678000.0,520003000.0,,1573521000.0,5457056000.0
EQIX,Equinix,2015-03-20,Real Estate,Redwood City,California,2021.0,,,,,
EQIX,Equinix,2015-03-20,Real Estate,Redwood City,California,2022.0,705000000.0,1226000000.0,,3512000000.0,7263000000.0
EQIX,Equinix,2015-03-20,Real Estate,Redwood City,California,2023.0,969000000.0,1451000000.0,,3960000000.0,8188000000.0
EQIX,Equinix,2015-03-20,Real Estate,Redwood City,California,2024.0,815000000.0,1624000000.0,,4281000000.0,8748000000.0
EQIX,Equinix,2015-03-20,Real Estate,Redwood City,California,2025.0,1350000000.0,1966000000.0,,4709000000.0,9217000000.0
EQR,Equity Residential,2001-12-03,Real Estate,Chicago,Illinois,2021.0,,,,,
EQR,Equity Residential,2001-12-03,Real Estate,Chicago,Illinois,2022.0,776911000.0,811721000.0,,1752599000.0,2735180000.0
EQR,Equity Residential,2001-12-03,Real Estate,Chicago,Illinois,2023.0,835438000.0,878046000.0,,1827471000.0,2873964000.0
EQR,Equity Residential,2001-12-03,Real Estate,Chicago,Illinois,2024.0,1035831000.0,871699000.0,,1885543000.0,2980108000.0
EQR,Equity Residential,2001-12-03,Real Estate,Chicago,Illinois,2025.0,1120089000.0,869752000.0,,1945432000.0,3093959000.0
EQT,EQT Corporation,2022-10-03,Energy,Pittsburgh,Pennsylvania,2021.0,,,,,
EQT,EQT Corporation,2022-10-03,Energy,Pittsburgh,Pennsylvania,2022.0,1770965000.0,7757469000.0,,8059295000.0,12140621000.0
EQT,EQT Corporation,2022-10-03,Energy,Pittsburgh,Pennsylvania,2023.0,1735232000.0,658599000.0,,941579000.0,5069982000.0
EQT,EQT Corporation,2022-10-03,Energy,Pittsburgh,Pennsylvania,2024.0,230577000.0,276922000.0,,767219000.0,5222192000.0
EQT,EQT Corporation,2022-10-03,Energy,Pittsburgh,Pennsylvania,2025.0,2039247000.0,3014406000.0,,3606910000.0,8353217000.0
ERIE,Erie Indemnity,2024-09-23,Financials,Erie,Pennsylvania,2021.0,297860000.0,,,,2669608000.0
ERIE,Erie Indemnity,2024-09-23,Financials,Erie,Pennsylvania,2022.0,298569000.0,,,,2851202000.0
ERIE,Erie Indemnity,2024-09-23,Financials,Erie,Pennsylvania,2023.0,446061000.0,,,,3309216000.0
ERIE,Erie Indemnity,2024-09-23,Financials,Erie,Pennsylvania,2024.0,600314000.0,,,,3862404000.0
ES,Eversource Energy,2009-07-24,Utilities,Hartford,Connecticut,2021.0,,,,,
ES,Eversource Energy,2009-07-24,Utilities,Hartford,Connecticut,2022.0,1404875000.0,2198154000.0,,10424008000.0,12289336000.0
ES,Eversource Energy,2009-07-24,Utilities,Hartford,Connecticut,2023.0,-442240000.0,2399335000.0,,10015002000.0,11910705000.0
ES,Eversource Energy,2009-07-24,Utilities,Hartford,Connecticut,2024.0,811653000.0,2705709000.0,,9887883000.0,11900809000.0
ES,Eversource Energy,2009-07-24,Utilities,Hartford,Connecticut,2025.0,1692372000.0,2988589000.0,,11473466000.0,13547244000.0
ESS,Essex Property Trust,2014-04-02,Real Estate,San Mateo,California,2021.0,,,,,
ESS,Essex Property Trust,2014-04-02,Real Estate,San Mateo,California,2022.0,408315000.0,513181000.0,,1098841000.0,1606814000.0
ESS,Essex Property Trust,2014-04-02,Real Estate,San Mateo,California,2023.0,405825000.0,525435000.0,,1138044000.0,1669395000.0
ESS,Essex Property Trust,2014-04-02,Real Estate,San Mateo,California,2024.0,741522000.0,528513000.0,,1207635000.0,1774450000.0
ESS,Essex Property Trust,2014-04-02,Real Estate,San Mateo,California,2025.0,669666000.0,601913000.0,,1279307000.0,1887345000.0
ETN,Eaton Corporation,1957-03-04,Industrials,Dublin,Ireland,2021.0,2144000000.0,2463000000.0,616000000.0,6335000000.0,19628000000.0
ETN,Eaton Corporation,1957-03-04,Industrials,Dublin,Ireland,2022.0,2462000000.0,2995000000.0,665000000.0,6887000000.0,20752000000.0
ETN,Eaton Corporation,1957-03-04,Industrials,Dublin,Ireland,2023.0,3218000000.0,3885000000.0,754000000.0,8434000000.0,23196000000.0
ETN,Eaton Corporation,1957-03-04,Industrials,Dublin,Ireland,2024.0,3794000000.0,4632000000.0,794000000.0,9503000000.0,24878000000.0
ETR,Entergy,1957-03-04,Utilities,New Orleans,Louisiana,2021.0,,,,,
ETR,Entergy,1957-03-04,Utilities,New Orleans,Louisiana,2022.0,1097138000.0,1887311000.0,,5275351000.0,13764237000.0
ETR,Entergy,1957-03-04,Utilities,New Orleans,Louisiana,2023.0,2362310000.0,2660654000.0,,5329436000.0,12147412000.0
ETR,Entergy,1957-03-04,Utilities,New Orleans,Louisiana,2024.0,1061184000.0,2758224000.0,,5738287000.0,11879653000.0
ETR,Entergy,1957-03-04,Utilities,New Orleans,Louisiana,2025.0,1773328000.0,3215073000.0,,6177759000.0,12946686000.0
EVRG,Evergy,2018-06-05,Utilities,Kansas City,Missouri,2021.0,,,,,
EVRG,Evergy,2018-06-05,Utilities,Kansas City,Missouri,2022.0,752700000.0,1302100000.0,,2629600000.0,5859100000.0
EVRG,Evergy,2018-06-05,Utilities,Kansas City,Missouri,2023.0,731300000.0,1282400000.0,,2765500000.0,5508200000.0
EVRG,Evergy,2018-06-05,Utilities,Kansas City,Missouri,2024.0,873500000.0,1468000000.0,,3034600000.0,5847300000.0
EVRG,Evergy,2018-06-05,Utilities,Kansas City,Missouri,2025.0,855600000.0,1532900000.0,,3115900000.0,5961600000.0
EW,Edwards Lifesciences,2011-04-01,Health Care,Irvine,California,2021.0,1503100000.0,1586800000.0,903100000.0,3983600000.0,5232500000.0
EW,Edwards Lifesciences,2011-04-01,Health Care,Irvine,California,2022.0,1521900000.0,1539100000.0,843600000.0,3740300000.0,4464000000.0
EW,Edwards Lifesciences,2011-04-01,Health Care,Irvine,California,2023.0,1402400000.0,1486200000.0,962900000.0,4031600000.0,5010000000.0
EW,Edwards Lifesciences,2011-04-01,Health Care,Irvine,California,2024.0,4174600000.0,1480100000.0,1053000000.0,4322000000.0,5439500000.0
EW,Edwards Lifesciences,2011-04-01,Health Care,Irvine,California,2025.0,,,,,
EXC,Exelon,1957-03-04,Utilities,Chicago,Illinois,2021.0,,,,,
EXC,Exelon,1957-03-04,Utilities,Chicago,Illinois,2022.0,2170000000.0,3317000000.0,,8032000000.0,19078000000.0
EXC,Exelon,1957-03-04,Utilities,Chicago,Illinois,2023.0,2328000000.0,4013000000.0,,8927000000.0,21727000000.0
EXC,Exelon,1957-03-04,Utilities,Chicago,Illinois,2024.0,2460000000.0,4307000000.0,,9405000000.0,23028000000.0
EXC,Exelon,1957-03-04,Utilities,Chicago,Illinois,2025.0,2768000000.0,5145000000.0,,10414000000.0,24258000000.0
EXE,Expand Energy,2025-03-24,Energy,Oklahoma City,Oklahoma,2022.0,4936000000.0,3727000000.0,,8156000000.0,11443000000.0
EXE,Expand Energy,2025-03-24,Energy,Oklahoma City,Oklahoma,2023.0,2419000000.0,2368000000.0,,5039000000.0,7775000000.0
EXE,Expand Energy,2025-03-24,Energy,Oklahoma City,Oklahoma,2024.0,-714000000.0,-697000000.0,,1141000000.0,4221000000.0
EXE,Expand Energy,2025-03-24,Energy,Oklahoma City,Oklahoma,2025.0,1819000000.0,2771000000.0,,6198000000.0,12189000000.0
EXPD,Expeditors International,2007-10-10,Industrials,Seattle,Washington,2021.0,1415492000.0,1909326000.0,,2165412000.0,16523517000.0
EXPD,Expeditors International,2007-10-10,Industrials,Seattle,Washington,2022.0,1357399000.0,1824371000.0,,2171130000.0,17071284000.0
EXPD,Expeditors International,2007-10-10,Industrials,Seattle,Washington,2023.0,752883000.0,939933000.0,,1245476000.0,9300110000.0
EXPD,Expeditors International,2007-10-10,Industrials,Seattle,Washington,2024.0,810073000.0,1041323000.0,,1349040000.0,10600515000.0
EXPE,Expedia Group,2007-10-02,Consumer Discretionary,Seattle,Washington,2021.0,,,,,
EXPE,Expedia Group,2007-10-02,Consumer Discretionary,Seattle,Washington,2022.0,352000000.0,1189000000.0,1181000000.0,10010000000.0,11667000000.0
EXPE,Expedia Group,2007-10-02,Consumer Discretionary,Seattle,Washington,2023.0,797000000.0,1534000000.0,1358000000.0,11266000000.0,12839000000.0
EXPE,Expedia Group,2007-10-02,Consumer Discretionary,Seattle,Washington,2024.0,1234000000.0,1670000000.0,1314000000.0,12248000000.0,13691000000.0
EXPE,Expedia Group,2007-10-02,Consumer Discretionary,Seattle,Washington,2025.0,1294000000.0,2163000000.0,1277000000.0,13277000000.0,14733000000.0
EXR,Extra Space Storage,2016-01-19,Real Estate,Salt Lake City,Utah,2021.0,,,,,
EXR,Extra Space Storage,2016-01-19,Real Estate,Salt Lake City,Utah,2022.0,860688000.0,1037701000.0,,1455268000.0,1924170000.0
EXR,Extra Space Storage,2016-01-19,Real Estate,Salt Lake City,Utah,2023.0,803198000.0,1236873000.0,,1889334000.0,2560244000.0
EXR,Extra Space Storage,2016-01-19,Real Estate,Salt Lake City,Utah,2024.0,854681000.0,1401029000.0,,2351450000.0,3256902000.0
EXR,Extra Space Storage,2016-01-19,Real Estate,Salt Lake City,Utah,2025.0,973999000.0,1489001000.0,,2390521000.0,3377542000.0
F,Ford Motor Company,1957-03-04,Consumer Discretionary,Dearborn,Michigan,2021.0,,,,,
F,Ford Motor Company,1957-03-04,Consumer Discretionary,Dearborn,Michigan,2022.0,-1981000000.0,6276000000.0,,17164000000.0,158057000000.0
F,Ford Motor Company,1957-03-04,Consumer Discretionary,Dearborn,Michigan,2023.0,4347000000.0,5458000000.0,,16160000000.0,176191000000.0
F,Ford Motor Company,1957-03-04,Consumer Discretionary,Dearborn,Michigan,2024.0,5879000000.0,5219000000.0,,15506000000.0,184992000000.0
F,Ford Motor Company,1957-03-04,Consumer Discretionary,Dearborn,Michigan,2025.0,-8182000000.0,-9169000000.0,,1680000000.0,187267000000.0
FANG,Diamondback Energy,2018-12-03,Energy,Midland,Texas,2021.0,,,,,
FANG,Diamondback Energy,2018-12-03,Energy,Midland,Texas,2022.0,4386000000.0,6522000000.0,,6701000000.0,9566000000.0
FANG,Diamondback Energy,2018-12-03,Energy,Midland,Texas,2023.0,3143000000.0,4570000000.0,,4798000000.0,8339000000.0
FANG,Diamondback Energy,2018-12-03,Energy,Midland,Texas,2024.0,3338000000.0,4396000000.0,,4994000000.0,11023000000.0
FANG,Diamondback Energy,2018-12-03,Energy,Midland,Texas,2025.0,1664000000.0,4918000000.0,,5221000000.0,14929000000.0
FAST,Fastenal,2008-09-15,Industrials,Winona,Minnesota,2022.0,1086900000.0,1453600000.0,,3215800000.0,6980600000.0
FAST,Fastenal,2008-09-15,Industrials,Winona,Minnesota,2023.0,1155000000.0,1528700000.0,,3354500000.0,7346700000.0
FAST,Fastenal,2008-09-15,Industrials,Winona,Minnesota,2024.0,1150600000.0,1510000000.0,,3401900000.0,7546000000.0
FAST,Fastenal,2008-09-15,Industrials,Winona,Minnesota,2025.0,1258400000.0,1655700000.0,,3691200000.0,8200500000.0
FCX,Freeport-McMoRan,2011-07-01,Materials,Phoenix,Arizona,2021.0,,,,,
FCX,Freeport-McMoRan,2011-07-01,Materials,Phoenix,Arizona,2022.0,3468000000.0,7034000000.0,,7690000000.0,22780000000.0
FCX,Freeport-McMoRan,2011-07-01,Materials,Phoenix,Arizona,2023.0,1848000000.0,6225000000.0,,7160000000.0,22855000000.0
FCX,Freeport-McMoRan,2011-07-01,Materials,Phoenix,Arizona,2024.0,1889000000.0,6864000000.0,,7660000000.0,25455000000.0
FCX,Freeport-McMoRan,2011-07-01,Materials,Phoenix,Arizona,2025.0,2204000000.0,6502000000.0,,7297000000.0,25915000000.0
FDS,FactSet,2021-12-20,Financials,Norwalk,Connecticut,2021.0,,,,,
FDS,FactSet,2021-12-20,Financials,Norwalk,Connecticut,2022.0,396917000.0,539754000.0,,972786000.0,1843892000.0
FDS,FactSet,2021-12-20,Financials,Norwalk,Connecticut,2023.0,468173000.0,629207000.0,,1112283000.0,2085508000.0
FDS,FactSet,2021-12-20,Financials,Norwalk,Connecticut,2024.0,537126000.0,701299000.0,,1191111000.0,2203056000.0
FDS,FactSet,2021-12-20,Financials,Norwalk,Connecticut,2025.0,597040000.0,748303000.0,,1223966000.0,2321748000.0
FDX,FedEx,1980-12-31,Industrials,Memphis,Tennessee,2021.0,,,,,
FDX,FedEx,1980-12-31,Industrials,Memphis,Tennessee,2022.0,3826000000.0,6523000000.0,,20167000000.0,93512000000.0
FDX,FedEx,1980-12-31,Industrials,Memphis,Tennessee,2023.0,3972000000.0,5338000000.0,,19166000000.0,90155000000.0
FDX,FedEx,1980-12-31,Industrials,Memphis,Tennessee,2024.0,4331000000.0,6298000000.0,,18952000000.0,87693000000.0
FDX,FedEx,1980-12-31,Industrials,Memphis,Tennessee,2025.0,4092000000.0,5994000000.0,,18995000000.0,87926000000.0
FE,FirstEnergy,1997-11-28,Utilities,Akron,Ohio,2021.0,,,,,
FE,FirstEnergy,1997-11-28,Utilities,Akron,Ohio,2022.0,406000000.0,1910000000.0,,7866000000.0,12459000000.0
FE,FirstEnergy,1997-11-28,Utilities,Akron,Ohio,2023.0,1102000000.0,2281000000.0,,8224000000.0,12870000000.0
FE,FirstEnergy,1997-11-28,Utilities,Akron,Ohio,2024.0,978000000.0,2490000000.0,,9096000000.0,13472000000.0
FE,FirstEnergy,1997-11-28,Utilities,Akron,Ohio,2025.0,1020000000.0,2833000000.0,,9855000000.0,15090000000.0
FFIV,"F5, Inc.",2010-12-20,Information Technology,Seattle,Washington,2022.0,322160000.0,411701000.0,543368000.0,2156218000.0,2695845000.0
FFIV,"F5, Inc.",2010-12-20,Information Technology,Seattle,Washington,2023.0,394948000.0,537956000.0,540285000.0,2219861000.0,2813169000.0
FFIV,"F5, Inc.",2010-12-20,Information Technology,Seattle,Washington,2024.0,566778000.0,667246000.0,490120000.0,2258473000.0,2816120000.0
FFIV,"F5, Inc.",2010-12-20,Information Technology,Seattle,Washington,2025.0,692380000.0,791433000.0,539815000.0,2514094000.0,3088072000.0
FICO,Fair Isaac,2023-03-20,Information Technology,Bozeman,Montana,2022.0,373541000.0,542414000.0,146758000.0,1075096000.0,1377270000.0
FICO,Fair Isaac,2023-03-20,Information Technology,Bozeman,Montana,2023.0,429375000.0,640889000.0,159950000.0,1202504000.0,1513557000.0
FICO,Fair Isaac,2023-03-20,Information Technology,Bozeman,Montana,2024.0,512811000.0,733629000.0,171940000.0,1369320000.0,1717526000.0
FICO,Fair Isaac,2023-03-20,Information Technology,Bozeman,Montana,2025.0,651946000.0,935772000.0,188347000.0,1637147000.0,1990869000.0
FIS,Fidelity National Information Services,2006-11-10,Financials,Jacksonville,Florida,2021.0,417000000.0,1234000000.0,,3349000000.0,9339000000.0
FIS,Fidelity National Information Services,2006-11-10,Financials,Jacksonville,Florida,2022.0,-16752000000.0,1279000000.0,,3461000000.0,9720000000.0
FIS,Fidelity National Information Services,2006-11-10,Financials,Jacksonville,Florida,2023.0,-6655000000.0,1560000000.0,,3656000000.0,9831000000.0
FIS,Fidelity National Information Services,2006-11-10,Financials,Jacksonville,Florida,2024.0,1450000000.0,1761000000.0,,3804000000.0,10127000000.0
FISV,Fiserv,2001-04-02,Financials,Brookfield,Wisconsin,2021.0,,,,,
FISV,Fiserv,2001-04-02,Financials,Brookfield,Wisconsin,2022.0,2530000000.0,3686000000.0,,9745000000.0,17737000000.0
FISV,Fiserv,2001-04-02,Financials,Brookfield,Wisconsin,2023.0,3068000000.0,4847000000.0,,11423000000.0,19093000000.0
FISV,Fiserv,2001-04-02,Financials,Brookfield,Wisconsin,2024.0,3131000000.0,5879000000.0,,12443000000.0,20456000000.0
FISV,Fiserv,2001-04-02,Financials,Brookfield,Wisconsin,2025.0,3480000000.0,5698000000.0,,12581000000.0,21193000000.0
FITB,Fifth Third Bancorp,1996-03-29,Financials,Cincinnati,Ohio,2021.0,2770000000.0,,,,7506000000.0
FITB,Fifth Third Bancorp,1996-03-29,Financials,Cincinnati,Ohio,2022.0,2446000000.0,,,,8102000000.0
FITB,Fifth Third Bancorp,1996-03-29,Financials,Cincinnati,Ohio,2023.0,2349000000.0,,,,8422000000.0
FITB,Fifth Third Bancorp,1996-03-29,Financials,Cincinnati,Ohio,2024.0,2314000000.0,,,,8253000000.0
FITB,Fifth Third Bancorp,1996-03-29,Financials,Cincinnati,Ohio,2025.0,,,,,
FIX,Comfort Systems USA,2025-12-22,Industrials,Houston,Texas,2022.0,245947000.0,252264000.0,,741608000.0,4140364000.0
FIX,Comfort Systems USA,2025-12-22,Industrials,Houston,Texas,2023.0,323398000.0,416086000.0,,990509000.0,5206760000.0
FIX,Comfort Systems USA,2025-12-22,Industrials,Houston,Texas,2024.0,522433000.0,746339000.0,,1476411000.0,7027476000.0
FIX,Comfort Systems USA,2025-12-22,Industrials,Houston,Texas,2025.0,1022558000.0,1312615000.0,,2195899000.0,9101641000.0
FOX,Fox Corporation (Class B),2019-03-19,Communication Services,New York City,New York,2021.0,,,,,
FOX,Fox Corporation (Class B),2019-03-19,Communication Services,New York City,New York,2022.0,1205000000.0,2574000000.0,,,13974000000.0
FOX,Fox Corporation (Class B),2019-03-19,Communication Services,New York City,New York,2023.0,1239000000.0,2764000000.0,,,14913000000.0
FOX,Fox Corporation (Class B),2019-03-19,Communication Services,New York City,New York,2024.0,1501000000.0,2478000000.0,,,13980000000.0
FOX,Fox Corporation (Class B),2019-03-19,Communication Services,New York City,New York,2025.0,2263000000.0,3229000000.0,,,16300000000.0
FOXA,Fox Corporation (Class A),2019-03-19,Communication Services,New York City,New York,2021.0,,,,,
FOXA,Fox Corporation (Class A),2019-03-19,Communication Services,New York City,New York,2022.0,1205000000.0,2574000000.0,,,13974000000.0
FOXA,Fox Corporation (Class A),2019-03-19,Communication Services,New York City,New York,2023.0,1239000000.0,2764000000.0,,,14913000000.0
FOXA,Fox Corporation (Class A),2019-03-19,Communication Services,New York City,New York,2024.0,1501000000.0,2478000000.0,,,13980000000.0
FOXA,Fox Corporation (Class A),2019-03-19,Communication Services,New York City,New York,2025.0,2263000000.0,3229000000.0,,,16300000000.0
FRT,Federal Realty Investment Trust,2016-02-01,Real Estate,Rockville,Maryland,2021.0,,,,,
FRT,Federal Realty Investment Trust,2016-02-01,Real Estate,Rockville,Maryland,2022.0,385491000.0,362551000.0,,717596000.0,1074378000.0
FRT,Federal Realty Investment Trust,2016-02-01,Real Estate,Rockville,Maryland,2023.0,236985000.0,396589000.0,,769059000.0,1132154000.0
FRT,Federal Realty Investment Trust,2016-02-01,Real Estate,Rockville,Maryland,2024.0,295208000.0,418316000.0,,810653000.0,1202452000.0
FRT,Federal Realty Investment Trust,2016-02-01,Real Estate,Rockville,Maryland,2025.0,411077000.0,459513000.0,,860092000.0,1278975000.0
FSLR,First Solar,2022-12-19,Information Technology,Tempe,Arizona,2021.0,,,,,
FSLR,First Solar,2022-12-19,Information Technology,Tempe,Arizona,2022.0,-44166000.0,-280747000.0,112804000.0,69858000.0,2619319000.0
FSLR,First Solar,2022-12-19,Information Technology,Tempe,Arizona,2023.0,830777000.0,885973000.0,152307000.0,1300679000.0,3318602000.0
FSLR,First Solar,2022-12-19,Information Technology,Tempe,Arizona,2024.0,1292044000.0,1393735000.0,191375000.0,1857864000.0,4206289000.0
FSLR,First Solar,2022-12-19,Information Technology,Tempe,Arizona,2025.0,1528229000.0,1596864000.0,233421000.0,2120339000.0,5219376000.0
FTNT,Fortinet,2018-10-11,Information Technology,Sunnyvale,California,2021.0,606800000.0,650400000.0,424200000.0,2559200000.0,3342200000.0
FTNT,Fortinet,2018-10-11,Information Technology,Sunnyvale,California,2022.0,857300000.0,969600000.0,512400000.0,3332500000.0,4417400000.0
FTNT,Fortinet,2018-10-11,Information Technology,Sunnyvale,California,2023.0,1147800000.0,1241100000.0,613800000.0,4067600000.0,5304800000.0
FTNT,Fortinet,2018-10-11,Information Technology,Sunnyvale,California,2024.0,1745200000.0,1803400000.0,716800000.0,4798200000.0,5955800000.0
FTNT,Fortinet,2018-10-11,Information Technology,Sunnyvale,California,2025.0,,,,,
FTV,Fortive,2016-07-01,Industrials,Everett,Washington,2021.0,608400000.0,812800000.0,354800000.0,3007100000.0,5254700000.0
FTV,Fortive,2016-07-01,Industrials,Everett,Washington,2022.0,755200000.0,1005300000.0,401500000.0,3363400000.0,5825700000.0
FTV,Fortive,2016-07-01,Industrials,Everett,Washington,2023.0,865800000.0,1133700000.0,397800000.0,3594100000.0,6065300000.0
FTV,Fortive,2016-07-01,Industrials,Everett,Washington,2024.0,832900000.0,1143500000.0,414000000.0,3731000000.0,6231800000.0
FTV,Fortive,2016-07-01,Industrials,Everett,Washington,2025.0,,,,,
GD,General Dynamics,1957-03-04,Industrials,Reston,Virginia,2022.0,3390000000.0,4211000000.0,,6622000000.0,39407000000.0
GD,General Dynamics,1957-03-04,Industrials,Reston,Virginia,2023.0,3315000000.0,4245000000.0,,6672000000.0,42272000000.0
GD,General Dynamics,1957-03-04,Industrials,Reston,Virginia,2024.0,3782000000.0,4796000000.0,,7364000000.0,47716000000.0
GD,General Dynamics,1957-03-04,Industrials,Reston,Virginia,2025.0,4210000000.0,5356000000.0,,7951000000.0,52550000000.0
GDDY,GoDaddy,2024-06-24,Information Technology,Tempe,Arizona,2021.0,242300000.0,381800000.0,706300000.0,2443500000.0,3815700000.0
GDDY,GoDaddy,2024-06-24,Information Technology,Tempe,Arizona,2022.0,352200000.0,514500000.0,794000000.0,2606800000.0,4091300000.0
GDDY,GoDaddy,2024-06-24,Information Technology,Tempe,Arizona,2023.0,1374800000.0,638200000.0,839600000.0,2680500000.0,4254100000.0
GDDY,GoDaddy,2024-06-24,Information Technology,Tempe,Arizona,2024.0,936900000.0,932900000.0,814400000.0,2921200000.0,4573200000.0
GE,GE Aerospace,1957-03-04,Industrials,Evendale,Ohio,2021.0,,,,,
GE,GE Aerospace,1957-03-04,Industrials,Evendale,Ohio,2022.0,336000000.0,3596000000.0,808000000.0,10152000000.0,29139000000.0
GE,GE Aerospace,1957-03-04,Industrials,Evendale,Ohio,2023.0,9482000000.0,4717000000.0,1011000000.0,12409000000.0,35348000000.0
GE,GE Aerospace,1957-03-04,Industrials,Evendale,Ohio,2024.0,6556000000.0,6761000000.0,1286000000.0,14394000000.0,38702000000.0
GE,GE Aerospace,1957-03-04,Industrials,Evendale,Ohio,2025.0,8704000000.0,8680000000.0,1580000000.0,16887000000.0,45855000000.0
GEHC,GE HealthCare,2023-01-04,Health Care,Chicago,Illinois,2021.0,,,,,
GEHC,GE HealthCare,2023-01-04,Health Care,Chicago,Illinois,2022.0,1916000000.0,2522000000.0,1026000000.0,7179000000.0,18341000000.0
GEHC,GE HealthCare,2023-01-04,Health Care,Chicago,Illinois,2023.0,1568000000.0,2435000000.0,1205000000.0,7922000000.0,19552000000.0
GEHC,GE HealthCare,2023-01-04,Health Care,Chicago,Illinois,2024.0,1993000000.0,2625000000.0,1311000000.0,8205000000.0,19672000000.0
GEHC,GE HealthCare,2023-01-04,Health Care,Chicago,Illinois,2025.0,2084000000.0,2762000000.0,1260000000.0,8247000000.0,20625000000.0
GEN,Gen Digital,2003-03-25,Information Technology,Tempe,Arizona,2021.0,,,,,
GEN,Gen Digital,2003-03-25,Information Technology,Tempe,Arizona,2022.0,836000000.0,1036000000.0,253000000.0,2388000000.0,2796000000.0
GEN,Gen Digital,2003-03-25,Information Technology,Tempe,Arizona,2023.0,1334000000.0,1275000000.0,313000000.0,2728000000.0,3317000000.0
GEN,Gen Digital,2003-03-25,Information Technology,Tempe,Arizona,2024.0,607000000.0,1167000000.0,332000000.0,3069000000.0,3800000000.0
GEN,Gen Digital,2003-03-25,Information Technology,Tempe,Arizona,2025.0,643000000.0,1620000000.0,329000000.0,3159000000.0,3935000000.0
GEV,GE Vernova,2024-04-02,Industrials,Cambridge,Massachusetts,2021.0,,,,,
GEV,GE Vernova,2024-04-02,Industrials,Cambridge,Massachusetts,2022.0,-2736000000.0,-2881000000.0,979000000.0,3458000000.0,29654000000.0
GEV,GE Vernova,2024-04-02,Industrials,Cambridge,Massachusetts,2023.0,-438000000.0,-923000000.0,896000000.0,4818000000.0,33239000000.0
GEV,GE Vernova,2024-04-02,Industrials,Cambridge,Massachusetts,2024.0,1552000000.0,471000000.0,982000000.0,6085000000.0,34935000000.0
GEV,GE Vernova,2024-04-02,Industrials,Cambridge,Massachusetts,2025.0,4884000000.0,1389000000.0,1197000000.0,7535000000.0,38068000000.0
GILD,Gilead Sciences,2004-07-01,Health Care,Foster City,California,2021.0,,,,,
GILD,Gilead Sciences,2004-07-01,Health Care,Foster City,California,2022.0,4592000000.0,10974000000.0,4977000000.0,21624000000.0,27281000000.0
GILD,Gilead Sciences,2004-07-01,Health Care,Foster City,California,2023.0,5665000000.0,8838000000.0,5718000000.0,20618000000.0,27116000000.0
GILD,Gilead Sciences,2004-07-01,Health Care,Foster City,California,2024.0,480000000.0,10596000000.0,5907000000.0,22503000000.0,28754000000.0
GILD,Gilead Sciences,2004-07-01,Health Care,Foster City,California,2025.0,8510000000.0,11701000000.0,5799000000.0,23208000000.0,29442000000.0
GIS,General Mills,1957-03-04,Consumer Staples,Golden Valley,Minnesota,2022.0,2707300000.0,3255200000.0,,6402200000.0,18992800000.0
GIS,General Mills,1957-03-04,Consumer Staples,Golden Valley,Minnesota,2023.0,2593900000.0,3045400000.0,,6545800000.0,20094200000.0
GIS,General Mills,1957-03-04,Consumer Staples,Golden Valley,Minnesota,2024.0,2496600000.0,3673100000.0,,6932100000.0,19857200000.0
GIS,General Mills,1957-03-04,Consumer Staples,Golden Valley,Minnesota,2025.0,2295200000.0,3287200000.0,,6733000000.0,19486600000.0
GL,Globe Life,1989-04-30,Financials,McKinney,Texas,2021.0,,,,,
GL,Globe Life,1989-04-30,Financials,McKinney,Texas,2022.0,894386000.0,,,,5226740000.0
GL,Globe Life,1989-04-30,Financials,McKinney,Texas,2023.0,970755000.0,,,,5447533000.0
GL,Globe Life,1989-04-30,Financials,McKinney,Texas,2024.0,1070762000.0,,,,5778069000.0
GL,Globe Life,1989-04-30,Financials,McKinney,Texas,2025.0,1161238000.0,,,,5994318000.0
GLW,Corning Inc.,1995-02-27,Information Technology,Corning,New York,2021.0,,,,,
GLW,Corning Inc.,1995-02-27,Information Technology,Corning,New York,2022.0,1316000000.0,1438000000.0,1047000000.0,4506000000.0,14189000000.0
GLW,Corning Inc.,1995-02-27,Information Technology,Corning,New York,2023.0,581000000.0,890000000.0,1076000000.0,3931000000.0,12588000000.0
GLW,Corning Inc.,1995-02-27,Information Technology,Corning,New York,2024.0,506000000.0,1135000000.0,1089000000.0,4276000000.0,13118000000.0
GLW,Corning Inc.,1995-02-27,Information Technology,Corning,New York,2025.0,1596000000.0,2279000000.0,1110000000.0,5621000000.0,15629000000.0
GM,General Motors,2013-06-06,Consumer Discretionary,Detroit,Michigan,2022.0,9934000000.0,10314000000.0,,20981000000.0,156735000000.0
GM,General Motors,2013-06-06,Consumer Discretionary,Detroit,Michigan,2023.0,10127000000.0,9298000000.0,,19138000000.0,171842000000.0
GM,General Motors,2013-06-06,Consumer Discretionary,Detroit,Michigan,2024.0,6008000000.0,12784000000.0,,23405000000.0,187442000000.0
GM,General Motors,2013-06-06,Consumer Discretionary,Detroit,Michigan,2025.0,2697000000.0,2909000000.0,,11596000000.0,185019000000.0
GNRC,Generac,2021-03-22,Industrials,Waukesha,Wisconsin,2021.0,,,,,
GNRC,Generac,2021-03-22,Industrials,Waukesha,Wisconsin,2022.0,350267000.0,566330000.0,159774000.0,1522004000.0,4564737000.0
GNRC,Generac,2021-03-22,Industrials,Waukesha,Wisconsin,2023.0,203089000.0,386199000.0,173443000.0,1365431000.0,4022667000.0
GNRC,Generac,2021-03-22,Industrials,Waukesha,Wisconsin,2024.0,325256000.0,536742000.0,219600000.0,1665626000.0,4295834000.0
GNRC,Generac,2021-03-22,Industrials,Waukesha,Wisconsin,2025.0,159554000.0,289191000.0,243470000.0,1611737000.0,4209147000.0
GOOG,Alphabet Inc. (Class C),2014-04-03,Communication Services,Mountain View,California,2021.0,,,,,
GOOG,Alphabet Inc. (Class C),2014-04-03,Communication Services,Mountain View,California,2022.0,59972000000.0,74842000000.0,39500000000.0,156633000000.0,282836000000.0
GOOG,Alphabet Inc. (Class C),2014-04-03,Communication Services,Mountain View,California,2023.0,73795000000.0,84293000000.0,45427000000.0,174062000000.0,307394000000.0
GOOG,Alphabet Inc. (Class C),2014-04-03,Communication Services,Mountain View,California,2024.0,100118000000.0,112390000000.0,49326000000.0,203712000000.0,350018000000.0
GOOG,Alphabet Inc. (Class C),2014-04-03,Communication Services,Mountain View,California,2025.0,132170000000.0,129039000000.0,61087000000.0,240301000000.0,402836000000.0
GOOGL,Alphabet Inc. (Class A),2006-04-03,Communication Services,Mountain View,California,2021.0,,,,,
GOOGL,Alphabet Inc. (Class A),2006-04-03,Communication Services,Mountain View,California,2022.0,59972000000.0,74842000000.0,39500000000.0,156633000000.0,282836000000.0
GOOGL,Alphabet Inc. (Class A),2006-04-03,Communication Services,Mountain View,California,2023.0,73795000000.0,84293000000.0,45427000000.0,174062000000.0,307394000000.0
GOOGL,Alphabet Inc. (Class A),2006-04-03,Communication Services,Mountain View,California,2024.0,100118000000.0,112390000000.0,49326000000.0,203712000000.0,350018000000.0
GOOGL,Alphabet Inc. (Class A),2006-04-03,Communication Services,Mountain View,California,2025.0,132170000000.0,129039000000.0,61087000000.0,240301000000.0,402836000000.0
GPC,Genuine Parts Company,1973-12-31,Consumer Discretionary,Atlanta,Georgia,2021.0,,,,,
GPC,Genuine Parts Company,1973-12-31,Consumer Discretionary,Atlanta,Georgia,2022.0,1182701000.0,1614199000.0,,7740104000.0,22095973000.0
GPC,Genuine Parts Company,1973-12-31,Consumer Discretionary,Atlanta,Georgia,2023.0,1316524000.0,1747053000.0,,8290672000.0,23090610000.0
GPC,Genuine Parts Company,1973-12-31,Consumer Discretionary,Atlanta,Georgia,2024.0,904076000.0,1442736000.0,,8523615000.0,23486569000.0
GPC,Genuine Parts Company,1973-12-31,Consumer Discretionary,Atlanta,Georgia,2025.0,65945000.0,1214612000.0,,8940698000.0,24300141000.0
GPN,Global Payments,2016-04-25,Financials,Atlanta,Georgia,2022.0,111493000.0,1672320000.0,,5196898000.0,8975515000.0
GPN,Global Payments,2016-04-25,Financials,Atlanta,Georgia,2023.0,986233000.0,1452358000.0,,5311489000.0,7379784000.0
GPN,Global Payments,2016-04-25,Financials,Atlanta,Georgia,2024.0,1570365000.0,1701366000.0,,5702499000.0,7735970000.0
GPN,Global Payments,2016-04-25,Financials,Atlanta,Georgia,2025.0,1400107000.0,1471866000.0,,5592497000.0,7705878000.0
GRMN,Garmin,2012-12-12,Consumer Discretionary,Schaffhausen,Switzerland,2021.0,,,,,
GRMN,Garmin,2012-12-12,Consumer Discretionary,Schaffhausen,Switzerland,2022.0,973585000.0,1027845000.0,834927000.0,2806775000.0,4860286000.0
GRMN,Garmin,2012-12-12,Consumer Discretionary,Schaffhausen,Switzerland,2023.0,1289636000.0,1092160000.0,904696000.0,3004955000.0,5228252000.0
GRMN,Garmin,2012-12-12,Consumer Discretionary,Schaffhausen,Switzerland,2024.0,1411436000.0,1593994000.0,993601000.0,3696555000.0,6296903000.0
GRMN,Garmin,2012-12-12,Consumer Discretionary,Schaffhausen,Switzerland,2025.0,1663887000.0,1876076000.0,1126231000.0,4256303000.0,7245519000.0
GS,Goldman Sachs,2002-07-22,Financials,New York City,New York,2021.0,21635000000.0,,,,59339000000.0
GS,Goldman Sachs,2002-07-22,Financials,New York City,New York,2022.0,11261000000.0,,,,47365000000.0
GS,Goldman Sachs,2002-07-22,Financials,New York City,New York,2023.0,8516000000.0,,,,46254000000.0
GS,Goldman Sachs,2002-07-22,Financials,New York City,New York,2024.0,14276000000.0,,,,53512000000.0
GS,Goldman Sachs,2002-07-22,Financials,New York City,New York,2025.0,,,,,
GWW,W. W. Grainger,1981-06-30,Industrials,Lake Forest,Illinois,2022.0,1547000000.0,2215000000.0,,5849000000.0,15228000000.0
GWW,W. W. Grainger,1981-06-30,Industrials,Lake Forest,Illinois,2023.0,1829000000.0,2565000000.0,,6496000000.0,16478000000.0
GWW,W. W. Grainger,1981-06-30,Industrials,Lake Forest,Illinois,2024.0,1909000000.0,2637000000.0,,6758000000.0,17168000000.0
GWW,W. W. Grainger,1981-06-30,Industrials,Lake Forest,Illinois,2025.0,1706000000.0,2495000000.0,,7009000000.0,17942000000.0
HAL,Halliburton,1957-03-04,Energy,Houston,Texas,2021.0,,,,,
HAL,Halliburton,1957-03-04,Energy,Houston,Texas,2022.0,1572000000.0,3073000000.0,,3313000000.0,20297000000.0
HAL,Halliburton,1957-03-04,Energy,Houston,Texas,2023.0,2638000000.0,4083000000.0,,4360000000.0,23018000000.0
HAL,Halliburton,1957-03-04,Energy,Houston,Texas,2024.0,2501000000.0,3938000000.0,,4301000000.0,22944000000.0
HAL,Halliburton,1957-03-04,Energy,Houston,Texas,2025.0,1283000000.0,3091000000.0,,3484000000.0,22184000000.0
HAS,Hasbro,1984-09-30,Consumer Discretionary,Pawtucket,Rhode Island,2021.0,428700000.0,872100000.0,315700000.0,3872500000.0,6420400000.0
HAS,Hasbro,1984-09-30,Consumer Discretionary,Pawtucket,Rhode Island,2022.0,203500000.0,429800000.0,307900000.0,3451900000.0,5856700000.0
HAS,Hasbro,1984-09-30,Consumer Discretionary,Pawtucket,Rhode Island,2023.0,-1489300000.0,191400000.0,306900000.0,2869000000.0,5003300000.0
HAS,Hasbro,1984-09-30,Consumer Discretionary,Pawtucket,Rhode Island,2024.0,385600000.0,727400000.0,294100000.0,2671800000.0,4135500000.0
HBAN,Huntington Bancshares,1997-08-28,Financials,Columbus,Ohio; Detroit,2021.0,,,,,
HBAN,Huntington Bancshares,1997-08-28,Financials,Columbus,Ohio; Detroit,2022.0,2238000000.0,,,,7254000000.0
HBAN,Huntington Bancshares,1997-08-28,Financials,Columbus,Ohio; Detroit,2023.0,1951000000.0,,,,7360000000.0
HBAN,Huntington Bancshares,1997-08-28,Financials,Columbus,Ohio; Detroit,2024.0,1940000000.0,,,,7385000000.0
HBAN,Huntington Bancshares,1997-08-28,Financials,Columbus,Ohio; Detroit,2025.0,2211000000.0,,,,8131000000.0
HCA,HCA Healthcare,2015-01-27,Health Care,Nashville,Tennessee,2021.0,,,,,
HCA,HCA Healthcare,2015-01-27,Health Care,Nashville,Tennessee,2022.0,5643000000.0,9053000000.0,,23177000000.0,60233000000.0
HCA,HCA Healthcare,2015-01-27,Health Care,Nashville,Tennessee,2023.0,5242000000.0,9627000000.0,,25579000000.0,64968000000.0
HCA,HCA Healthcare,2015-01-27,Health Care,Nashville,Tennessee,2024.0,5760000000.0,10547000000.0,,28678000000.0,70603000000.0
HCA,HCA Healthcare,2015-01-27,Health Care,Nashville,Tennessee,2025.0,6784000000.0,11965000000.0,,31374000000.0,75600000000.0
HD,Home Depot (The),1988-03-31,Consumer Discretionary,Atlanta,Georgia,2022.0,16433000000.0,23040000000.0,,50832000000.0,151157000000.0
HD,Home Depot (The),1988-03-31,Consumer Discretionary,Atlanta,Georgia,2023.0,17105000000.0,24039000000.0,,52778000000.0,157403000000.0
HD,Home Depot (The),1988-03-31,Consumer Discretionary,Atlanta,Georgia,2024.0,15143000000.0,21689000000.0,,50960000000.0,152669000000.0
HD,Home Depot (The),1988-03-31,Consumer Discretionary,Atlanta,Georgia,2025.0,14806000000.0,21526000000.0,,53308000000.0,159514000000.0
HD,Home Depot (The),1988-03-31,Consumer Discretionary,Atlanta,Georgia,2026.0,,,,,
HIG,Hartford (The),1957-03-04,Financials,Hartford,Connecticut,2021.0,,,,,
HIG,Hartford (The),1957-03-04,Financials,Hartford,Connecticut,2022.0,1819000000.0,,,,21854000000.0
HIG,Hartford (The),1957-03-04,Financials,Hartford,Connecticut,2023.0,2504000000.0,,,,24330000000.0
HIG,Hartford (The),1957-03-04,Financials,Hartford,Connecticut,2024.0,3111000000.0,,,,26384000000.0
HIG,Hartford (The),1957-03-04,Financials,Hartford,Connecticut,2025.0,3836000000.0,,,,28071000000.0
HII,Huntington Ingalls Industries,2018-01-03,Industrials,Newport News,Virginia,2021.0,,,,,
HII,Huntington Ingalls Industries,2018-01-03,Industrials,Newport News,Virginia,2022.0,579000000.0,517000000.0,,1440000000.0,10676000000.0
HII,Huntington Ingalls Industries,2018-01-03,Industrials,Newport News,Virginia,2023.0,681000000.0,744000000.0,,1646000000.0,11454000000.0
HII,Huntington Ingalls Industries,2018-01-03,Industrials,Newport News,Virginia,2024.0,550000000.0,486000000.0,,1450000000.0,11535000000.0
HII,Huntington Ingalls Industries,2018-01-03,Industrials,Newport News,Virginia,2025.0,605000000.0,611000000.0,,1585000000.0,12484000000.0
HLT,Hilton Worldwide,2017-06-19,Consumer Discretionary,Tysons Corner,Virginia,2021.0,,,,,
HLT,Hilton Worldwide,2017-06-19,Consumer Discretionary,Tysons Corner,Virginia,2022.0,1255000000.0,2094000000.0,,2698000000.0,8773000000.0
HLT,Hilton Worldwide,2017-06-19,Consumer Discretionary,Tysons Corner,Virginia,2023.0,1141000000.0,2263000000.0,,2930000000.0,10235000000.0
HLT,Hilton Worldwide,2017-06-19,Consumer Discretionary,Tysons Corner,Virginia,2024.0,1535000000.0,2365000000.0,,3063000000.0,11174000000.0
HLT,Hilton Worldwide,2017-06-19,Consumer Discretionary,Tysons Corner,Virginia,2025.0,1457000000.0,2693000000.0,,3395000000.0,12039000000.0
HOLX,Hologic,2016-03-30,Health Care,Marlborough,Massachusetts,2021.0,,,,,
HOLX,Hologic,2016-03-30,Health Care,Marlborough,Massachusetts,2022.0,1302000000.0,1630800000.0,283400000.0,2997400000.0,4862800000.0
HOLX,Hologic,2016-03-30,Health Care,Marlborough,Massachusetts,2023.0,456000000.0,761500000.0,294300000.0,2071500000.0,4030400000.0
HOLX,Hologic,2016-03-30,Health Care,Marlborough,Massachusetts,2024.0,789500000.0,931000000.0,272800000.0,2227800000.0,4030300000.0
HOLX,Hologic,2016-03-30,Health Care,Marlborough,Massachusetts,2025.0,565700000.0,785400000.0,248200000.0,2117900000.0,4100500000.0
HON,Honeywell,1957-03-04,Industrials,Charlotte,North Carolina,2021.0,5542000000.0,6200000000.0,1333000000.0,12331000000.0,34392000000.0
HON,Honeywell,1957-03-04,Industrials,Charlotte,North Carolina,2022.0,4966000000.0,6427000000.0,1478000000.0,13119000000.0,35466000000.0
HON,Honeywell,1957-03-04,Industrials,Charlotte,North Carolina,2023.0,5658000000.0,7084000000.0,1456000000.0,13667000000.0,36662000000.0
HON,Honeywell,1957-03-04,Industrials,Charlotte,North Carolina,2024.0,5705000000.0,7660000000.0,1536000000.0,14662000000.0,38498000000.0
HOOD,Robinhood Markets,2025-09-22,Financials,Menlo Park,California,2021.0,,,,,
HOOD,Robinhood Markets,2025-09-22,Financials,Menlo Park,California,2022.0,-1028000000.0,-966000000.0,878000000.0,770000000.0,1358000000.0
HOOD,Robinhood Markets,2025-09-22,Financials,Menlo Park,California,2023.0,-541000000.0,-536000000.0,805000000.0,1719000000.0,1865000000.0
HOOD,Robinhood Markets,2025-09-22,Financials,Menlo Park,California,2024.0,1411000000.0,1054000000.0,818000000.0,2344000000.0,2951000000.0
HOOD,Robinhood Markets,2025-09-22,Financials,Menlo Park,California,2025.0,1883000000.0,2094000000.0,897000000.0,3728000000.0,4473000000.0
HPE,Hewlett Packard Enterprise,2015-11-02,Information Technology,Houston,Texas,2021.0,,,,,
HPE,Hewlett Packard Enterprise,2015-11-02,Information Technology,Houston,Texas,2022.0,868000000.0,2227000000.0,2045000000.0,9506000000.0,28496000000.0
HPE,Hewlett Packard Enterprise,2015-11-02,Information Technology,Houston,Texas,2023.0,2025000000.0,2442000000.0,2349000000.0,10239000000.0,29135000000.0
HPE,Hewlett Packard Enterprise,2015-11-02,Information Technology,Houston,Texas,2024.0,2579000000.0,2494000000.0,2246000000.0,9878000000.0,30127000000.0
HPE,Hewlett Packard Enterprise,2015-11-02,Information Technology,Houston,Texas,2025.0,57000000.0,1644000000.0,2518000000.0,10377000000.0,34296000000.0
HPQ,HP Inc.,1974-12-31,Information Technology,Palo Alto,California,2021.0,,,,,
HPQ,HP Inc.,1974-12-31,Information Technology,Palo Alto,California,2022.0,3132000000.0,5117000000.0,1653000000.0,12263000000.0,62910000000.0
HPQ,HP Inc.,1974-12-31,Information Technology,Palo Alto,California,2023.0,3263000000.0,4223000000.0,1578000000.0,11508000000.0,53718000000.0
HPQ,HP Inc.,1974-12-31,Information Technology,Palo Alto,California,2024.0,2775000000.0,4202000000.0,1640000000.0,11818000000.0,53559000000.0
HPQ,HP Inc.,1974-12-31,Information Technology,Palo Alto,California,2025.0,2529000000.0,3624000000.0,1602000000.0,11392000000.0,55295000000.0
HRL,Hormel Foods,2009-03-04,Consumer Staples,Austin,Minnesota,2021.0,,,,,
HRL,Hormel Foods,2009-03-04,Consumer Staples,Austin,Minnesota,2022.0,999987000.0,1285421000.0,,2164686000.0,12458806000.0
HRL,Hormel Foods,2009-03-04,Consumer Staples,Austin,Minnesota,2023.0,793572000.0,1057674000.0,,1999841000.0,12110010000.0
HRL,Hormel Foods,2009-03-04,Consumer Staples,Austin,Minnesota,2024.0,805038000.0,1016844000.0,,2022138000.0,11920797000.0
HRL,Hormel Foods,2009-03-04,Consumer Staples,Austin,Minnesota,2025.0,478197000.0,895192000.0,,1891816000.0,12106160000.0
HSIC,Henry Schein,2015-03-17,Health Care,Melville,New York,2021.0,631000000.0,860000000.0,,3674000000.0,12401000000.0
HSIC,Henry Schein,2015-03-17,Health Care,Melville,New York,2022.0,538000000.0,878000000.0,,3831000000.0,12647000000.0
HSIC,Henry Schein,2015-03-17,Health Care,Melville,New York,2023.0,416000000.0,695000000.0,,3860000000.0,12339000000.0
HSIC,Henry Schein,2015-03-17,Health Care,Melville,New York,2024.0,390000000.0,731000000.0,,4016000000.0,12673000000.0
HST,Host Hotels & Resorts,2007-03-20,Real Estate,Bethesda,Maryland,2021.0,,,,,
HST,Host Hotels & Resorts,2007-03-20,Real Estate,Bethesda,Maryland,2022.0,633000000.0,758000000.0,,2710000000.0,4907000000.0
HST,Host Hotels & Resorts,2007-03-20,Real Estate,Bethesda,Maryland,2023.0,740000000.0,741000000.0,,2850000000.0,5311000000.0
HST,Host Hotels & Resorts,2007-03-20,Real Estate,Bethesda,Maryland,2024.0,697000000.0,771000000.0,,3033000000.0,5684000000.0
HST,Host Hotels & Resorts,2007-03-20,Real Estate,Bethesda,Maryland,2025.0,765000000.0,831000000.0,,3216000000.0,6114000000.0
HSY,Hershey Company (The),1957-03-04,Consumer Staples,Hershey,Pennsylvania,2021.0,,,,,
HSY,Hershey Company (The),1957-03-04,Consumer Staples,Hershey,Pennsylvania,2022.0,1644817000.0,2262776000.0,,4498785000.0,10419294000.0
HSY,Hershey Company (The),1957-03-04,Consumer Staples,Hershey,Pennsylvania,2023.0,1861787000.0,2561308000.0,,4997816000.0,11164992000.0
HSY,Hershey Company (The),1957-03-04,Consumer Staples,Hershey,Pennsylvania,2024.0,2221239000.0,2927267000.0,,5300888000.0,11202263000.0
HSY,Hershey Company (The),1957-03-04,Consumer Staples,Hershey,Pennsylvania,2025.0,883259000.0,1462122000.0,,3922691000.0,11692576000.0
HUBB,Hubbell Incorporated,2023-10-18,Industrials,Shelton,Connecticut,2021.0,,,,,
HUBB,Hubbell Incorporated,2023-10-18,Industrials,Shelton,Connecticut,2022.0,545900000.0,709100000.0,,1471600000.0,4947900000.0
HUBB,Hubbell Incorporated,2023-10-18,Industrials,Shelton,Connecticut,2023.0,751400000.0,1027400000.0,,1877000000.0,5372900000.0
HUBB,Hubbell Incorporated,2023-10-18,Industrials,Shelton,Connecticut,2024.0,779000000.0,1093100000.0,,1905600000.0,5628500000.0
HUBB,Hubbell Incorporated,2023-10-18,Industrials,Shelton,Connecticut,2025.0,887100000.0,1208800000.0,,2064100000.0,5844600000.0
HUM,Humana,2012-12-10,Health Care,Louisville,Kentucky,2022.0,2806000000.0,,,,92870000000.0
HUM,Humana,2012-12-10,Health Care,Louisville,Kentucky,2023.0,2489000000.0,,,,106374000000.0
HUM,Humana,2012-12-10,Health Care,Louisville,Kentucky,2024.0,1207000000.0,,,,117761000000.0
HUM,Humana,2012-12-10,Health Care,Louisville,Kentucky,2025.0,1188000000.0,,,,129664000000.0
HWM,Howmet Aerospace,2016-10-21,Industrials,Pittsburgh,Pennsylvania,2021.0,,,,,
HWM,Howmet Aerospace,2016-10-21,Industrials,Pittsburgh,Pennsylvania,2022.0,469000000.0,983000000.0,32000000.0,1560000000.0,5663000000.0
HWM,Howmet Aerospace,2016-10-21,Industrials,Pittsburgh,Pennsylvania,2023.0,765000000.0,1216000000.0,36000000.0,1867000000.0,6640000000.0
HWM,Howmet Aerospace,2016-10-21,Industrials,Pittsburgh,Pennsylvania,2024.0,1155000000.0,1639000000.0,33000000.0,2311000000.0,7430000000.0
HWM,Howmet Aerospace,2016-10-21,Industrials,Pittsburgh,Pennsylvania,2025.0,1508000000.0,2115000000.0,37000000.0,2820000000.0,8252000000.0
IBKR,Interactive Brokers,2025-08-28,Financials,Greenwich,Connecticut,,,,,,
IBM,IBM,1957-03-04,Information Technology,Armonk,New York,2021.0,5742000000.0,6865000000.0,6488000000.0,31486000000.0,57351000000.0
IBM,IBM,1957-03-04,Information Technology,Armonk,New York,2022.0,1640000000.0,8174000000.0,6567000000.0,32687000000.0,60530000000.0
IBM,IBM,1957-03-04,Information Technology,Armonk,New York,2023.0,7502000000.0,9821000000.0,6775000000.0,34300000000.0,61860000000.0
IBM,IBM,1957-03-04,Information Technology,Armonk,New York,2024.0,6023000000.0,10074000000.0,7479000000.0,35551000000.0,62753000000.0
IBM,IBM,1957-03-04,Information Technology,Armonk,New York,2025.0,,,,,
ICE,Intercontinental Exchange,2007-09-26,Financials,Atlanta,Georgia,2022.0,1446000000.0,3731000000.0,,5202000000.0,9636000000.0
ICE,Intercontinental Exchange,2007-09-26,Financials,Atlanta,Georgia,2023.0,2368000000.0,3963000000.0,,5659000000.0,9903000000.0
ICE,Intercontinental Exchange,2007-09-26,Financials,Atlanta,Georgia,2024.0,2754000000.0,4413000000.0,,6522000000.0,11761000000.0
ICE,Intercontinental Exchange,2007-09-26,Financials,Atlanta,Georgia,2025.0,3315000000.0,4999000000.0,,7098000000.0,12640000000.0
IDXX,Idexx Laboratories,2017-01-05,Health Care,Westbrook,Maine,2021.0,,,,,
IDXX,Idexx Laboratories,2017-01-05,Health Care,Westbrook,Maine,2022.0,679089000.0,898765000.0,254820000.0,2004338000.0,3367324000.0
IDXX,Idexx Laboratories,2017-01-05,Health Care,Westbrook,Maine,2023.0,845042000.0,1097128000.0,190951000.0,2189970000.0,3660953000.0
IDXX,Idexx Laboratories,2017-01-05,Health Care,Westbrook,Maine,2024.0,887867000.0,1128337000.0,219792000.0,2378927000.0,3897504000.0
IDXX,Idexx Laboratories,2017-01-05,Health Care,Westbrook,Maine,2025.0,1059464000.0,1360031000.0,251207000.0,2659579000.0,4303702000.0
IEX,IDEX Corporation,2019-08-09,Industrials,Northbrook,Illinois,2022.0,586900000.0,774200000.0,,1426900000.0,3181900000.0
IEX,IDEX Corporation,2019-08-09,Industrials,Northbrook,Illinois,2023.0,596100000.0,743400000.0,,1446900000.0,3273900000.0
IEX,IDEX Corporation,2019-08-09,Industrials,Northbrook,Illinois,2024.0,505000000.0,686500000.0,,1445200000.0,3268800000.0
IEX,IDEX Corporation,2019-08-09,Industrials,Northbrook,Illinois,2025.0,483200000.0,720000000.0,,1538800000.0,3457500000.0
IFF,International Flavors & Fragrances,1976-03-31,Materials,New York City,New York,2021.0,268000000.0,625000000.0,629000000.0,3735000000.0,11656000000.0
IFF,International Flavors & Fragrances,1976-03-31,Materials,New York City,New York,2022.0,-1868000000.0,1053000000.0,603000000.0,4151000000.0,12440000000.0
IFF,International Flavors & Fragrances,1976-03-31,Materials,New York City,New York,2023.0,-2565000000.0,578000000.0,636000000.0,3681000000.0,11479000000.0
IFF,International Flavors & Fragrances,1976-03-31,Materials,New York City,New York,2024.0,243000000.0,848000000.0,671000000.0,4124000000.0,11484000000.0
INCY,Incyte,2017-02-28,Health Care,Wilmington,Delaware,2021.0,,,,,
INCY,Incyte,2017-02-28,Health Care,Wilmington,Delaware,2022.0,340660000.0,591626000.0,1585936000.0,3187635000.0,3394635000.0
INCY,Incyte,2017-02-28,Health Care,Wilmington,Delaware,2023.0,597599000.0,655358000.0,1627594000.0,3440659000.0,3695649000.0
INCY,Incyte,2017-02-28,Health Care,Wilmington,Delaware,2024.0,32615000.0,101294000.0,2606848000.0,3929117000.0,4241217000.0
INCY,Incyte,2017-02-28,Health Care,Wilmington,Delaware,2025.0,1286650000.0,1342790000.0,2050152000.0,4769142000.0,5141242000.0
INTC,Intel,1976-12-31,Information Technology,Santa Clara,California,2022.0,8014000000.0,2336000000.0,17528000000.0,26866000000.0,63054000000.0
INTC,Intel,1976-12-31,Information Technology,Santa Clara,California,2023.0,1689000000.0,31000000.0,16046000000.0,21711000000.0,54228000000.0
INTC,Intel,1976-12-31,Information Technology,Santa Clara,California,2024.0,-18756000000.0,-4708000000.0,16546000000.0,17345000000.0,53101000000.0
INTC,Intel,1976-12-31,Information Technology,Santa Clara,California,2025.0,-267000000.0,-23000000.0,13774000000.0,18375000000.0,52853000000.0
INTU,Intuit,2000-12-05,Information Technology,Mountain View,California,2021.0,,,,,
INTU,Intuit,2000-12-05,Information Technology,Mountain View,California,2022.0,2066000000.0,2559000000.0,2347000000.0,10320000000.0,12726000000.0
INTU,Intuit,2000-12-05,Information Technology,Mountain View,California,2023.0,2384000000.0,3141000000.0,2539000000.0,11225000000.0,14368000000.0
INTU,Intuit,2000-12-05,Information Technology,Mountain View,California,2024.0,2963000000.0,3853000000.0,2754000000.0,12820000000.0,16285000000.0
INTU,Intuit,2000-12-05,Information Technology,Mountain View,California,2025.0,3869000000.0,4938000000.0,2928000000.0,14983000000.0,18831000000.0
INVH,Invitation Homes,2022-09-19,Real Estate,Dallas,Texas,2021.0,,,,,
INVH,Invitation Homes,2022-09-19,Real Estate,Dallas,Texas,2022.0,383329000.0,651695000.0,,1363834000.0,2238121000.0
INVH,Invitation Homes,2022-09-19,Real Estate,Dallas,Texas,2023.0,519470000.0,699503000.0,,1456134000.0,2432278000.0
INVH,Invitation Homes,2022-09-19,Real Estate,Dallas,Texas,2024.0,453917000.0,741241000.0,,1546179000.0,2618942000.0
INVH,Invitation Homes,2022-09-19,Real Estate,Dallas,Texas,2025.0,587924000.0,752396000.0,,1594579000.0,2729296000.0
IP,International Paper,1957-03-04,Materials,Memphis,Tennessee,2021.0,1752000000.0,1466000000.0,,5531000000.0,19363000000.0
IP,International Paper,1957-03-04,Materials,Memphis,Tennessee,2022.0,1504000000.0,1754000000.0,,6018000000.0,21161000000.0
IP,International Paper,1957-03-04,Materials,Memphis,Tennessee,2023.0,288000000.0,766000000.0,,5287000000.0,18916000000.0
IP,International Paper,1957-03-04,Materials,Memphis,Tennessee,2024.0,557000000.0,476000000.0,,5243000000.0,18619000000.0
IP,International Paper,1957-03-04,Materials,Memphis,Tennessee,2025.0,,,,,
IQV,IQVIA,2017-08-29,Health Care,Durham,North Carolina,2021.0,,,,,
IQV,IQVIA,2017-08-29,Health Care,Durham,North Carolina,2022.0,1091000000.0,1827000000.0,,5028000000.0,14410000000.0
IQV,IQVIA,2017-08-29,Health Care,Durham,North Carolina,2023.0,1358000000.0,2061000000.0,,5239000000.0,14984000000.0
IQV,IQVIA,2017-08-29,Health Care,Durham,North Carolina,2024.0,1373000000.0,2269000000.0,,5375000000.0,15405000000.0
IQV,IQVIA,2017-08-29,Health Care,Durham,North Carolina,2025.0,1360000000.0,2287000000.0,,5430000000.0,16310000000.0
IR,Ingersoll Rand,2020-03-03,Industrials,Davidson,North Carolina,2021.0,,,,,
IR,Ingersoll Rand,2020-03-03,Industrials,Davidson,North Carolina,2022.0,604700000.0,879400000.0,,2325600000.0,5916300000.0
IR,Ingersoll Rand,2020-03-03,Industrials,Davidson,North Carolina,2023.0,778700000.0,1241500000.0,,2882200000.0,6876100000.0
IR,Ingersoll Rand,2020-03-03,Industrials,Davidson,North Carolina,2024.0,838600000.0,1454300000.0,,3170000000.0,7235000000.0
IR,Ingersoll Rand,2020-03-03,Industrials,Davidson,North Carolina,2025.0,581400000.0,1510000000.0,,3336300000.0,7650900000.0
IRM,Iron Mountain,2009-01-06,Real Estate,Portsmouth,New Hampshire,2021.0,,,,,
IRM,Iron Mountain,2009-01-06,Real Estate,Portsmouth,New Hampshire,2022.0,556981000.0,1046282000.0,,2914454000.0,5103574000.0
IRM,Iron Mountain,2009-01-06,Real Estate,Portsmouth,New Hampshire,2023.0,184234000.0,1110043000.0,,3122489000.0,5480289000.0
IRM,Iron Mountain,2009-01-06,Real Estate,Portsmouth,New Hampshire,2024.0,180156000.0,1212916000.0,,3453360000.0,6149909000.0
IRM,Iron Mountain,2009-01-06,Real Estate,Portsmouth,New Hampshire,2025.0,144591000.0,1403920000.0,,3822257000.0,6901737000.0
ISRG,Intuitive Surgical,2008-06-02,Health Care,Sunnyvale,California,2021.0,,,,,
ISRG,Intuitive Surgical,2008-06-02,Health Care,Sunnyvale,California,2022.0,1322300000.0,1577100000.0,879000000.0,4196000000.0,6222200000.0
ISRG,Intuitive Surgical,2008-06-02,Health Care,Sunnyvale,California,2023.0,1798000000.0,1766800000.0,998800000.0,4729500000.0,7124100000.0
ISRG,Intuitive Surgical,2008-06-02,Health Care,Sunnyvale,California,2024.0,2322600000.0,2348900000.0,1145300000.0,5634200000.0,8352100000.0
ISRG,Intuitive Surgical,2008-06-02,Health Care,Sunnyvale,California,2025.0,2856000000.0,2945500000.0,1311800000.0,6642300000.0,10064700000.0
IT,Gartner,2017-04-05,Information Technology,Stamford,Connecticut,2021.0,,,,,
IT,Gartner,2017-04-05,Information Technology,Stamford,Connecticut,2022.0,807799000.0,1109185000.0,,3782075000.0,5475846000.0
IT,Gartner,2017-04-05,Information Technology,Stamford,Connecticut,2023.0,882466000.0,1111071000.0,,4003716000.0,5906956000.0
IT,Gartner,2017-04-05,Information Technology,Stamford,Connecticut,2024.0,1253715000.0,1157260000.0,,4244389000.0,6267411000.0
IT,Gartner,2017-04-05,Information Technology,Stamford,Connecticut,2025.0,729231000.0,1175711000.0,,4443651000.0,6497226000.0
ITW,Illinois Tool Works,1986-02-28,Industrials,Glenview,Illinois,2022.0,3034000000.0,3790000000.0,,6503000000.0,15932000000.0
ITW,Illinois Tool Works,1986-02-28,Industrials,Glenview,Illinois,2023.0,2957000000.0,4040000000.0,,6791000000.0,16107000000.0
ITW,Illinois Tool Works,1986-02-28,Industrials,Glenview,Illinois,2024.0,3488000000.0,4264000000.0,,7040000000.0,15898000000.0
ITW,Illinois Tool Works,1986-02-28,Industrials,Glenview,Illinois,2025.0,3066000000.0,4216000000.0,,7075000000.0,16044000000.0
IVZ,Invesco,2008-08-21,Financials,Atlanta,Georgia,2021.0,,,,,
IVZ,Invesco,2008-08-21,Financials,Atlanta,Georgia,2022.0,920700000.0,1338900000.0,,2437600000.0,6048900000.0
IVZ,Invesco,2008-08-21,Financials,Atlanta,Georgia,2023.0,-96900000.0,-393200000.0,,2005400000.0,5716400000.0
IVZ,Invesco,2008-08-21,Financials,Atlanta,Georgia,2024.0,774800000.0,832100000.0,,2027200000.0,6067000000.0
IVZ,Invesco,2008-08-21,Financials,Atlanta,Georgia,2025.0,-281700000.0,-695700000.0,,2247200000.0,6377100000.0
J,Jacobs Solutions,2007-10-26,Industrials,Dallas,Texas,2022.0,644039000.0,539884000.0,,2579959000.0,9783074000.0
J,Jacobs Solutions,2007-10-26,Industrials,Dallas,Texas,2023.0,665777000.0,676484000.0,,2710860000.0,10851420000.0
J,Jacobs Solutions,2007-10-26,Industrials,Dallas,Texas,2024.0,806093000.0,692436000.0,,2832756000.0,11500941000.0
J,Jacobs Solutions,2007-10-26,Industrials,Dallas,Texas,2025.0,289336000.0,863634000.0,,2984934000.0,12029783000.0
JBHT,J.B. Hunt,2015-07-01,Industrials,Lowell,Arkansas,2021.0,,,,,
JBHT,J.B. Hunt,2015-07-01,Industrials,Lowell,Arkansas,2022.0,969351000.0,1331553000.0,,1969974000.0,14813999000.0
JBHT,J.B. Hunt,2015-07-01,Industrials,Lowell,Arkansas,2023.0,728287000.0,993196000.0,,1700785000.0,12829665000.0
JBHT,J.B. Hunt,2015-07-01,Industrials,Lowell,Arkansas,2024.0,570886000.0,831225000.0,,1567783000.0,12087204000.0
JBHT,J.B. Hunt,2015-07-01,Industrials,Lowell,Arkansas,2025.0,598282000.0,865069000.0,,1596624000.0,11999096000.0
JBL,Jabil,2023-12-18,Information Technology,St. Petersburg,Florida,2021.0,,,,,
JBL,Jabil,2023-12-18,Information Technology,St. Petersburg,Florida,2022.0,996000000.0,1411000000.0,33000000.0,2632000000.0,33478000000.0
JBL,Jabil,2023-12-18,Information Technology,St. Petersburg,Florida,2023.0,818000000.0,1594000000.0,34000000.0,2867000000.0,34702000000.0
JBL,Jabil,2023-12-18,Information Technology,St. Petersburg,Florida,2024.0,1388000000.0,1437000000.0,39000000.0,2676000000.0,28883000000.0
JBL,Jabil,2023-12-18,Information Technology,St. Petersburg,Florida,2025.0,657000000.0,1436000000.0,26000000.0,2646000000.0,29802000000.0
JCI,Johnson Controls,2010-08-27,Industrials,Cork,Ireland,2022.0,1532000000.0,2012000000.0,,7090000000.0,20637000000.0
JCI,Johnson Controls,2010-08-27,Industrials,Cork,Ireland,2023.0,1849000000.0,2417000000.0,,7804000000.0,22331000000.0
JCI,Johnson Controls,2010-08-27,Industrials,Cork,Ireland,2024.0,1705000000.0,2416000000.0,,8077000000.0,22952000000.0
JCI,Johnson Controls,2010-08-27,Industrials,Cork,Ireland,2025.0,3291000000.0,2828000000.0,,8592000000.0,23596000000.0
JKHY,Jack Henry & Associates,2018-11-13,Financials,Monett,Missouri,2022.0,362916000.0,474619000.0,121355000.0,814270000.0,1942884000.0
JKHY,Jack Henry & Associates,2018-11-13,Financials,Monett,Missouri,2023.0,366646000.0,480688000.0,142678000.0,858640000.0,2077702000.0
JKHY,Jack Henry & Associates,2018-11-13,Financials,Monett,Missouri,2024.0,381816000.0,489391000.0,148256000.0,916066000.0,2215543000.0
JKHY,Jack Henry & Associates,2018-11-13,Financials,Monett,Missouri,2025.0,455748000.0,568715000.0,162771000.0,1014541000.0,2375288000.0
JNJ,Johnson & Johnson,1973-06-30,Health Care,New Brunswick,New Jersey,2021.0,,,,,
JNJ,Johnson & Johnson,1973-06-30,Health Care,New Brunswick,New Jersey,2022.0,17941000000.0,21013000000.0,14135000000.0,55394000000.0,79990000000.0
JNJ,Johnson & Johnson,1973-06-30,Health Care,New Brunswick,New Jersey,2023.0,35153000000.0,22009000000.0,15085000000.0,58606000000.0,85159000000.0
JNJ,Johnson & Johnson,1973-06-30,Health Care,New Brunswick,New Jersey,2024.0,14066000000.0,21249000000.0,17232000000.0,61350000000.0,88821000000.0
JNJ,Johnson & Johnson,1973-06-30,Health Care,New Brunswick,New Jersey,2025.0,26804000000.0,25596000000.0,14665000000.0,63937000000.0,94193000000.0
JPM,JPMorgan Chase,1975-06-30,Financials,New York City,New York,2022.0,37676000000.0,,,,127727000000.0
JPM,JPMorgan Chase,1975-06-30,Financials,New York City,New York,2023.0,49552000000.0,,,,154952000000.0
JPM,JPMorgan Chase,1975-06-30,Financials,New York City,New York,2024.0,58471000000.0,,,,169439000000.0
JPM,JPMorgan Chase,1975-06-30,Financials,New York City,New York,2025.0,57048000000.0,,,,181847000000.0
KDP,Keurig Dr Pepper,2022-06-21,Consumer Staples,Burlington,Massachusetts,2021.0,2146000000.0,2894000000.0,,6977000000.0,12683000000.0
KDP,Keurig Dr Pepper,2022-06-21,Consumer Staples,Burlington,Massachusetts,2022.0,1436000000.0,2783000000.0,,7323000000.0,14057000000.0
KDP,Keurig Dr Pepper,2022-06-21,Consumer Staples,Burlington,Massachusetts,2023.0,2181000000.0,3194000000.0,,8080000000.0,14814000000.0
KDP,Keurig Dr Pepper,2022-06-21,Consumer Staples,Burlington,Massachusetts,2024.0,1441000000.0,3309000000.0,,8529000000.0,15351000000.0
KEY,KeyCorp,1994-03-01,Financials,Cleveland,Ohio,2021.0,,,,,
KEY,KeyCorp,1994-03-01,Financials,Cleveland,Ohio,2022.0,1917000000.0,,,,7026000000.0
KEY,KeyCorp,1994-03-01,Financials,Cleveland,Ohio,2023.0,967000000.0,,,,6215000000.0
KEY,KeyCorp,1994-03-01,Financials,Cleveland,Ohio,2024.0,-161000000.0,,,,4393000000.0
KEY,KeyCorp,1994-03-01,Financials,Cleveland,Ohio,2025.0,1829000000.0,,,,7285000000.0
KEYS,Keysight Technologies,2018-11-06,Information Technology,Santa Rosa,California,2022.0,1124000000.0,1334000000.0,841000000.0,3450000000.0,5420000000.0
KEYS,Keysight Technologies,2018-11-06,Information Technology,Santa Rosa,California,2023.0,1057000000.0,1358000000.0,882000000.0,3532000000.0,5464000000.0
KEYS,Keysight Technologies,2018-11-06,Information Technology,Santa Rosa,California,2024.0,614000000.0,833000000.0,919000000.0,3133000000.0,4979000000.0
KEYS,Keysight Technologies,2018-11-06,Information Technology,Santa Rosa,California,2025.0,850000000.0,876000000.0,1007000000.0,3337000000.0,5375000000.0
KHC,Kraft Heinz,2015-07-06,Consumer Staples,Chicago,Illinois; Pittsburgh,2021.0,,,,,
KHC,Kraft Heinz,2015-07-06,Consumer Staples,Chicago,Illinois; Pittsburgh,2022.0,2363000000.0,4547000000.0,,8122000000.0,26485000000.0
KHC,Kraft Heinz,2015-07-06,Consumer Staples,Chicago,Illinois; Pittsburgh,2023.0,2855000000.0,5234000000.0,,8926000000.0,26640000000.0
KHC,Kraft Heinz,2015-07-06,Consumer Staples,Chicago,Illinois; Pittsburgh,2024.0,2744000000.0,5352000000.0,,8968000000.0,25846000000.0
KHC,Kraft Heinz,2015-07-06,Consumer Staples,Chicago,Illinois; Pittsburgh,2025.0,-5846000000.0,4637000000.0,,8309000000.0,24942000000.0
KIM,Kimco Realty,2006-04-04,Real Estate,Jericho,New York,2021.0,,,,,
KIM,Kimco Realty,2006-04-04,Real Estate,Jericho,New York,2022.0,125976000.0,572243000.0,,1196777000.0,1727684000.0
KIM,Kimco Realty,2006-04-04,Real Estate,Jericho,New York,2023.0,654273000.0,582610000.0,,1226682000.0,1783400000.0
KIM,Kimco Realty,2006-04-04,Real Estate,Jericho,New York,2024.0,410785000.0,657536000.0,,1399361000.0,2037014000.0
KIM,Kimco Realty,2006-04-04,Real Estate,Jericho,New York,2025.0,584741000.0,717677000.0,,1477782000.0,2140116000.0
KKR,KKR & Co.,2024-06-24,Financials,New York City,New York,2021.0,4732406000.0,4953222000.0,,6895582000.0,16105827000.0
KKR,KKR & Co.,2024-06-24,Financials,New York City,New York,2022.0,-521664000.0,-345578000.0,,2006803000.0,5565056000.0
KKR,KKR & Co.,2024-06-24,Financials,New York City,New York,2023.0,3732261000.0,2138148000.0,,4860651000.0,14322870000.0
KKR,KKR & Co.,2024-06-24,Financials,New York City,New York,2024.0,3076245000.0,926197000.0,,3841876000.0,21640288000.0
KKR,KKR & Co.,2024-06-24,Financials,New York City,New York,2025.0,,,,,
KLAC,KLA Corporation,1997-09-30,Information Technology,Milpitas,California,2021.0,,,,,
KLAC,KLA Corporation,1997-09-30,Information Technology,Milpitas,California,2022.0,3321807000.0,3654181000.0,1105254000.0,5619442000.0,9211883000.0
KLAC,KLA Corporation,1997-09-30,Information Technology,Milpitas,California,2023.0,3387277000.0,3994696000.0,1296727000.0,6277749000.0,10496056000.0
KLAC,KLA Corporation,1997-09-30,Information Technology,Milpitas,California,2024.0,2761896000.0,3635684000.0,1278981000.0,5884174000.0,9812247000.0
KLAC,KLA Corporation,1997-09-30,Information Technology,Milpitas,California,2025.0,4061643000.0,5014227000.0,1360334000.0,7404295000.0,12156162000.0
KMB,Kimberly-Clark,1957-03-04,Consumer Staples,Irving,Texas,2022.0,1934000000.0,2681000000.0,,6219000000.0,20175000000.0
KMB,Kimberly-Clark,1957-03-04,Consumer Staples,Irving,Texas,2023.0,1764000000.0,2586000000.0,,6269000000.0,17146000000.0
KMB,Kimberly-Clark,1957-03-04,Consumer Staples,Irving,Texas,2024.0,2545000000.0,2797000000.0,,6289000000.0,16805000000.0
KMB,Kimberly-Clark,1957-03-04,Consumer Staples,Irving,Texas,2025.0,2021000000.0,2351000000.0,,5923000000.0,16447000000.0
KMI,Kinder Morgan,2012-05-25,Energy,Houston,Texas,2021.0,,,,,
KMI,Kinder Morgan,2012-05-25,Energy,Houston,Texas,2022.0,2548000000.0,4065000000.0,,7759000000.0,19200000000.0
KMI,Kinder Morgan,2012-05-25,Energy,Houston,Texas,2023.0,2391000000.0,4263000000.0,,8146000000.0,15334000000.0
KMI,Kinder Morgan,2012-05-25,Energy,Houston,Texas,2024.0,2613000000.0,4384000000.0,,8409000000.0,15100000000.0
KMI,Kinder Morgan,2012-05-25,Energy,Houston,Texas,2025.0,3056000000.0,4724000000.0,,8955000000.0,16937000000.0
KO,Coca-Cola Company (The),1957-03-04,Consumer Staples,Atlanta,Georgia,2021.0,,,,,
KO,Coca-Cola Company (The),1957-03-04,Consumer Staples,Atlanta,Georgia,2022.0,9542000000.0,12042000000.0,,25004000000.0,43004000000.0
KO,Coca-Cola Company (The),1957-03-04,Consumer Staples,Atlanta,Georgia,2023.0,10714000000.0,13098000000.0,,27234000000.0,45754000000.0
KO,Coca-Cola Company (The),1957-03-04,Consumer Staples,Atlanta,Georgia,2024.0,10631000000.0,14022000000.0,,28737000000.0,47061000000.0
KO,Coca-Cola Company (The),1957-03-04,Consumer Staples,Atlanta,Georgia,2025.0,13107000000.0,14911000000.0,,29544000000.0,47941000000.0
KR,Kroger,1957-03-04,Consumer Staples,Cincinnati,Ohio,2022.0,1655000000.0,3477000000.0,,30349000000.0,137888000000.0
KR,Kroger,1957-03-04,Consumer Staples,Cincinnati,Ohio,2023.0,2244000000.0,4126000000.0,,31778000000.0,148258000000.0
KR,Kroger,1957-03-04,Consumer Staples,Cincinnati,Ohio,2024.0,2164000000.0,3096000000.0,,33364000000.0,150039000000.0
KR,Kroger,1957-03-04,Consumer Staples,Cincinnati,Ohio,2025.0,2665000000.0,3849000000.0,,33403000000.0,147123000000.0
KVUE,Kenvue,2023-08-25,Consumer Staples,Skillman,New Jersey,2021.0,,,,,
KVUE,Kenvue,2023-08-25,Consumer Staples,Skillman,New Jersey,2022.0,2064000000.0,2688000000.0,,8285000000.0,14950000000.0
KVUE,Kenvue,2023-08-25,Consumer Staples,Skillman,New Jersey,2023.0,1664000000.0,2493000000.0,,8643000000.0,15444000000.0
KVUE,Kenvue,2023-08-25,Consumer Staples,Skillman,New Jersey,2024.0,1030000000.0,2629000000.0,,8959000000.0,15455000000.0
KVUE,Kenvue,2023-08-25,Consumer Staples,Skillman,New Jersey,2025.0,1470000000.0,2715000000.0,,8792000000.0,15124000000.0
L,Loews Corporation,1995-05-31,Financials,New York City,New York,2021.0,,,,,
L,Loews Corporation,1995-05-31,Financials,New York City,New York,2022.0,822000000.0,,,,14050000000.0
L,Loews Corporation,1995-05-31,Financials,New York City,New York,2023.0,1434000000.0,,,,15678000000.0
L,Loews Corporation,1995-05-31,Financials,New York City,New York,2024.0,1414000000.0,,,,17239000000.0
L,Loews Corporation,1995-05-31,Financials,New York City,New York,2025.0,1667000000.0,,,,18176000000.0
LDOS,Leidos,2019-08-09,Industrials,Reston,Virginia,2021.0,,,,,
LDOS,Leidos,2019-08-09,Industrials,Reston,Virginia,2022.0,685000000.0,1133000000.0,,2084000000.0,14396000000.0
LDOS,Leidos,2019-08-09,Industrials,Reston,Virginia,2023.0,199000000.0,1302000000.0,,2244000000.0,15438000000.0
LDOS,Leidos,2019-08-09,Industrials,Reston,Virginia,2024.0,1254000000.0,1815000000.0,,2798000000.0,16662000000.0
LDOS,Leidos,2019-08-09,Industrials,Reston,Virginia,2025.0,1448000000.0,2100000000.0,,3099000000.0,17174000000.0
LEN,Lennar,2005-10-04,Consumer Discretionary,Miami,Florida,2021.0,,,,,
LEN,Lennar,2005-10-04,Consumer Discretionary,Miami,Florida,2022.0,4614125000.0,6787646000.0,,7202144000.0,33671010000.0
LEN,Lennar,2005-10-04,Consumer Discretionary,Miami,Florida,2023.0,3938511000.0,5439646000.0,,5940984000.0,34233366000.0
LEN,Lennar,2005-10-04,Consumer Discretionary,Miami,Florida,2024.0,3932533000.0,4849973000.0,,5498959000.0,35441452000.0
LEN,Lennar,2005-10-04,Consumer Discretionary,Miami,Florida,2025.0,2078179000.0,2750407000.0,,3387125000.0,34186934000.0
LH,Labcorp,2004-11-01,Health Care,Burlington,North Carolina,2021.0,,,,,
LH,Labcorp,2004-11-01,Health Care,Burlington,North Carolina,2022.0,1279100000.0,1752200000.0,,3708900000.0,11863900000.0
LH,Labcorp,2004-11-01,Health Care,Burlington,North Carolina,2023.0,418000000.0,1123700000.0,,3364900000.0,12161600000.0
LH,Labcorp,2004-11-01,Health Care,Burlington,North Carolina,2024.0,746000000.0,1138000000.0,,3624400000.0,13008900000.0
LH,Labcorp,2004-11-01,Health Care,Burlington,North Carolina,2025.0,876500000.0,1516200000.0,,4012500000.0,13951700000.0
LHX,L3Harris,2008-09-22,Industrials,Melbourne,Florida,2021.0,,,,,
LHX,L3Harris,2008-09-22,Industrials,Melbourne,Florida,2022.0,1062000000.0,1929000000.0,603000000.0,4927000000.0,17062000000.0
LHX,L3Harris,2008-09-22,Industrials,Melbourne,Florida,2023.0,1227000000.0,1800000000.0,480000000.0,5113000000.0,19419000000.0
LHX,L3Harris,2008-09-22,Industrials,Melbourne,Florida,2024.0,1502000000.0,2015000000.0,515000000.0,5524000000.0,21325000000.0
LHX,L3Harris,2008-09-22,Industrials,Melbourne,Florida,2025.0,1606000000.0,2150000000.0,536000000.0,5625000000.0,21865000000.0
LII,Lennox International,2024-12-23,Industrials,Richardson,Texas,2021.0,,,,,
LII,Lennox International,2024-12-23,Industrials,Richardson,Texas,2022.0,497100000.0,658500000.0,,1284700000.0,4718400000.0
LII,Lennox International,2024-12-23,Industrials,Richardson,Texas,2023.0,591200000.0,845300000.0,,1549200000.0,4981900000.0
LII,Lennox International,2024-12-23,Industrials,Richardson,Texas,2024.0,811100000.0,1046400000.0,,1777500000.0,5341300000.0
LII,Lennox International,2024-12-23,Industrials,Richardson,Texas,2025.0,805800000.0,1053200000.0,,1734800000.0,5195300000.0
LIN,Linde plc,1992-07-01,Materials,Guildford,United Kingdom,2021.0,,,,,
LIN,Linde plc,1992-07-01,Materials,Guildford,United Kingdom,2022.0,4147000000.0,6460000000.0,143000000.0,13914000000.0,33364000000.0
LIN,Linde plc,1992-07-01,Materials,Guildford,United Kingdom,2023.0,6199000000.0,8105000000.0,146000000.0,15362000000.0,32854000000.0
LIN,Linde plc,1992-07-01,Materials,Guildford,United Kingdom,2024.0,6565000000.0,8595000000.0,150000000.0,15862000000.0,33005000000.0
LIN,Linde plc,1992-07-01,Materials,Guildford,United Kingdom,2025.0,6898000000.0,9254000000.0,147000000.0,16597000000.0,33986000000.0
LLY,Lilly (Eli),1970-12-31,Health Care,Indianapolis,Indiana,2021.0,,,,,
LLY,Lilly (Eli),1970-12-31,Health Care,Indianapolis,Indiana,2022.0,6244800000.0,8280400000.0,7190800000.0,21911600000.0,28541400000.0
LLY,Lilly (Eli),1970-12-31,Health Care,Indianapolis,Indiana,2023.0,5240000000.0,10325000000.0,9313000000.0,27042000000.0,34124000000.0
LLY,Lilly (Eli),1970-12-31,Health Care,Indianapolis,Indiana,2024.0,10590000000.0,17040000000.0,10991000000.0,36625000000.0,45043000000.0
LLY,Lilly (Eli),1970-12-31,Health Care,Indianapolis,Indiana,2025.0,20640000000.0,29696000000.0,13337000000.0,54127000000.0,65179000000.0
LMT,Lockheed Martin,1957-03-04,Industrials,Bethesda,Maryland,2021.0,,,,,
LMT,Lockheed Martin,1957-03-04,Industrials,Bethesda,Maryland,2022.0,5732000000.0,8348000000.0,,8287000000.0,65984000000.0
LMT,Lockheed Martin,1957-03-04,Industrials,Bethesda,Maryland,2023.0,6920000000.0,8507000000.0,,8479000000.0,67571000000.0
LMT,Lockheed Martin,1957-03-04,Industrials,Bethesda,Maryland,2024.0,5336000000.0,7013000000.0,,6930000000.0,71043000000.0
LMT,Lockheed Martin,1957-03-04,Industrials,Bethesda,Maryland,2025.0,5017000000.0,7731000000.0,,7619000000.0,75048000000.0
LNT,Alliant Energy,2016-07-01,Utilities,Madison,Wisconsin,2021.0,,,,,
LNT,Alliant Energy,2016-07-01,Utilities,Madison,Wisconsin,2022.0,686000000.0,928000000.0,,1709000000.0,4205000000.0
LNT,Alliant Energy,2016-07-01,Utilities,Madison,Wisconsin,2023.0,703000000.0,943000000.0,,1734000000.0,4027000000.0
LNT,Alliant Energy,2016-07-01,Utilities,Madison,Wisconsin,2024.0,690000000.0,886000000.0,,1780000000.0,3981000000.0
LNT,Alliant Energy,2016-07-01,Utilities,Madison,Wisconsin,2025.0,810000000.0,1025000000.0,,1992000000.0,4362000000.0
LOW,Lowe's,1984-02-29,Consumer Discretionary,Mooresville,North Carolina,2022.0,8442000000.0,12093000000.0,,32056000000.0,96250000000.0
LOW,Lowe's,1984-02-29,Consumer Discretionary,Mooresville,North Carolina,2023.0,6437000000.0,10159000000.0,,32257000000.0,97059000000.0
LOW,Lowe's,1984-02-29,Consumer Discretionary,Mooresville,North Carolina,2024.0,7726000000.0,11557000000.0,,28844000000.0,86377000000.0
LOW,Lowe's,1984-02-29,Consumer Discretionary,Mooresville,North Carolina,2025.0,6957000000.0,10466000000.0,,27877000000.0,83674000000.0
LRCX,Lam Research,2012-06-29,Information Technology,Fremont,California,2022.0,4605286000.0,5381822000.0,1604248000.0,7871807000.0,17227039000.0
LRCX,Lam Research,2012-06-29,Information Technology,Fremont,California,2023.0,4510931000.0,5217010000.0,1727162000.0,7776925000.0,17428516000.0
LRCX,Lam Research,2012-06-29,Information Technology,Fremont,California,2024.0,3827772000.0,4282100000.0,1902444000.0,7052791000.0,14905386000.0
LRCX,Lam Research,2012-06-29,Information Technology,Fremont,California,2025.0,5358217000.0,5900968000.0,2096387000.0,8979059000.0,18435591000.0
LULU,Lululemon Athletica,2023-10-18,Consumer Discretionary,Vancouver,Canada,2022.0,975322000.0,1374749000.0,,3608565000.0,6256617000.0
LULU,Lululemon Athletica,2023-10-18,Consumer Discretionary,Vancouver,Canada,2023.0,854800000.0,1726141000.0,,4492340000.0,8110518000.0
LULU,Lululemon Athletica,2023-10-18,Consumer Discretionary,Vancouver,Canada,2024.0,1550190000.0,2207177000.0,,5609405000.0,9619278000.0
LULU,Lululemon Athletica,2023-10-18,Consumer Discretionary,Vancouver,Canada,2025.0,1814616000.0,2505697000.0,,6270811000.0,10588126000.0
LUV,Southwest Airlines,1994-07-01,Industrials,Dallas,Texas,2021.0,,,,,
LUV,Southwest Airlines,1994-07-01,Industrials,Dallas,Texas,2022.0,539000000.0,1017000000.0,,4752000000.0,23814000000.0
LUV,Southwest Airlines,1994-07-01,Industrials,Dallas,Texas,2023.0,465000000.0,224000000.0,,4223000000.0,26091000000.0
LUV,Southwest Airlines,1994-07-01,Industrials,Dallas,Texas,2024.0,465000000.0,321000000.0,,4459000000.0,27483000000.0
LUV,Southwest Airlines,1994-07-01,Industrials,Dallas,Texas,2025.0,441000000.0,428000000.0,,4895000000.0,28063000000.0
LVS,Las Vegas Sands,2019-10-03,Consumer Discretionary,Las Vegas,Nevada,2021.0,,,,,
LVS,Las Vegas Sands,2019-10-03,Consumer Discretionary,Las Vegas,Nevada,2022.0,1832000000.0,-770000000.0,143000000.0,1650000000.0,4110000000.0
LVS,Las Vegas Sands,2019-10-03,Consumer Discretionary,Las Vegas,Nevada,2023.0,1221000000.0,2355000000.0,205000000.0,5167000000.0,10372000000.0
LVS,Las Vegas Sands,2019-10-03,Consumer Discretionary,Las Vegas,Nevada,2024.0,1446000000.0,2466000000.0,228000000.0,5521000000.0,11298000000.0
LVS,Las Vegas Sands,2019-10-03,Consumer Discretionary,Las Vegas,Nevada,2025.0,1627000000.0,3089000000.0,269000000.0,6481000000.0,13017000000.0
LW,Lamb Weston,2018-12-03,Consumer Staples,Eagle,Idaho,2021.0,,,,,
LW,Lamb Weston,2018-12-03,Consumer Staples,Eagle,Idaho,2022.0,200900000.0,444400000.0,,832000000.0,4098900000.0
LW,Lamb Weston,2018-12-03,Consumer Staples,Eagle,Idaho,2023.0,1008900000.0,882100000.0,,1432100000.0,5350600000.0
LW,Lamb Weston,2018-12-03,Consumer Staples,Eagle,Idaho,2024.0,725500000.0,1065300000.0,,1766700000.0,6467600000.0
LW,Lamb Weston,2018-12-03,Consumer Staples,Eagle,Idaho,2025.0,357200000.0,765100000.0,,1398600000.0,6451300000.0
LYB,LyondellBasell,2012-09-05,Materials,Rotterdam,Netherlands,2022.0,3882000000.0,5170000000.0,124000000.0,6604000000.0,50451000000.0
LYB,LyondellBasell,2012-09-05,Materials,Rotterdam,Netherlands,2023.0,2114000000.0,3232000000.0,130000000.0,4901000000.0,33336000000.0
LYB,LyondellBasell,2012-09-05,Materials,Rotterdam,Netherlands,2024.0,1360000000.0,2867000000.0,135000000.0,4644000000.0,33394000000.0
LYB,LyondellBasell,2012-09-05,Materials,Rotterdam,Netherlands,2025.0,-745000000.0,831000000.0,136000000.0,2577000000.0,30153000000.0
LYV,Live Nation Entertainment,2019-12-23,Communication Services,Beverly Hills,California,2021.0,,,,,
LYV,Live Nation Entertainment,2019-12-23,Communication Services,Beverly Hills,California,2022.0,266440000.0,689949000.0,,4333643000.0,16681254000.0
LYV,Live Nation Entertainment,2019-12-23,Communication Services,Beverly Hills,California,2023.0,556893000.0,1071006000.0,,5435599000.0,22726317000.0
LYV,Live Nation Entertainment,2019-12-23,Communication Services,Beverly Hills,California,2024.0,896287000.0,813495000.0,,5774759000.0,23155625000.0
LYV,Live Nation Entertainment,2019-12-23,Communication Services,Beverly Hills,California,2025.0,495972000.0,1232689000.0,,6438050000.0,25201406000.0
MA,Mastercard,2008-07-18,Financials,Harrison,New York,2022.0,9930000000.0,12722000000.0,,16974000000.0,22237000000.0
MA,Mastercard,2008-07-18,Financials,Harrison,New York,2023.0,11195000000.0,14630000000.0,,19076000000.0,25098000000.0
MA,Mastercard,2008-07-18,Financials,Harrison,New York,2024.0,12874000000.0,16327000000.0,,21494000000.0,28167000000.0
MA,Mastercard,2008-07-18,Financials,Harrison,New York,2025.0,14968000000.0,19514000000.0,,25540000000.0,32791000000.0
MAA,Mid-America Apartment Communities,2016-12-02,Real Estate,Memphis,Tennessee,2022.0,637436000.0,628878000.0,,687711000.0,2019866000.0
MAA,Mid-America Apartment Communities,2016-12-02,Real Estate,Memphis,Tennessee,2023.0,552806000.0,688902000.0,,747480000.0,2148468000.0
MAA,Mid-America Apartment Communities,2016-12-02,Real Estate,Memphis,Tennessee,2024.0,527543000.0,656751000.0,,713267000.0,2191015000.0
MAA,Mid-America Apartment Communities,2016-12-02,Real Estate,Memphis,Tennessee,2025.0,446909000.0,619438000.0,,674245000.0,2209126000.0
MAR,Marriott International,1998-05-29,Consumer Discretionary,Bethesda,Maryland,2021.0,,,,,
MAR,Marriott International,1998-05-29,Consumer Discretionary,Bethesda,Maryland,2022.0,2358000000.0,3474000000.0,,4558000000.0,20773000000.0
MAR,Marriott International,1998-05-29,Consumer Discretionary,Bethesda,Maryland,2023.0,3083000000.0,3924000000.0,,4980000000.0,23713000000.0
MAR,Marriott International,1998-05-29,Consumer Discretionary,Bethesda,Maryland,2024.0,2375000000.0,3844000000.0,,4972000000.0,25100000000.0
MAR,Marriott International,1998-05-29,Consumer Discretionary,Bethesda,Maryland,2025.0,2601000000.0,4139000000.0,,5222000000.0,26186000000.0
MAS,Masco,1981-06-30,Industrials,Livonia,Michigan,2021.0,,,,,
MAS,Masco,1981-06-30,Industrials,Livonia,Michigan,2022.0,846000000.0,1323000000.0,,2713000000.0,8680000000.0
MAS,Masco,1981-06-30,Industrials,Livonia,Michigan,2023.0,908000000.0,1363000000.0,,2836000000.0,7967000000.0
MAS,Masco,1981-06-30,Industrials,Livonia,Michigan,2024.0,822000000.0,1363000000.0,,2831000000.0,7828000000.0
MAS,Masco,1981-06-30,Industrials,Livonia,Michigan,2025.0,810000000.0,1253000000.0,,2679000000.0,7562000000.0
MCD,McDonald's,1970-06-30,Consumer Discretionary,Chicago,Illinois,2021.0,7545200000.0,9872700000.0,,12580200000.0,23222900000.0
MCD,McDonald's,1970-06-30,Consumer Discretionary,Chicago,Illinois,2022.0,6177000000.0,10345000000.0,,13207000000.0,23182000000.0
MCD,McDonald's,1970-06-30,Consumer Discretionary,Chicago,Illinois,2023.0,8469000000.0,11747000000.0,,14564000000.0,25495000000.0
MCD,McDonald's,1970-06-30,Consumer Discretionary,Chicago,Illinois,2024.0,8223000000.0,11851000000.0,,14710000000.0,25920000000.0
MCD,McDonald's,1970-06-30,Consumer Discretionary,Chicago,Illinois,2025.0,,,,,
MCHP,Microchip Technology,2007-09-07,Information Technology,Chandler,Arizona,2021.0,,,,,
MCHP,Microchip Technology,2007-09-07,Information Technology,Chandler,Arizona,2022.0,1285500000.0,1879100000.0,989100000.0,4449600000.0,6820900000.0
MCHP,Microchip Technology,2007-09-07,Information Technology,Chandler,Arizona,2023.0,2237700000.0,3112000000.0,1118300000.0,5697900000.0,8438700000.0
MCHP,Microchip Technology,2007-09-07,Information Technology,Chandler,Arizona,2024.0,1906900000.0,2558700000.0,1097400000.0,4995700000.0,7634400000.0
MCHP,Microchip Technology,2007-09-07,Information Technology,Chandler,Arizona,2025.0,-500000.0,375500000.0,983800000.0,2467900000.0,4401600000.0
MCK,McKesson Corporation,1999-01-13,Health Care,Irving,Texas,2021.0,,,,,
MCK,McKesson Corporation,1999-01-13,Health Care,Irving,Texas,2022.0,1114000000.0,2593000000.0,,13130000000.0,263966000000.0
MCK,McKesson Corporation,1999-01-13,Health Care,Irving,Texas,2023.0,3560000000.0,4582000000.0,,12358000000.0,276711000000.0
MCK,McKesson Corporation,1999-01-13,Health Care,Irving,Texas,2024.0,3002000000.0,4171000000.0,,12828000000.0,308951000000.0
MCK,McKesson Corporation,1999-01-13,Health Care,Irving,Texas,2025.0,3295000000.0,4816000000.0,,13323000000.0,359051000000.0
MCO,Moody's Corporation,1998-07-01,Financials,New York City,New York,2021.0,,,,,
MCO,Moody's Corporation,1998-07-01,Financials,New York City,New York,2022.0,1374000000.0,1997000000.0,,3855000000.0,5468000000.0
MCO,Moody's Corporation,1998-07-01,Financials,New York City,New York,2023.0,1607000000.0,2224000000.0,,4229000000.0,5916000000.0
MCO,Moody's Corporation,1998-07-01,Financials,New York City,New York,2024.0,2058000000.0,2977000000.0,,5143000000.0,7088000000.0
MCO,Moody's Corporation,1998-07-01,Financials,New York City,New York,2025.0,2459000000.0,3462000000.0,,5745000000.0,7718000000.0
MDLZ,Mondelez International,2012-10-02,Consumer Staples,Chicago,Illinois,2021.0,,,,,
MDLZ,Mondelez International,2012-10-02,Consumer Staples,Chicago,Illinois,2022.0,2717000000.0,3796000000.0,,11312000000.0,31496000000.0
MDLZ,Mondelez International,2012-10-02,Consumer Staples,Chicago,Illinois,2023.0,4959000000.0,5611000000.0,,13764000000.0,36016000000.0
MDLZ,Mondelez International,2012-10-02,Consumer Staples,Chicago,Illinois,2024.0,4611000000.0,6665000000.0,,14257000000.0,36441000000.0
MDLZ,Mondelez International,2012-10-02,Consumer Staples,Chicago,Illinois,2025.0,2451000000.0,3620000000.0,,10935000000.0,38537000000.0
MDT,Medtronic,1986-10-31,Health Care,Galway,Ireland,2022.0,5039000000.0,5908000000.0,2746000000.0,21541000000.0,31686000000.0
MDT,Medtronic,1986-10-31,Health Care,Galway,Ireland,2023.0,3758000000.0,5830000000.0,2696000000.0,20508000000.0,31227000000.0
MDT,Medtronic,1986-10-31,Health Care,Galway,Ireland,2024.0,3676000000.0,5520000000.0,2735000000.0,21148000000.0,32364000000.0
MDT,Medtronic,1986-10-31,Health Care,Galway,Ireland,2025.0,4662000000.0,6540000000.0,2732000000.0,21905000000.0,33537000000.0
MET,MetLife,2000-12-11,Financials,New York City,New York,2021.0,,,,,
MET,MetLife,2000-12-11,Financials,New York City,New York,2022.0,5284000000.0,,,,67409000000.0
MET,MetLife,2000-12-11,Financials,New York City,New York,2023.0,1578000000.0,,,,67934000000.0
MET,MetLife,2000-12-11,Financials,New York City,New York,2024.0,4426000000.0,,,,70131000000.0
MET,MetLife,2000-12-11,Financials,New York City,New York,2025.0,3379000000.0,,,,75654000000.0
META,Meta Platforms,2013-12-23,Communication Services,Menlo Park,California,2021.0,,,,,
META,Meta Platforms,2013-12-23,Communication Services,Menlo Park,California,2022.0,23200000000.0,28944000000.0,35338000000.0,91360000000.0,116609000000.0
META,Meta Platforms,2013-12-23,Communication Services,Menlo Park,California,2023.0,39098000000.0,46751000000.0,38483000000.0,108943000000.0,134902000000.0
META,Meta Platforms,2013-12-23,Communication Services,Menlo Park,California,2024.0,62360000000.0,69380000000.0,43873000000.0,134340000000.0,164501000000.0
META,Meta Platforms,2013-12-23,Communication Services,Menlo Park,California,2025.0,60458000000.0,83276000000.0,57372000000.0,164791000000.0,200966000000.0
MGM,MGM Resorts,2017-07-26,Consumer Discretionary,Paradise,Nevada,2021.0,,,,,
MGM,MGM Resorts,2017-07-26,Consumer Discretionary,Paradise,Nevada,2022.0,1473093000.0,-1713283000.0,,6474502000.0,13127485000.0
MGM,MGM Resorts,2017-07-26,Consumer Discretionary,Paradise,Nevada,2023.0,1142180000.0,1583503000.0,,7610687000.0,16164249000.0
MGM,MGM Resorts,2017-07-26,Consumer Discretionary,Paradise,Nevada,2024.0,746558000.0,1670397000.0,,7847004000.0,17240545000.0
MGM,MGM Resorts,2017-07-26,Consumer Discretionary,Paradise,Nevada,2025.0,205862000.0,1337847000.0,,7790131000.0,17537683000.0
MKC,McCormick & Company,2003-03-20,Consumer Staples,Hunt Valley,Maryland,2021.0,,,,,
MKC,McCormick & Company,2003-03-20,Consumer Staples,Hunt Valley,Maryland,2022.0,682000000.0,917400000.0,,2274500000.0,6350500000.0
MKC,McCormick & Company,2003-03-20,Consumer Staples,Hunt Valley,Maryland,2023.0,680600000.0,1024200000.0,,2502500000.0,6662200000.0
MKC,McCormick & Company,2003-03-20,Consumer Staples,Hunt Valley,Maryland,2024.0,788500000.0,1069800000.0,,2591000000.0,6723700000.0
MKC,McCormick & Company,2003-03-20,Consumer Staples,Hunt Valley,Maryland,2025.0,789400000.0,1091900000.0,,2592200000.0,6840300000.0
MLM,Martin Marietta Materials,2014-07-02,Materials,Raleigh,North Carolina,2021.0,,,,,
MLM,Martin Marietta Materials,2014-07-02,Materials,Raleigh,North Carolina,2022.0,867000000.0,1216000000.0,,1423000000.0,6161000000.0
MLM,Martin Marietta Materials,2014-07-02,Materials,Raleigh,North Carolina,2023.0,1169000000.0,1325000000.0,,1745000000.0,5851000000.0
MLM,Martin Marietta Materials,2014-07-02,Materials,Raleigh,North Carolina,2024.0,1995000000.0,1251000000.0,,1636000000.0,5662000000.0
MLM,Martin Marietta Materials,2014-07-02,Materials,Raleigh,North Carolina,2025.0,1137000000.0,1455000000.0,,1889000000.0,6150000000.0
MMM,3M,1957-03-04,Industrials,Saint Paul,Minnesota,2021.0,,,,,
MMM,3M,1957-03-04,Industrials,Saint Paul,Minnesota,2022.0,5777000000.0,4086000000.0,1862000000.0,14997000000.0,34229000000.0
MMM,3M,1957-03-04,Industrials,Saint Paul,Minnesota,2023.0,-6995000000.0,-10725000000.0,1154000000.0,9627000000.0,24610000000.0
MMM,3M,1957-03-04,Industrials,Saint Paul,Minnesota,2024.0,4173000000.0,4822000000.0,1085000000.0,10128000000.0,24575000000.0
MMM,3M,1957-03-04,Industrials,Saint Paul,Minnesota,2025.0,3250000000.0,4791000000.0,1169000000.0,9957000000.0,24948000000.0
MNST,Monster Beverage,2012-06-28,Consumer Staples,Corona,California,2021.0,1377475000.0,1797467000.0,,3108513000.0,5541352000.0
MNST,Monster Beverage,2012-06-28,Consumer Staples,Corona,California,2022.0,1191624000.0,1584721000.0,,3174567000.0,6311050000.0
MNST,Monster Beverage,2012-06-28,Consumer Staples,Corona,California,2023.0,1630988000.0,1953355000.0,,3794206000.0,7140027000.0
MNST,Monster Beverage,2012-06-28,Consumer Staples,Corona,California,2024.0,1509048000.0,1930294000.0,,4048878000.0,7492709000.0
MO,Altria,1957-03-04,Consumer Staples,Richmond,Virginia,2021.0,2475000000.0,11560000000.0,,13992000000.0,21111000000.0
MO,Altria,1957-03-04,Consumer Staples,Richmond,Virginia,2022.0,5764000000.0,11919000000.0,,14246000000.0,20688000000.0
MO,Altria,1957-03-04,Consumer Staples,Richmond,Virginia,2023.0,8130000000.0,11547000000.0,,14284000000.0,20502000000.0
MO,Altria,1957-03-04,Consumer Staples,Richmond,Virginia,2024.0,11264000000.0,11630000000.0,,14367000000.0,20444000000.0
MO,Altria,1957-03-04,Consumer Staples,Richmond,Virginia,2025.0,,,,,
MOH,Molina Healthcare,2022-03-02,Health Care,Long Beach,California,2021.0,,,,,
MOH,Molina Healthcare,2022-03-02,Health Care,Long Beach,California,2022.0,792000000.0,1381000000.0,,3926000000.0,31974000000.0
MOH,Molina Healthcare,2022-03-02,Health Care,Long Beach,California,2023.0,1091000000.0,1573000000.0,,4334000000.0,34072000000.0
MOH,Molina Healthcare,2022-03-02,Health Care,Long Beach,California,2024.0,1179000000.0,1707000000.0,,4736000000.0,40650000000.0
MOH,Molina Healthcare,2022-03-02,Health Care,Long Beach,California,2025.0,472000000.0,781000000.0,,4075000000.0,45426000000.0
MOS,Mosaic Company (The),2011-09-26,Materials,Tampa,Florida,2021.0,1630600000.0,2626600000.0,,3200300000.0,12357400000.0
MOS,Mosaic Company (The),2011-09-26,Materials,Tampa,Florida,2022.0,3582800000.0,4785300000.0,,5755800000.0,19125200000.0
MOS,Mosaic Company (The),2011-09-26,Materials,Tampa,Florida,2023.0,1164900000.0,1338100000.0,,2210600000.0,13696100000.0
MOS,Mosaic Company (The),2011-09-26,Materials,Tampa,Florida,2024.0,174900000.0,621500000.0,,1511900000.0,11122800000.0
MPC,Marathon Petroleum,2011-07-01,Energy,Findlay,Ohio,2021.0,9738000000.0,3353000000.0,,6611000000.0,119983000000.0
MPC,Marathon Petroleum,2011-07-01,Energy,Findlay,Ohio,2022.0,14516000000.0,18970000000.0,,22567000000.0,177453000000.0
MPC,Marathon Petroleum,2011-07-01,Energy,Findlay,Ohio,2023.0,9681000000.0,12586000000.0,,16506000000.0,148379000000.0
MPC,Marathon Petroleum,2011-07-01,Energy,Findlay,Ohio,2024.0,3445000000.0,5248000000.0,,9287000000.0,138864000000.0
MPC,Marathon Petroleum,2011-07-01,Energy,Findlay,Ohio,2025.0,,,,,
MPWR,Monolithic Power Systems,2021-02-12,Information Technology,Kirkland,Washington,2021.0,242023000.0,262417000.0,190627000.0,685459000.0,1207798000.0
MPWR,Monolithic Power Systems,2021-02-12,Information Technology,Kirkland,Washington,2022.0,437672000.0,526785000.0,240171000.0,1048552000.0,1794148000.0
MPWR,Monolithic Power Systems,2021-02-12,Information Technology,Kirkland,Washington,2023.0,427374000.0,481736000.0,263643000.0,1021119000.0,1821072000.0
MPWR,Monolithic Power Systems,2021-02-12,Information Technology,Kirkland,Washington,2024.0,1786700000.0,539358000.0,324748000.0,1220870000.0,2207100000.0
MRK,Merck & Co.,1957-03-04,Health Care,Kenilworth,New Jersey,2021.0,,,,,
MRK,Merck & Co.,1957-03-04,Health Care,Kenilworth,New Jersey,2022.0,14519000000.0,18282000000.0,13548000000.0,41872000000.0,59283000000.0
MRK,Merck & Co.,1957-03-04,Health Care,Kenilworth,New Jersey,2023.0,365000000.0,2954000000.0,30531000000.0,43989000000.0,60115000000.0
MRK,Merck & Co.,1957-03-04,Health Care,Kenilworth,New Jersey,2024.0,17117000000.0,20221000000.0,17938000000.0,48975000000.0,64168000000.0
MRK,Merck & Co.,1957-03-04,Health Care,Kenilworth,New Jersey,2025.0,18254000000.0,22107000000.0,15789000000.0,48629000000.0,65011000000.0
MRNA,Moderna,2021-07-21,Health Care,Cambridge,Massachusetts,2021.0,,,,,
MRNA,Moderna,2021-07-21,Health Care,Cambridge,Massachusetts,2022.0,8362000000.0,9420000000.0,3295000000.0,13459000000.0,18875000000.0
MRNA,Moderna,2021-07-21,Health Care,Cambridge,Massachusetts,2023.0,-4714000000.0,-4239000000.0,4845000000.0,2061000000.0,6754000000.0
MRNA,Moderna,2021-07-21,Health Care,Cambridge,Massachusetts,2024.0,-3561000000.0,-3945000000.0,4543000000.0,1735000000.0,3199000000.0
MRNA,Moderna,2021-07-21,Health Care,Cambridge,Massachusetts,2025.0,-2822000000.0,-3074000000.0,3132000000.0,1054000000.0,1922000000.0
MRSH,Marsh McLennan,1987-08-31,Financials,New York City,New York,2021.0,,,,,
MRSH,Marsh McLennan,1987-08-31,Financials,New York City,New York,2022.0,3050000000.0,4280000000.0,,8649000000.0,20720000000.0
MRSH,Marsh McLennan,1987-08-31,Financials,New York City,New York,2023.0,3756000000.0,5282000000.0,,9637000000.0,22736000000.0
MRSH,Marsh McLennan,1987-08-31,Financials,New York City,New York,2024.0,4060000000.0,5817000000.0,,10462000000.0,24458000000.0
MRSH,Marsh McLennan,1987-08-31,Financials,New York City,New York,2025.0,4160000000.0,6223000000.0,,11404000000.0,26981000000.0
MS,Morgan Stanley,1993-07-29,Financials,New York City,New York,2021.0,,,,,
MS,Morgan Stanley,1993-07-29,Financials,New York City,New York,2022.0,11029000000.0,,,,50210000000.0
MS,Morgan Stanley,1993-07-29,Financials,New York City,New York,2023.0,9087000000.0,,,,50667000000.0
MS,Morgan Stanley,1993-07-29,Financials,New York City,New York,2024.0,13390000000.0,,,,57621000000.0
MS,Morgan Stanley,1993-07-29,Financials,New York City,New York,2025.0,16861000000.0,,,,65966000000.0
MSCI,MSCI Inc.,2018-04-04,Financials,New York City,New York,2021.0,,,,,
MSCI,MSCI Inc.,2018-04-04,Financials,New York City,New York,2022.0,870573000.0,1207640000.0,107205000.0,1844257000.0,2248598000.0
MSCI,MSCI Inc.,2018-04-04,Financials,New York City,New York,2023.0,1148592000.0,1384609000.0,132121000.0,2082339000.0,2528920000.0
MSCI,MSCI Inc.,2018-04-04,Financials,New York City,New York,2024.0,1109128000.0,1528518000.0,158653000.0,2341746000.0,2856128000.0
MSCI,MSCI Inc.,2018-04-04,Financials,New York City,New York,2025.0,1202305000.0,1713567000.0,177596000.0,2584093000.0,3134459000.0
MSFT,Microsoft,1994-06-01,Information Technology,Redmond,Washington,2022.0,72738000000.0,83383000000.0,24512000000.0,135620000000.0,198270000000.0
MSFT,Microsoft,1994-06-01,Information Technology,Redmond,Washington,2023.0,72361000000.0,88523000000.0,27195000000.0,146052000000.0,211915000000.0
MSFT,Microsoft,1994-06-01,Information Technology,Redmond,Washington,2024.0,88136000000.0,109433000000.0,29510000000.0,171008000000.0,245122000000.0
MSFT,Microsoft,1994-06-01,Information Technology,Redmond,Washington,2025.0,101832000000.0,128528000000.0,32488000000.0,193893000000.0,281724000000.0
MSI,Motorola Solutions,1957-03-04,Information Technology,Chicago,Illinois,2021.0,,,,,
MSI,Motorola Solutions,1957-03-04,Information Technology,Chicago,Illinois,2022.0,1363000000.0,1743000000.0,779000000.0,4229000000.0,9112000000.0
MSI,Motorola Solutions,1957-03-04,Information Technology,Chicago,Illinois,2023.0,1709000000.0,2359000000.0,858000000.0,4970000000.0,9978000000.0
MSI,Motorola Solutions,1957-03-04,Information Technology,Chicago,Illinois,2024.0,1577000000.0,2689000000.0,917000000.0,5512000000.0,10817000000.0
MSI,Motorola Solutions,1957-03-04,Information Technology,Chicago,Illinois,2025.0,2154000000.0,2959000000.0,970000000.0,6035000000.0,11682000000.0
MTB,M&T Bank,2004-02-23,Financials,Buffalo,New York,2021.0,,,,,
MTB,M&T Bank,2004-02-23,Financials,Buffalo,New York,2022.0,1992000000.0,,,,8013000000.0
MTB,M&T Bank,2004-02-23,Financials,Buffalo,New York,2023.0,2741000000.0,,,,9398000000.0
MTB,M&T Bank,2004-02-23,Financials,Buffalo,New York,2024.0,2588000000.0,,,,9231000000.0
MTB,M&T Bank,2004-02-23,Financials,Buffalo,New York,2025.0,2851000000.0,,,,9632000000.0
MTCH,Match Group,2021-09-20,Communication Services,Dallas,Texas,2021.0,277723000.0,880238000.0,241049000.0,2143969000.0,2983277000.0
MTCH,Match Group,2021-09-20,Communication Services,Dallas,Texas,2022.0,361946000.0,881262000.0,333639000.0,2228880000.0,3188843000.0
MTCH,Match Group,2021-09-20,Communication Services,Dallas,Texas,2023.0,651539000.0,964627000.0,384185000.0,2410490000.0,3364504000.0
MTCH,Match Group,2021-09-20,Communication Services,Dallas,Texas,2024.0,551276000.0,897487000.0,442175000.0,2488100000.0,3479373000.0
MTD,Mettler Toledo,2016-09-06,Health Care,Columbus,Ohio,2022.0,872502000.0,1126220000.0,177122000.0,2308042000.0,3919709000.0
MTD,Mettler Toledo,2016-09-06,Health Care,Columbus,Ohio,2023.0,788778000.0,1079683000.0,185284000.0,2241286000.0,3788309000.0
MTD,Mettler Toledo,2016-09-06,Health Care,Columbus,Ohio,2024.0,863140000.0,1127054000.0,189357000.0,2325583000.0,3872361000.0
MTD,Mettler Toledo,2016-09-06,Health Care,Columbus,Ohio,2025.0,869193000.0,1118490000.0,199373000.0,2390646000.0,4026399000.0
MU,Micron Technology,1994-09-27,Information Technology,Boise,Idaho,2021.0,,,,,
MU,Micron Technology,1994-09-27,Information Technology,Boise,Idaho,2022.0,8687000000.0,9709000000.0,3116000000.0,13898000000.0,30758000000.0
MU,Micron Technology,1994-09-27,Information Technology,Boise,Idaho,2023.0,-5833000000.0,-5405000000.0,3114000000.0,-1416000000.0,15540000000.0
MU,Micron Technology,1994-09-27,Information Technology,Boise,Idaho,2024.0,778000000.0,1305000000.0,3430000000.0,5613000000.0,25111000000.0
MU,Micron Technology,1994-09-27,Information Technology,Boise,Idaho,2025.0,8539000000.0,9809000000.0,3798000000.0,14873000000.0,37378000000.0
NCLH,Norwegian Cruise Line Holdings,2017-10-13,Consumer Discretionary,Miami-Dade County,Florida[4],2021.0,-4506587000.0,-2552348000.0,,-960051000.0,647986000.0
NCLH,Norwegian Cruise Line Holdings,2017-10-13,Consumer Discretionary,Miami-Dade County,Florida[4],2022.0,-2269909000.0,-1551757000.0,,576674000.0,4843760000.0
NCLH,Norwegian Cruise Line Holdings,2017-10-13,Consumer Discretionary,Miami-Dade County,Florida[4],2023.0,166178000.0,930911000.0,,3081337000.0,8549924000.0
NCLH,Norwegian Cruise Line Holdings,2017-10-13,Consumer Discretionary,Miami-Dade County,Florida[4],2024.0,910257000.0,1465906000.0,,3790955000.0,9479651000.0
NDAQ,"Nasdaq, Inc.",2008-10-22,Financials,New York City,New York,2021.0,,,,,
NDAQ,"Nasdaq, Inc.",2008-10-22,Financials,New York City,New York,2022.0,1125000000.0,1661000000.0,,2339000000.0,6226000000.0
NDAQ,"Nasdaq, Inc.",2008-10-22,Financials,New York City,New York,2023.0,1059000000.0,1806000000.0,,2546000000.0,6064000000.0
NDAQ,"Nasdaq, Inc.",2008-10-22,Financials,New York City,New York,2024.0,1117000000.0,1949000000.0,,2989000000.0,7400000000.0
NDAQ,"Nasdaq, Inc.",2008-10-22,Financials,New York City,New York,2025.0,1788000000.0,2433000000.0,,3489000000.0,8262000000.0
NDSN,Nordson Corporation,2022-02-15,Industrials,Westlake,Ohio,2021.0,,,,,
NDSN,Nordson Corporation,2022-02-15,Industrials,Westlake,Ohio,2022.0,513103000.0,702360000.0,,1426536000.0,2590278000.0
NDSN,Nordson Corporation,2022-02-15,Industrials,Westlake,Ohio,2023.0,487493000.0,672761000.0,,1425405000.0,2628632000.0
NDSN,Nordson Corporation,2022-02-15,Industrials,Westlake,Ohio,2024.0,467284000.0,674001000.0,,1486129000.0,2689921000.0
NDSN,Nordson Corporation,2022-02-15,Industrials,Westlake,Ohio,2025.0,484474000.0,724270000.0,,1539784000.0,2791687000.0
NEE,NextEra Energy,1976-06-30,Utilities,Juno Beach,Florida,2021.0,,,,,
NEE,NextEra Energy,1976-06-30,Utilities,Juno Beach,Florida,2022.0,4147000000.0,3559000000.0,,10139000000.0,20956000000.0
NEE,NextEra Energy,1976-06-30,Utilities,Juno Beach,Florida,2023.0,7310000000.0,9832000000.0,,17976000000.0,28114000000.0
NEE,NextEra Energy,1976-06-30,Utilities,Juno Beach,Florida,2024.0,6946000000.0,7127000000.0,,14867000000.0,24753000000.0
NEE,NextEra Energy,1976-06-30,Utilities,Juno Beach,Florida,2025.0,6835000000.0,8020000000.0,,17069000000.0,27412000000.0
NEM,Newmont,1969-06-30,Materials,Denver,Colorado,2021.0,,,,,
NEM,Newmont,1969-06-30,Materials,Denver,Colorado,2022.0,-429000000.0,1605000000.0,229000000.0,3262000000.0,11915000000.0
NEM,Newmont,1969-06-30,Materials,Denver,Colorado,2023.0,-2494000000.0,708000000.0,200000000.0,3005000000.0,11812000000.0
NEM,Newmont,1969-06-30,Materials,Denver,Colorado,2024.0,3348000000.0,5910000000.0,197000000.0,7143000000.0,18682000000.0
NEM,Newmont,1969-06-30,Materials,Denver,Colorado,2025.0,7085000000.0,11023000000.0,166000000.0,12063000000.0,22669000000.0
NFLX,Netflix,2010-12-20,Communication Services,Los Gatos,California,2021.0,,,,,
NFLX,Netflix,2010-12-20,Communication Services,Los Gatos,California,2022.0,4491924000.0,5632831000.0,2711041000.0,12447265000.0,31615550000.0
NFLX,Netflix,2010-12-20,Communication Services,Los Gatos,California,2023.0,5407990000.0,6954003000.0,2675758000.0,14007929000.0,33723297000.0
NFLX,Netflix,2010-12-20,Communication Services,Los Gatos,California,2024.0,8711631000.0,10417614000.0,2925295000.0,17962502000.0,39000966000.0
NFLX,Netflix,2010-12-20,Communication Services,Los Gatos,California,2025.0,10981201000.0,13326603000.0,3391390000.0,21907707000.0,45183036000.0
NI,NiSource,2000-11-02,Utilities,Merrillville,Indiana,2021.0,,,,,
NI,NiSource,2000-11-02,Utilities,Merrillville,Indiana,2022.0,804100000.0,1161600000.0,,2250700000.0,5850600000.0
NI,NiSource,2000-11-02,Utilities,Merrillville,Indiana,2023.0,714300000.0,1298400000.0,,2477200000.0,5505400000.0
NI,NiSource,2000-11-02,Utilities,Merrillville,Indiana,2024.0,760400000.0,1463800000.0,,2807700000.0,5455100000.0
NI,NiSource,2000-11-02,Utilities,Merrillville,Indiana,2025.0,929500000.0,1831900000.0,,3347600000.0,6642200000.0
NKE,"Nike, Inc.",1988-11-30,Consumer Discretionary,Washington County,Oregon,2021.0,,,,,
NKE,"Nike, Inc.",1988-11-30,Consumer Discretionary,Washington County,Oregon,2022.0,6046000000.0,6675000000.0,,21479000000.0,46710000000.0
NKE,"Nike, Inc.",1988-11-30,Consumer Discretionary,Washington County,Oregon,2023.0,5070000000.0,5915000000.0,,22292000000.0,51217000000.0
NKE,"Nike, Inc.",1988-11-30,Consumer Discretionary,Washington County,Oregon,2024.0,5700000000.0,6311000000.0,,22887000000.0,51362000000.0
NKE,"Nike, Inc.",1988-11-30,Consumer Discretionary,Washington County,Oregon,2025.0,3219000000.0,3702000000.0,,19790000000.0,46309000000.0
NOC,Northrop Grumman,1957-03-04,Industrials,West Falls Church,Virginia[3],2022.0,4896000000.0,3601000000.0,,7474000000.0,36602000000.0
NOC,Northrop Grumman,1957-03-04,Industrials,West Falls Church,Virginia[3],2023.0,2056000000.0,2537000000.0,,6551000000.0,39290000000.0
NOC,Northrop Grumman,1957-03-04,Industrials,West Falls Church,Virginia[3],2024.0,4174000000.0,4370000000.0,,8362000000.0,41033000000.0
NOC,Northrop Grumman,1957-03-04,Industrials,West Falls Church,Virginia[3],2025.0,4182000000.0,4280000000.0,,8313000000.0,41954000000.0
NOW,ServiceNow,2019-11-21,Information Technology,Santa Clara,California,,,,,,
NRG,NRG Energy,2010-01-29,Utilities,Houston,Texas,2021.0,,,,,
NRG,NRG Energy,2010-01-29,Utilities,Houston,Texas,2022.0,1221000000.0,2224000000.0,,4100000000.0,31543000000.0
NRG,NRG Energy,2010-01-29,Utilities,Houston,Texas,2023.0,-202000000.0,-1049000000.0,,2340000000.0,28823000000.0
NRG,NRG Energy,2010-01-29,Utilities,Houston,Texas,2024.0,1125000000.0,2282000000.0,,6030000000.0,28130000000.0
NRG,NRG Energy,2010-01-29,Utilities,Houston,Texas,2025.0,864000000.0,1944000000.0,,5952000000.0,30713000000.0
NSC,Norfolk Southern,1957-03-04,Industrials,Atlanta,Georgia,2021.0,,,,,
NSC,Norfolk Southern,1957-03-04,Industrials,Atlanta,Georgia,2022.0,3270000000.0,5205000000.0,,5239000000.0,12745000000.0
NSC,Norfolk Southern,1957-03-04,Industrials,Atlanta,Georgia,2023.0,1827000000.0,4326000000.0,,4435000000.0,12156000000.0
NSC,Norfolk Southern,1957-03-04,Industrials,Atlanta,Georgia,2024.0,2622000000.0,4877000000.0,,4543000000.0,12123000000.0
NSC,Norfolk Southern,1957-03-04,Industrials,Atlanta,Georgia,2025.0,2873000000.0,4571000000.0,,4427000000.0,12180000000.0
NTAP,NetApp,1999-06-25,Information Technology,San Jose,California,2021.0,,,,,
NTAP,NetApp,1999-06-25,Information Technology,San Jose,California,2022.0,937000000.0,1203000000.0,881000000.0,4220000000.0,6318000000.0
NTAP,NetApp,1999-06-25,Information Technology,San Jose,California,2023.0,1274000000.0,1159000000.0,956000000.0,4209000000.0,6362000000.0
NTAP,NetApp,1999-06-25,Information Technology,San Jose,California,2024.0,986000000.0,1268000000.0,1029000000.0,4433000000.0,6268000000.0
NTAP,NetApp,1999-06-25,Information Technology,San Jose,California,2025.0,1186000000.0,1425000000.0,1012000000.0,4613000000.0,6572000000.0
NTRS,Northern Trust,1998-01-30,Financials,Chicago,Illinois,2021.0,1545300000.0,,,,6464500000.0
NTRS,Northern Trust,1998-01-30,Financials,Chicago,Illinois,2022.0,1336000000.0,,,,6761200000.0
NTRS,Northern Trust,1998-01-30,Financials,Chicago,Illinois,2023.0,1107300000.0,,,,6773500000.0
NTRS,Northern Trust,1998-01-30,Financials,Chicago,Illinois,2024.0,2031100000.0,,,,8290400000.0
NTRS,Northern Trust,1998-01-30,Financials,Chicago,Illinois,2025.0,,,,,
NUE,Nucor,1985-04-30,Materials,Charlotte,North Carolina,2021.0,6827461000.0,9318805000.0,,11025414000.0,36483939000.0
NUE,Nucor,1985-04-30,Materials,Charlotte,North Carolina,2022.0,7607000000.0,10506000000.0,,12503000000.0,41512000000.0
NUE,Nucor,1985-04-30,Materials,Charlotte,North Carolina,2023.0,4525000000.0,6230000000.0,,7815000000.0,34714000000.0
NUE,Nucor,1985-04-30,Materials,Charlotte,North Carolina,2024.0,2027000000.0,2979000000.0,,4102000000.0,30734000000.0
NUE,Nucor,1985-04-30,Materials,Charlotte,North Carolina,2025.0,,,,,
NVDA,Nvidia,2001-11-30,Information Technology,Santa Clara,California,2022.0,,,,,
NVDA,Nvidia,2001-11-30,Information Technology,Santa Clara,California,2023.0,4368000000.0,5577000000.0,7339000000.0,15356000000.0,26974000000.0
NVDA,Nvidia,2001-11-30,Information Technology,Santa Clara,California,2024.0,29760000000.0,32972000000.0,8675000000.0,44301000000.0,60922000000.0
NVDA,Nvidia,2001-11-30,Information Technology,Santa Clara,California,2025.0,72880000000.0,81453000000.0,12914000000.0,97858000000.0,130497000000.0
NVDA,Nvidia,2001-11-30,Information Technology,Santa Clara,California,2026.0,120067000000.0,130387000000.0,18497000000.0,153463000000.0,215938000000.0
NVR,"NVR, Inc.",2019-09-26,Consumer Discretionary,Reston,Virginia,2021.0,,,,,
NVR,"NVR, Inc.",2019-09-26,Consumer Discretionary,Reston,Virginia,2022.0,1725575000.0,2250717000.0,,2876016000.0,10538287000.0
NVR,"NVR, Inc.",2019-09-26,Consumer Discretionary,Reston,Virginia,2023.0,1591611000.0,1803654000.0,,2483691000.0,9534889000.0
NVR,"NVR, Inc.",2019-09-26,Consumer Discretionary,Reston,Virginia,2024.0,1681928000.0,1993919000.0,,2693022000.0,10543571000.0
NVR,"NVR, Inc.",2019-09-26,Consumer Discretionary,Reston,Virginia,2025.0,1339816000.0,1689318000.0,,2388444000.0,10341845000.0
NWS,News Corp (Class B),2015-09-18,Communication Services,New York City,New York,2021.0,,,,,
NWS,News Corp (Class B),2015-09-18,Communication Services,New York City,New York,2022.0,623000000.0,981000000.0,,,10385000000.0
NWS,News Corp (Class B),2015-09-18,Communication Services,New York City,New York,2023.0,149000000.0,674000000.0,,,8012000000.0
NWS,News Corp (Class B),2015-09-18,Communication Services,New York City,New York,2024.0,266000000.0,801000000.0,,,8252000000.0
NWS,News Corp (Class B),2015-09-18,Communication Services,New York City,New York,2025.0,1180000000.0,956000000.0,,,8452000000.0
NWSA,News Corp (Class A),2013-08-01,Communication Services,New York City,New York,2021.0,,,,,
NWSA,News Corp (Class A),2013-08-01,Communication Services,New York City,New York,2022.0,623000000.0,981000000.0,,,10385000000.0
NWSA,News Corp (Class A),2013-08-01,Communication Services,New York City,New York,2023.0,149000000.0,674000000.0,,,8012000000.0
NWSA,News Corp (Class A),2013-08-01,Communication Services,New York City,New York,2024.0,266000000.0,801000000.0,,,8252000000.0
NWSA,News Corp (Class A),2013-08-01,Communication Services,New York City,New York,2025.0,1180000000.0,956000000.0,,,8452000000.0
NXPI,NXP Semiconductors,2021-03-22,Information Technology,Eindhoven,Netherlands,2021.0,,,,,
NXPI,NXP Semiconductors,2021-03-22,Information Technology,Eindhoven,Netherlands,2022.0,2787000000.0,3794000000.0,2148000000.0,7517000000.0,13205000000.0
NXPI,NXP Semiconductors,2021-03-22,Information Technology,Eindhoven,Netherlands,2023.0,2797000000.0,3676000000.0,2418000000.0,7553000000.0,13276000000.0
NXPI,NXP Semiconductors,2021-03-22,Information Technology,Eindhoven,Netherlands,2024.0,2510000000.0,3472000000.0,2347000000.0,7119000000.0,12614000000.0
NXPI,NXP Semiconductors,2021-03-22,Information Technology,Eindhoven,Netherlands,2025.0,2021000000.0,3035000000.0,2360000000.0,6716000000.0,12269000000.0
O,Realty Income,2015-04-07,Real Estate,San Diego,California,2021.0,,,,,
O,Realty Income,2015-04-07,Real Estate,San Diego,California,2022.0,869408000.0,1308503000.0,,3117351000.0,3343681000.0
O,Realty Income,2015-04-07,Real Estate,San Diego,California,2023.0,872309000.0,1722316000.0,,3762029000.0,4078993000.0
O,Realty Income,2015-04-07,Real Estate,San Diego,California,2024.0,860772000.0,2320928000.0,,4893467000.0,5271142000.0
O,Realty Income,2015-04-07,Real Estate,San Diego,California,2025.0,1058590000.0,2593823000.0,,5320577000.0,5749377000.0
ODFL,Old Dominion,2019-12-09,Industrials,Thomasville,North Carolina,2021.0,1034375000.0,1391602000.0,,1775060000.0,5256328000.0
ODFL,Old Dominion,2019-12-09,Industrials,Thomasville,North Carolina,2022.0,1377159000.0,1840632000.0,,2256126000.0,6260077000.0
ODFL,Old Dominion,2019-12-09,Industrials,Thomasville,North Carolina,2023.0,1239502000.0,1640673000.0,,2072199000.0,5866152000.0
ODFL,Old Dominion,2019-12-09,Industrials,Thomasville,North Carolina,2024.0,1186073000.0,1543998000.0,,2022793000.0,5814810000.0
OKE,Oneok,2010-03-15,Energy,Tulsa,Oklahoma,2021.0,,,,,
OKE,Oneok,2010-03-15,Energy,Tulsa,Oklahoma,2022.0,1722000000.0,2807000000.0,,3851000000.0,22387000000.0
OKE,Oneok,2010-03-15,Energy,Tulsa,Oklahoma,2023.0,2659000000.0,4230000000.0,,4979000000.0,17677000000.0
OKE,Oneok,2010-03-15,Energy,Tulsa,Oklahoma,2024.0,3035000000.0,5062000000.0,,7253000000.0,21698000000.0
OKE,Oneok,2010-03-15,Energy,Tulsa,Oklahoma,2025.0,3393000000.0,5822000000.0,,8742000000.0,33629000000.0
OMC,Omnicom Group,1997-12-31,Communication Services,New York City,New York,2022.0,1316500000.0,2083300000.0,,2681200000.0,14289100000.0
OMC,Omnicom Group,1997-12-31,Communication Services,New York City,New York,2023.0,1391400000.0,2104700000.0,,2709500000.0,14692200000.0
OMC,Omnicom Group,1997-12-31,Communication Services,New York City,New York,2024.0,1480600000.0,2274600000.0,,2924400000.0,15689100000.0
OMC,Omnicom Group,1997-12-31,Communication Services,New York City,New York,2025.0,-54500000.0,444700000.0,,1467100000.0,17271900000.0
ON,ON Semiconductor,2022-06-21,Information Technology,Phoenix,Arizona,2021.0,,,,,
ON,ON Semiconductor,2022-06-21,Information Technology,Phoenix,Arizona,2022.0,1902200000.0,2764700000.0,600200000.0,4077200000.0,8326200000.0
ON,ON Semiconductor,2022-06-21,Information Technology,Phoenix,Arizona,2023.0,2183700000.0,2613600000.0,577300000.0,3883500000.0,8253000000.0
ON,ON Semiconductor,2022-06-21,Information Technology,Phoenix,Arizona,2024.0,1572800000.0,1901600000.0,612700000.0,3216100000.0,7082300000.0
ON,ON Semiconductor,2022-06-21,Information Technology,Phoenix,Arizona,2025.0,121000000.0,751100000.0,583600000.0,1983900000.0,5995400000.0
ORCL,Oracle Corporation,1989-08-31,Information Technology,Austin,Texas,2021.0,,,,,
ORCL,Oracle Corporation,1989-08-31,Information Technology,Austin,Texas,2022.0,6717000000.0,15830000000.0,7219000000.0,33563000000.0,42440000000.0
ORCL,Oracle Corporation,1989-08-31,Information Technology,Austin,Texas,2023.0,8503000000.0,13773000000.0,8623000000.0,36390000000.0,49954000000.0
ORCL,Oracle Corporation,1989-08-31,Information Technology,Austin,Texas,2024.0,10467000000.0,16071000000.0,8915000000.0,37818000000.0,52961000000.0
ORCL,Oracle Corporation,1989-08-31,Information Technology,Austin,Texas,2025.0,12443000000.0,18052000000.0,9860000000.0,40472000000.0,57399000000.0
ORLY,O’Reilly Automotive,2009-03-27,Consumer Discretionary,Springfield,Missouri,2021.0,2164685000.0,2917168000.0,,7019949000.0,13327563000.0
ORLY,O’Reilly Automotive,2009-03-27,Consumer Discretionary,Springfield,Missouri,2022.0,2172650000.0,2954491000.0,,7381706000.0,14409860000.0
ORLY,O’Reilly Automotive,2009-03-27,Consumer Discretionary,Springfield,Missouri,2023.0,2346581000.0,3186376000.0,,8104803000.0,15812250000.0
ORLY,O’Reilly Automotive,2009-03-27,Consumer Discretionary,Springfield,Missouri,2024.0,2386680000.0,3251157000.0,,8554489000.0,16708479000.0
OTIS,Otis Worldwide,2020-04-03,Industrials,Farmington,Connecticut,2021.0,,,,,
OTIS,Otis Worldwide,2020-04-03,Industrials,Farmington,Connecticut,2022.0,1253000000.0,2071000000.0,150000000.0,3920000000.0,13685000000.0
OTIS,Otis Worldwide,2020-04-03,Industrials,Farmington,Connecticut,2023.0,1406000000.0,2247000000.0,144000000.0,4193000000.0,14209000000.0
OTIS,Otis Worldwide,2020-04-03,Industrials,Farmington,Connecticut,2024.0,1645000000.0,2051000000.0,152000000.0,4257000000.0,14261000000.0
OTIS,Otis Worldwide,2020-04-03,Industrials,Farmington,Connecticut,2025.0,1384000000.0,2219000000.0,152000000.0,4370000000.0,14431000000.0
OXY,Occidental Petroleum,1957-03-04,Energy,Houston,Texas,2021.0,,,,,
OXY,Occidental Petroleum,1957-03-04,Energy,Houston,Texas,2022.0,13304000000.0,13665000000.0,,17645000000.0,36634000000.0
OXY,Occidental Petroleum,1957-03-04,Energy,Houston,Texas,2023.0,4696000000.0,4753000000.0,,8433000000.0,23156000000.0
OXY,Occidental Petroleum,1957-03-04,Energy,Houston,Texas,2024.0,3056000000.0,4698000000.0,,8291000000.0,22019000000.0
OXY,Occidental Petroleum,1957-03-04,Energy,Houston,Texas,2025.0,2326000000.0,3722000000.0,,7543000000.0,21593000000.0
PANW,Palo Alto Networks,2023-06-20,Information Technology,Santa Clara,California,2021.0,,,,,
PANW,Palo Alto Networks,2023-06-20,Information Technology,Santa Clara,California,2022.0,-267000000.0,-188800000.0,1417700000.0,3782800000.0,5501500000.0
PANW,Palo Alto Networks,2023-06-20,Information Technology,Santa Clara,California,2023.0,439700000.0,387300000.0,1604000000.0,4983000000.0,6892700000.0
PANW,Palo Alto Networks,2023-06-20,Information Technology,Santa Clara,California,2024.0,2577600000.0,683900000.0,1809400000.0,5968300000.0,8027500000.0
PANW,Palo Alto Networks,2023-06-20,Information Technology,Santa Clara,California,2025.0,1133900000.0,1242900000.0,1984100000.0,6769900000.0,9221500000.0
PAYC,Paycom,2020-01-28,Industrials,Oklahoma City,Oklahoma,2021.0,,,,,
PAYC,Paycom,2020-01-28,Industrials,Oklahoma City,Oklahoma,2022.0,281400000.0,378700000.0,148300000.0,1162500000.0,1375200000.0
PAYC,Paycom,2020-01-28,Industrials,Oklahoma City,Oklahoma,2023.0,340800000.0,451300000.0,199000000.0,1417400000.0,1693700000.0
PAYC,Paycom,2020-01-28,Industrials,Oklahoma City,Oklahoma,2024.0,502000000.0,634300000.0,242600000.0,1548600000.0,1883200000.0
PAYC,Paycom,2020-01-28,Industrials,Oklahoma City,Oklahoma,2025.0,453400000.0,567200000.0,283400000.0,1706300000.0,2051700000.0
PAYX,Paychex,1998-10-01,Industrials,Penfield,New York,2022.0,1392800000.0,1840000000.0,,3255400000.0,4611700000.0
PAYX,Paychex,1998-10-01,Industrials,Penfield,New York,2023.0,1557300000.0,2033100000.0,,3554100000.0,5007100000.0
PAYX,Paychex,1998-10-01,Industrials,Penfield,New York,2024.0,1690400000.0,2174100000.0,,3799000000.0,5278300000.0
PAYX,Paychex,1998-10-01,Industrials,Penfield,New York,2025.0,1657300000.0,2207700000.0,,4031300000.0,5571700000.0
PCAR,Paccar,1980-12-31,Industrials,Bellevue,Washington,2021.0,,,,,
PCAR,Paccar,1980-12-31,Industrials,Bellevue,Washington,2022.0,3011600000.0,3678600000.0,341200000.0,5226500000.0,28819700000.0
PCAR,Paccar,1980-12-31,Industrials,Bellevue,Washington,2023.0,4600800000.0,5946400000.0,410900000.0,7732600000.0,35127400000.0
PCAR,Paccar,1980-12-31,Industrials,Bellevue,Washington,2024.0,4162000000.0,4892400000.0,452900000.0,6709600000.0,33663800000.0
PCAR,Paccar,1980-12-31,Industrials,Bellevue,Washington,2025.0,2375800000.0,2961700000.0,445500000.0,4737500000.0,28444800000.0
PCG,PG&E Corporation,2022-10-03,Utilities,Oakland,California,2021.0,,,,,
PCG,PG&E Corporation,2022-10-03,Utilities,Oakland,California,2022.0,1814000000.0,2074000000.0,,7015000000.0,21680000000.0
PCG,PG&E Corporation,2022-10-03,Utilities,Oakland,California,2023.0,2256000000.0,2735000000.0,,8307000000.0,24428000000.0
PCG,PG&E Corporation,2022-10-03,Utilities,Oakland,California,2024.0,2512000000.0,4553000000.0,,9158000000.0,24419000000.0
PCG,PG&E Corporation,2022-10-03,Utilities,Oakland,California,2025.0,2703000000.0,4849000000.0,,9870000000.0,24935000000.0
PEG,Public Service Enterprise Group,1957-03-04,Utilities,Newark,New Jersey,2021.0,-648000000.0,1762000000.0,,2997000000.0,9722000000.0
PEG,Public Service Enterprise Group,1957-03-04,Utilities,Newark,New Jersey,2022.0,1031000000.0,1477000000.0,,2604000000.0,9800000000.0
PEG,Public Service Enterprise Group,1957-03-04,Utilities,Newark,New Jersey,2023.0,2563000000.0,3692000000.0,,4827000000.0,11237000000.0
PEG,Public Service Enterprise Group,1957-03-04,Utilities,Newark,New Jersey,2024.0,1772000000.0,2359000000.0,,3541000000.0,10290000000.0
PEP,PepsiCo,1957-03-04,Consumer Staples,Purchase,New York,2021.0,,,,,
PEP,PepsiCo,1957-03-04,Consumer Staples,Purchase,New York,2022.0,8910000000.0,11357000000.0,,45816000000.0,86392000000.0
PEP,PepsiCo,1957-03-04,Consumer Staples,Purchase,New York,2023.0,9074000000.0,12913000000.0,,49590000000.0,91471000000.0
PEP,PepsiCo,1957-03-04,Consumer Staples,Purchase,New York,2024.0,9578000000.0,12920000000.0,,50110000000.0,91854000000.0
PEP,PepsiCo,1957-03-04,Consumer Staples,Purchase,New York,2025.0,8240000000.0,13491000000.0,,50859000000.0,93925000000.0
PFE,Pfizer,1957-03-04,Health Care,New York City,New York,2021.0,21979000000.0,20235000000.0,13829000000.0,50467000000.0,81288000000.0
PFE,Pfizer,1957-03-04,Health Care,New York City,New York,2022.0,31372000000.0,37164000000.0,12381000000.0,66831000000.0,101175000000.0
PFE,Pfizer,1957-03-04,Health Care,New York City,New York,2023.0,2119000000.0,4223000000.0,10873000000.0,34600000000.0,59554000000.0
PFE,Pfizer,1957-03-04,Health Care,New York City,New York,2024.0,8031000000.0,14830000000.0,10930000000.0,45776000000.0,63627000000.0
PFG,Principal Financial Group,2002-07-22,Financials,Des Moines,Iowa,2021.0,,,,,
PFG,Principal Financial Group,2002-07-22,Financials,Des Moines,Iowa,2022.0,4756900000.0,,,,17536100000.0
PFG,Principal Financial Group,2002-07-22,Financials,Des Moines,Iowa,2023.0,623200000.0,,,,13665800000.0
PFG,Principal Financial Group,2002-07-22,Financials,Des Moines,Iowa,2024.0,1571000000.0,,,,16127700000.0
PFG,Principal Financial Group,2002-07-22,Financials,Des Moines,Iowa,2025.0,1185100000.0,,,,15625500000.0
PG,Procter & Gamble,1957-03-04,Consumer Staples,Cincinnati,Ohio,2022.0,14742000000.0,17813000000.0,,38030000000.0,80187000000.0
PG,Procter & Gamble,1957-03-04,Consumer Staples,Cincinnati,Ohio,2023.0,14653000000.0,18134000000.0,,39246000000.0,82006000000.0
PG,Procter & Gamble,1957-03-04,Consumer Staples,Cincinnati,Ohio,2024.0,14879000000.0,19886000000.0,,43191000000.0,84039000000.0
PG,Procter & Gamble,1957-03-04,Consumer Staples,Cincinnati,Ohio,2025.0,15974000000.0,20451000000.0,,43120000000.0,84284000000.0
PGR,Progressive Corporation,1997-08-04,Financials,Mayfield Village,Ohio,2021.0,3350900000.0,,,,47676500000.0
PGR,Progressive Corporation,1997-08-04,Financials,Mayfield Village,Ohio,2022.0,722000000.0,,,,49587000000.0
PGR,Progressive Corporation,1997-08-04,Financials,Mayfield Village,Ohio,2023.0,3903000000.0,,,,62083000000.0
PGR,Progressive Corporation,1997-08-04,Financials,Mayfield Village,Ohio,2024.0,8480000000.0,,,,75343000000.0
PGR,Progressive Corporation,1997-08-04,Financials,Mayfield Village,Ohio,2025.0,,,,,
PH,Parker Hannifin,1985-11-30,Industrials,Cleveland,Ohio,2021.0,,,,,
PH,Parker Hannifin,1985-11-30,Industrials,Cleveland,Ohio,2022.0,1315605000.0,2807238000.0,,5311299000.0,15861608000.0
PH,Parker Hannifin,1985-11-30,Industrials,Cleveland,Ohio,2023.0,2083000000.0,3075000000.0,,6429000000.0,19065000000.0
PH,Parker Hannifin,1985-11-30,Industrials,Cleveland,Ohio,2024.0,2844000000.0,3813000000.0,,7128000000.0,19930000000.0
PH,Parker Hannifin,1985-11-30,Industrials,Cleveland,Ohio,2025.0,3531000000.0,4060000000.0,,7315000000.0,19850000000.0
PHM,PulteGroup,1984-04-30,Consumer Discretionary,Atlanta,Georgia,2021.0,,,,,
PHM,PulteGroup,1984-04-30,Consumer Discretionary,Atlanta,Georgia,2022.0,2617317000.0,3442158000.0,,4834498000.0,16002979000.0
PHM,PulteGroup,1984-04-30,Consumer Discretionary,Atlanta,Georgia,2023.0,2602372000.0,3396305000.0,,4719485000.0,16061578000.0
PHM,PulteGroup,1984-04-30,Consumer Discretionary,Atlanta,Georgia,2024.0,3083262000.0,3889895000.0,,5221205000.0,17946950000.0
PHM,PulteGroup,1984-04-30,Consumer Discretionary,Atlanta,Georgia,2025.0,2218730000.0,2978583000.0,,4572604000.0,17311953000.0
PKG,Packaging Corporation of America,2017-07-26,Materials,Lake Forest,Illinois,2021.0,841100000.0,1296200000.0,,1873000000.0,7730300000.0
PKG,Packaging Corporation of America,2017-07-26,Materials,Lake Forest,Illinois,2022.0,1029800000.0,1482000000.0,,2090600000.0,8478000000.0
PKG,Packaging Corporation of America,2017-07-26,Materials,Lake Forest,Illinois,2023.0,765200000.0,1118000000.0,,1698900000.0,7802400000.0
PKG,Packaging Corporation of America,2017-07-26,Materials,Lake Forest,Illinois,2024.0,805100000.0,1172800000.0,,1783100000.0,8383300000.0
PLD,Prologis,2003-07-17,Real Estate,San Francisco,California,2021.0,,,,,
PLD,Prologis,2003-07-17,Real Estate,San Francisco,California,2022.0,3364856000.0,2280402000.0,,4464598000.0,5973692000.0
PLD,Prologis,2003-07-17,Real Estate,San Francisco,California,2023.0,3059214000.0,3084483000.0,,6013134000.0,8023469000.0
PLD,Prologis,2003-07-17,Real Estate,San Francisco,California,2024.0,3731635000.0,3098041000.0,,6144369000.0,8201610000.0
PLD,Prologis,2003-07-17,Real Estate,San Francisco,California,2025.0,3328231000.0,3414302000.0,,6555473000.0,8790127000.0
PLTR,Palantir Technologies,2024-09-23,Information Technology,Aventura,Florida,2021.0,,,,,
PLTR,Palantir Technologies,2024-09-23,Information Technology,Aventura,Florida,2022.0,-373705000.0,-161201000.0,359679000.0,1497322000.0,1905871000.0
PLTR,Palantir Technologies,2024-09-23,Information Technology,Aventura,Florida,2023.0,209825000.0,119966000.0,404624000.0,1793907000.0,2225012000.0
PLTR,Palantir Technologies,2024-09-23,Information Technology,Aventura,Florida,2024.0,462190000.0,310403000.0,507878000.0,2299517000.0,2865507000.0
PLTR,Palantir Technologies,2024-09-23,Information Technology,Aventura,Florida,2025.0,1625033000.0,1414015000.0,557677000.0,3686269000.0,4475446000.0
PM,Philip Morris International,2008-03-31,Consumer Staples,New York City,New York,2021.0,,,,,
PM,Philip Morris International,2008-03-31,Consumer Staples,New York City,New York,2022.0,9048000000.0,12246000000.0,,20360000000.0,31762000000.0
PM,Philip Morris International,2008-03-31,Consumer Staples,New York City,New York,2023.0,7813000000.0,12221000000.0,,22281000000.0,35174000000.0
PM,Philip Morris International,2008-03-31,Consumer Staples,New York City,New York,2024.0,7057000000.0,13402000000.0,,24549000000.0,37878000000.0
PM,Philip Morris International,2008-03-31,Consumer Staples,New York City,New York,2025.0,11348000000.0,14933000000.0,,27282000000.0,40648000000.0
PNC,PNC Financial Services,1988-04-30,Financials,Pittsburgh,Pennsylvania,2021.0,5674000000.0,,,,19211000000.0
PNC,PNC Financial Services,1988-04-30,Financials,Pittsburgh,Pennsylvania,2022.0,6041000000.0,,,,21114000000.0
PNC,PNC Financial Services,1988-04-30,Financials,Pittsburgh,Pennsylvania,2023.0,5578000000.0,,,,21509000000.0
PNC,PNC Financial Services,1988-04-30,Financials,Pittsburgh,Pennsylvania,2024.0,5889000000.0,,,,20809000000.0
PNC,PNC Financial Services,1988-04-30,Financials,Pittsburgh,Pennsylvania,2025.0,,,,,
PNR,Pentair,2012-10-01,Industrials,Worsley,United Kingdom,2021.0,,,,,
PNR,Pentair,2012-10-01,Industrials,Worsley,United Kingdom,2022.0,480900000.0,595300000.0,92200000.0,1364600000.0,4121800000.0
PNR,Pentair,2012-10-01,Industrials,Worsley,United Kingdom,2023.0,622700000.0,739200000.0,99800000.0,1519200000.0,4104500000.0
PNR,Pentair,2012-10-01,Industrials,Worsley,United Kingdom,2024.0,625400000.0,896500000.0,93600000.0,1598800000.0,4082800000.0
PNR,Pentair,2012-10-01,Industrials,Worsley,United Kingdom,2025.0,653800000.0,930900000.0,95900000.0,1690300000.0,4176000000.0
PNW,Pinnacle West Capital,1999-10-04,Utilities,Phoenix,Arizona,2021.0,618720000.0,805310000.0,,1697217000.0,3803835000.0
PNW,Pinnacle West Capital,1999-10-04,Utilities,Phoenix,Arizona,2022.0,483602000.0,731911000.0,,1707970000.0,4324385000.0
PNW,Pinnacle West Capital,1999-10-04,Utilities,Phoenix,Arizona,2023.0,501557000.0,824640000.0,,1844609000.0,4695991000.0
PNW,Pinnacle West Capital,1999-10-04,Utilities,Phoenix,Arizona,2024.0,608806000.0,1012063000.0,,2137193000.0,5124915000.0
PODD,Insulet Corporation,2023-03-15,Health Care,Acton,Massachusetts,2021.0,,,,,
PODD,Insulet Corporation,2023-03-15,Health Care,Acton,Massachusetts,2022.0,4600000.0,37600000.0,180200000.0,805600000.0,1305300000.0
PODD,Insulet Corporation,2023-03-15,Health Care,Acton,Massachusetts,2023.0,206300000.0,220100000.0,205000000.0,1159900000.0,1697100000.0
PODD,Insulet Corporation,2023-03-15,Health Care,Acton,Massachusetts,2024.0,418300000.0,308900000.0,219600000.0,1445700000.0,2071600000.0
PODD,Insulet Corporation,2023-03-15,Health Care,Acton,Massachusetts,2025.0,247100000.0,473800000.0,301100000.0,1939900000.0,2708100000.0
POOL,Pool Corporation,2020-10-07,Consumer Discretionary,Covington,Louisiana,2021.0,,,,,
POOL,Pool Corporation,2020-10-07,Consumer Discretionary,Covington,Louisiana,2022.0,748462000.0,1025783000.0,,1933412000.0,6179727000.0
POOL,Pool Corporation,2020-10-07,Consumer Discretionary,Covington,Louisiana,2023.0,523229000.0,746567000.0,,1660044000.0,5541595000.0
POOL,Pool Corporation,2020-10-07,Consumer Discretionary,Covington,Louisiana,2024.0,434325000.0,617204000.0,,1575347000.0,5310953000.0
POOL,Pool Corporation,2020-10-07,Consumer Discretionary,Covington,Louisiana,2025.0,406404000.0,580204000.0,,1572458000.0,5289396000.0
PPG,PPG Industries,1957-03-04,Materials,Pittsburgh,Pennsylvania,2021.0,,,,,
PPG,PPG Industries,1957-03-04,Materials,Pittsburgh,Pennsylvania,2022.0,1026000000.0,1666000000.0,434000000.0,5639000000.0,15614000000.0
PPG,PPG Industries,1957-03-04,Materials,Pittsburgh,Pennsylvania,2023.0,1270000000.0,2035000000.0,424000000.0,6564000000.0,16242000000.0
PPG,PPG Industries,1957-03-04,Materials,Pittsburgh,Pennsylvania,2024.0,1116000000.0,2287000000.0,423000000.0,6593000000.0,15845000000.0
PPG,PPG Industries,1957-03-04,Materials,Pittsburgh,Pennsylvania,2025.0,1576000000.0,2169000000.0,423000000.0,6559000000.0,15875000000.0
PPL,PPL Corporation,2001-10-01,Utilities,Allentown,Pennsylvania,2021.0,,,,,
PPL,PPL Corporation,2001-10-01,Utilities,Allentown,Pennsylvania,2022.0,756000000.0,1374000000.0,,2887000000.0,7902000000.0
PPL,PPL Corporation,2001-10-01,Utilities,Allentown,Pennsylvania,2023.0,740000000.0,1630000000.0,,3276000000.0,8312000000.0
PPL,PPL Corporation,2001-10-01,Utilities,Allentown,Pennsylvania,2024.0,888000000.0,1740000000.0,,3393000000.0,8462000000.0
PPL,PPL Corporation,2001-10-01,Utilities,Allentown,Pennsylvania,2025.0,1181000000.0,2129000000.0,,3864000000.0,9042000000.0
PRU,Prudential Financial,2002-07-22,Financials,Newark,New Jersey,2022.0,-1647000000.0,,,,56986000000.0
PRU,Prudential Financial,2002-07-22,Financials,Newark,New Jersey,2023.0,2488000000.0,,,,54265000000.0
PRU,Prudential Financial,2002-07-22,Financials,Newark,New Jersey,2024.0,2727000000.0,,,,70675000000.0
PRU,Prudential Financial,2002-07-22,Financials,Newark,New Jersey,2025.0,3576000000.0,,,,60967000000.0
PSA,Public Storage,2005-08-19,Real Estate,Glendale,California,2021.0,,,8403000.0,,
PSA,Public Storage,2005-08-19,Real Estate,Glendale,California,2022.0,4349147000.0,2169438000.0,17540000.0,3129256000.0,4182163000.0
PSA,Public Storage,2005-08-19,Real Estate,Glendale,California,2023.0,2148327000.0,2319056000.0,,3369744000.0,4517690000.0
PSA,Public Storage,2005-08-19,Real Estate,Glendale,California,2024.0,2072011000.0,2201172000.0,,3437615000.0,4695616000.0
PSA,Public Storage,2005-08-19,Real Estate,Glendale,California,2025.0,1784348000.0,2260491000.0,,3514138000.0,4824113000.0
PSKY,Paramount Skydance Corporation,1994-09-30,Communication Services,Los Angeles,California,2021.0,4543000000.0,4054000000.0,,10842000000.0,28586000000.0
PSKY,Paramount Skydance Corporation,1994-09-30,Communication Services,Los Angeles,California,2022.0,1104000000.0,2898000000.0,,10309000000.0,30154000000.0
PSKY,Paramount Skydance Corporation,1994-09-30,Communication Services,Los Angeles,California,2023.0,-608000000.0,-399000000.0,,7264000000.0,29652000000.0
PSKY,Paramount Skydance Corporation,1994-09-30,Communication Services,Los Angeles,California,2024.0,-6190000000.0,1608000000.0,,8658000000.0,29213000000.0
PSX,Phillips 66,2012-05-01,Energy,Houston,Texas,2021.0,,,,,
PSX,Phillips 66,2012-05-01,Energy,Houston,Texas,2022.0,11024000000.0,9620000000.0,,18429000000.0,169990000000.0
PSX,Phillips 66,2012-05-01,Energy,Houston,Texas,2023.0,7015000000.0,7950000000.0,,17336000000.0,147399000000.0
PSX,Phillips 66,2012-05-01,Energy,Houston,Texas,2024.0,2117000000.0,1746000000.0,,10828000000.0,143153000000.0
PSX,Phillips 66,2012-05-01,Energy,Houston,Texas,2025.0,4403000000.0,3381000000.0,,13032000000.0,132376000000.0
PTC,PTC Inc.,2021-04-20,Information Technology,Boston,Massachusetts,2021.0,,,,,
PTC,PTC Inc.,2021-04-20,Information Technology,Boston,Massachusetts,2022.0,313081000.0,483596000.0,338822000.0,1547367000.0,1933347000.0
PTC,PTC Inc.,2021-04-20,Information Technology,Boston,Massachusetts,2023.0,245540000.0,458014000.0,394370000.0,1656047000.0,2097053000.0
PTC,PTC Inc.,2021-04-20,Information Technology,Boston,Massachusetts,2024.0,376333000.0,587260000.0,433047000.0,1853656000.0,2298472000.0
PTC,PTC Inc.,2021-04-20,Information Technology,Boston,Massachusetts,2025.0,733997000.0,998028000.0,457693000.0,2294243000.0,2739226000.0
PWR,Quanta Services,2009-07-01,Industrials,Houston,Texas,2021.0,,,,,
PWR,Quanta Services,2009-07-01,Industrials,Houston,Texas,2022.0,491189000.0,838471000.0,,2529155000.0,17073903000.0
PWR,Quanta Services,2009-07-01,Industrials,Houston,Texas,2023.0,744689000.0,1092935000.0,,2937086000.0,20882206000.0
PWR,Quanta Services,2009-07-01,Industrials,Houston,Texas,2024.0,904824000.0,1303048000.0,,3510761000.0,23672795000.0
PWR,Quanta Services,2009-07-01,Industrials,Houston,Texas,2025.0,1028378000.0,1587077000.0,,4275081000.0,28479697000.0
PYPL,PayPal,2015-07-20,Financials,San Jose,California,2022.0,2419000000.0,4044000000.0,3253000000.0,13773000000.0,27518000000.0
PYPL,PayPal,2015-07-20,Financials,San Jose,California,2023.0,4246000000.0,4944000000.0,2973000000.0,13704000000.0,29771000000.0
PYPL,PayPal,2015-07-20,Financials,San Jose,California,2024.0,4147000000.0,5763000000.0,2979000000.0,14658000000.0,31797000000.0
PYPL,PayPal,2015-07-20,Financials,San Jose,California,2025.0,5233000000.0,6396000000.0,3103000000.0,15465000000.0,33172000000.0
Q,Qnity Electronics,2025-11-03,Information Technology,Wilmington,Delaware,2022.0,774000000.0,1034000000.0,329000000.0,2157000000.0,4755000000.0
Q,Qnity Electronics,2025-11-03,Information Technology,Wilmington,Delaware,2023.0,507000000.0,657000000.0,303000000.0,1755000000.0,4035000000.0
Q,Qnity Electronics,2025-11-03,Information Technology,Wilmington,Delaware,2024.0,434000000.0,839000000.0,311000000.0,1999000000.0,4335000000.0
QCOM,Qualcomm,1999-07-22,Information Technology,San Diego,California,2021.0,,,,,
QCOM,Qualcomm,1999-07-22,Information Technology,San Diego,California,2022.0,12936000000.0,15860000000.0,8194000000.0,25565000000.0,44200000000.0
QCOM,Qualcomm,1999-07-22,Information Technology,San Diego,California,2023.0,7232000000.0,8650000000.0,8818000000.0,19951000000.0,35820000000.0
QCOM,Qualcomm,1999-07-22,Information Technology,San Diego,California,2024.0,10142000000.0,10253000000.0,8893000000.0,21902000000.0,38962000000.0
QCOM,Qualcomm,1999-07-22,Information Technology,San Diego,California,2025.0,5541000000.0,12394000000.0,9042000000.0,24546000000.0,44284000000.0
RCL,Royal Caribbean Group,2014-12-05,Consumer Discretionary,Miami,Florida,2021.0,,,,,
RCL,Royal Caribbean Group,2014-12-05,Consumer Discretionary,Miami,Florida,2022.0,-2156000000.0,-766000000.0,,2224000000.0,8840000000.0
RCL,Royal Caribbean Group,2014-12-05,Consumer Discretionary,Miami,Florida,2023.0,1697000000.0,2878000000.0,,6125000000.0,13900000000.0
RCL,Royal Caribbean Group,2014-12-05,Consumer Discretionary,Miami,Florida,2024.0,2877000000.0,4108000000.0,,7833000000.0,16485000000.0
RCL,Royal Caribbean Group,2014-12-05,Consumer Discretionary,Miami,Florida,2025.0,4268000000.0,4910000000.0,,8851000000.0,17934000000.0
REG,Regency Centers,2017-03-02,Real Estate,Jacksonville,Florida,2022.0,482865000.0,472313000.0,,878079000.0,1224022000.0
REG,Regency Centers,2017-03-02,Real Estate,Jacksonville,Florida,2023.0,364557000.0,468150000.0,,927697000.0,1322466000.0
REG,Regency Centers,2017-03-02,Real Estate,Jacksonville,Florida,2024.0,400388000.0,513806000.0,,1020852000.0,1453904000.0
REG,Regency Centers,2017-03-02,Real Estate,Jacksonville,Florida,2025.0,527460000.0,583065000.0,,1096365000.0,1553524000.0
REGN,Regeneron Pharmaceuticals,2013-05-01,Health Care,Tarrytown,New York,2021.0,,,,,
REGN,Regeneron Pharmaceuticals,2013-05-01,Health Care,Tarrytown,New York,2022.0,4338400000.0,4738900000.0,3847600000.0,10612500000.0,12172900000.0
REGN,Regeneron Pharmaceuticals,2013-05-01,Health Care,Tarrytown,New York,2023.0,3953600000.0,4047100000.0,4625100000.0,11301400000.0,13117200000.0
REGN,Regeneron Pharmaceuticals,2013-05-01,Health Care,Tarrytown,New York,2024.0,4412600000.0,3990700000.0,5233000000.0,12231500000.0,14202000000.0
REGN,Regeneron Pharmaceuticals,2013-05-01,Health Care,Tarrytown,New York,2025.0,4504900000.0,3702000000.0,5850200000.0,12242200000.0,14342900000.0
RF,Regions Financial Corporation,1998-08-28,Financials,Birmingham,Alabama,2021.0,,,,,
RF,Regions Financial Corporation,1998-08-28,Financials,Birmingham,Alabama,2022.0,2245000000.0,,,,7165000000.0
RF,Regions Financial Corporation,1998-08-28,Financials,Birmingham,Alabama,2023.0,2074000000.0,,,,7576000000.0
RF,Regions Financial Corporation,1998-08-28,Financials,Birmingham,Alabama,2024.0,1893000000.0,,,,7083000000.0
RF,Regions Financial Corporation,1998-08-28,Financials,Birmingham,Alabama,2025.0,2156000000.0,,,,7526000000.0
RJF,Raymond James Financial,2017-03-20,Financials,St. Petersburg,Florida,2021.0,,,,,
RJF,Raymond James Financial,2017-03-20,Financials,St. Petersburg,Florida,2022.0,1509000000.0,,,,10851000000.0
RJF,Raymond James Financial,2017-03-20,Financials,St. Petersburg,Florida,2023.0,1739000000.0,,,,11468000000.0
RJF,Raymond James Financial,2017-03-20,Financials,St. Petersburg,Florida,2024.0,2068000000.0,,,,12639000000.0
RJF,Raymond James Financial,2017-03-20,Financials,St. Petersburg,Florida,2025.0,2135000000.0,,,,13842000000.0
RL,Ralph Lauren Corporation,2007-02-02,Consumer Discretionary,New York City,New York,2021.0,,,,,
RL,Ralph Lauren Corporation,2007-02-02,Consumer Discretionary,New York City,New York,2022.0,600100000.0,841900000.0,,4147500000.0,6218500000.0
RL,Ralph Lauren Corporation,2007-02-02,Consumer Discretionary,New York City,New York,2023.0,522700000.0,756900000.0,,4165800000.0,6443600000.0
RL,Ralph Lauren Corporation,2007-02-02,Consumer Discretionary,New York City,New York,2024.0,646300000.0,831300000.0,,4431800000.0,6631400000.0
RL,Ralph Lauren Corporation,2007-02-02,Consumer Discretionary,New York City,New York,2025.0,742900000.0,989900000.0,,4852900000.0,7079000000.0
RMD,ResMed,2017-07-26,Health Care,San Diego,California,,,,,,
ROK,Rockwell Automation,2000-03-12,Industrials,Milwaukee,Wisconsin,2021.0,,,,,
ROK,Rockwell Automation,2000-03-12,Industrials,Milwaukee,Wisconsin,2022.0,932200000.0,1335300000.0,,3102000000.0,7760400000.0
ROK,Rockwell Automation,2000-03-12,Industrials,Milwaukee,Wisconsin,2023.0,1387000000.0,1693000000.0,706000000.0,4423000000.0,9058000000.0
ROK,Rockwell Automation,2000-03-12,Industrials,Milwaukee,Wisconsin,2024.0,953000000.0,1192000000.0,658000000.0,3851000000.0,8264000000.0
ROK,Rockwell Automation,2000-03-12,Industrials,Milwaukee,Wisconsin,2025.0,869000000.0,1423000000.0,679000000.0,4016000000.0,8342000000.0
ROL,"Rollins, Inc.",2018-10-01,Industrials,Atlanta,Georgia,2021.0,,,,,
ROL,"Rollins, Inc.",2018-10-01,Industrials,Atlanta,Georgia,2022.0,368599000.0,493388000.0,,1387424000.0,2695823000.0
ROL,"Rollins, Inc.",2018-10-01,Industrials,Atlanta,Georgia,2023.0,434957000.0,588422000.0,,1603407000.0,3073278000.0
ROL,"Rollins, Inc.",2018-10-01,Industrials,Atlanta,Georgia,2024.0,466379000.0,657224000.0,,1785511000.0,3388708000.0
ROL,"Rollins, Inc.",2018-10-01,Industrials,Atlanta,Georgia,2025.0,526705000.0,726068000.0,,1984044000.0,3761050000.0
ROP,Roper Technologies,2009-12-23,Information Technology,Sarasota,Florida,2021.0,,,,,
ROP,Roper Technologies,2009-12-23,Information Technology,Sarasota,Florida,2022.0,4544700000.0,1524500000.0,,3752800000.0,5371800000.0
ROP,Roper Technologies,2009-12-23,Information Technology,Sarasota,Florida,2023.0,1384200000.0,1745200000.0,,4307200000.0,6177800000.0
ROP,Roper Technologies,2009-12-23,Information Technology,Sarasota,Florida,2024.0,1549300000.0,1996800000.0,,4878300000.0,7039200000.0
ROP,Roper Technologies,2009-12-23,Information Technology,Sarasota,Florida,2025.0,1536300000.0,2235400000.0,,5472000000.0,7902500000.0
ROST,Ross Stores,2009-12-21,Consumer Discretionary,Dublin,California,2022.0,1722589000.0,2332868000.0,,5207337000.0,18916244000.0
ROST,Ross Stores,2009-12-21,Consumer Discretionary,Dublin,California,2023.0,1512041000.0,1990331000.0,,4749599000.0,18695829000.0
ROST,Ross Stores,2009-12-21,Consumer Discretionary,Dublin,California,2024.0,1874520000.0,2307663000.0,,5575340000.0,20376941000.0
ROST,Ross Stores,2009-12-21,Consumer Discretionary,Dublin,California,2025.0,2090730000.0,2585586000.0,,5868713000.0,21129219000.0
RSG,Republic Services,2008-12-05,Industrials,Phoenix,Arizona,2021.0,,,,,
RSG,Republic Services,2008-12-05,Industrials,Phoenix,Arizona,2022.0,1488000000.0,2413000000.0,,5306000000.0,13511000000.0
RSG,Republic Services,2008-12-05,Industrials,Phoenix,Arizona,2023.0,1731000000.0,2809000000.0,,6022000000.0,14965000000.0
RSG,Republic Services,2008-12-05,Industrials,Phoenix,Arizona,2024.0,2043000000.0,3224000000.0,,6682000000.0,16032000000.0
RSG,Republic Services,2008-12-05,Industrials,Phoenix,Arizona,2025.0,2139000000.0,3322000000.0,,6961000000.0,16591000000.0
RTX,RTX Corporation,1957-03-04,Industrials,Waltham,Massachusetts,2021.0,,,,,
RTX,RTX Corporation,1957-03-04,Industrials,Waltham,Massachusetts,2022.0,5197000000.0,5504000000.0,2711000000.0,13668000000.0,67074000000.0
RTX,RTX Corporation,1957-03-04,Industrials,Waltham,Massachusetts,2023.0,3195000000.0,3561000000.0,2805000000.0,12089000000.0,68920000000.0
RTX,RTX Corporation,1957-03-04,Industrials,Waltham,Massachusetts,2024.0,4774000000.0,6538000000.0,2934000000.0,15410000000.0,80738000000.0
RTX,RTX Corporation,1957-03-04,Industrials,Waltham,Massachusetts,2025.0,6732000000.0,9300000000.0,2807000000.0,17789000000.0,88603000000.0
RVTY,Revvity,1985-05-31,Health Care,Waltham,Massachusetts,2021.0,,,,,
RVTY,Revvity,1985-05-31,Health Care,Waltham,Massachusetts,2022.0,569179000.0,742699000.0,221617000.0,1989830000.0,3311822000.0
RVTY,Revvity,1985-05-31,Health Care,Waltham,Massachusetts,2023.0,693094000.0,300562000.0,216578000.0,1539691000.0,2750571000.0
RVTY,Revvity,1985-05-31,Health Care,Waltham,Massachusetts,2024.0,270385000.0,346741000.0,196844000.0,1537659000.0,2755026000.0
RVTY,Revvity,1985-05-31,Health Care,Waltham,Massachusetts,2025.0,241201000.0,356635000.0,215840000.0,1564365000.0,2856051000.0
SBAC,SBA Communications,2017-09-01,Real Estate,Boca Raton,Florida,2021.0,237624000.0,843160000.0,,1763350000.0,2308834000.0
SBAC,SBA Communications,2017-09-01,Real Estate,Boca Raton,Florida,2022.0,461429000.0,995375000.0,,1964804000.0,2633454000.0
SBAC,SBA Communications,2017-09-01,Real Estate,Boca Raton,Florida,2023.0,501812000.0,1114717000.0,,2098962000.0,2711584000.0
SBAC,SBA Communications,2017-09-01,Real Estate,Boca Raton,Florida,2024.0,749536000.0,1569634000.0,,2097907000.0,2679634000.0
SBUX,Starbucks,2000-06-07,Consumer Discretionary,Seattle,Washington,2021.0,,,,,
SBUX,Starbucks,2000-06-07,Consumer Discretionary,Seattle,Washington,2022.0,3281600000.0,4429700000.0,,8371100000.0,32250300000.0
SBUX,Starbucks,2000-06-07,Consumer Discretionary,Seattle,Washington,2023.0,4124500000.0,5502900000.0,,9846200000.0,35975600000.0
SBUX,Starbucks,2000-06-07,Consumer Discretionary,Seattle,Washington,2024.0,3760900000.0,5107600000.0,,9709100000.0,36176200000.0
SBUX,Starbucks,2000-06-07,Consumer Discretionary,Seattle,Washington,2025.0,1856400000.0,3580800000.0,,8467300000.0,37184400000.0
SCHW,Charles Schwab Corporation,1997-06-02,Financials,Westlake,Texas,2021.0,5855000000.0,,,,18520000000.0
SCHW,Charles Schwab Corporation,1997-06-02,Financials,Westlake,Texas,2022.0,7183000000.0,,,,20762000000.0
SCHW,Charles Schwab Corporation,1997-06-02,Financials,Westlake,Texas,2023.0,5067000000.0,,,,18837000000.0
SCHW,Charles Schwab Corporation,1997-06-02,Financials,Westlake,Texas,2024.0,5942000000.0,,,,19606000000.0
SCHW,Charles Schwab Corporation,1997-06-02,Financials,Westlake,Texas,2025.0,,,,,
SHW,Sherwin-Williams,1964-06-30,Materials,Cleveland,Ohio,2021.0,,,,,
SHW,Sherwin-Williams,1964-06-30,Materials,Cleveland,Ohio,2022.0,2020100000.0,3000600000.0,,9325100000.0,22148900000.0
SHW,Sherwin-Williams,1964-06-30,Materials,Cleveland,Ohio,2023.0,2388800000.0,3606400000.0,,10758100000.0,23051900000.0
SHW,Sherwin-Williams,1964-06-30,Materials,Cleveland,Ohio,2024.0,2681400000.0,3761900000.0,,11195100000.0,23098500000.0
SHW,Sherwin-Williams,1964-06-30,Materials,Cleveland,Ohio,2025.0,2568500000.0,3796700000.0,,11515500000.0,23574300000.0
SJM,J.M. Smucker Company (The),2008-11-06,Consumer Staples,Orrville,Ohio,2021.0,,,,,
SJM,J.M. Smucker Company (The),2008-11-06,Consumer Staples,Orrville,Ohio,2022.0,631700000.0,1172600000.0,,2700700000.0,7998900000.0
SJM,J.M. Smucker Company (The),2008-11-06,Consumer Staples,Orrville,Ohio,2023.0,-91300000.0,1180700000.0,,2801800000.0,8529200000.0
SJM,J.M. Smucker Company (The),2008-11-06,Consumer Staples,Orrville,Ohio,2024.0,744000000.0,1448900000.0,,3115400000.0,8178700000.0
SJM,J.M. Smucker Company (The),2008-11-06,Consumer Staples,Orrville,Ohio,2025.0,-1230800000.0,1654500000.0,,3384700000.0,8726100000.0
SLB,Schlumberger,1957-03-04,Energy,Houston,Texas,2021.0,,,,,
SLB,Schlumberger,1957-03-04,Energy,Houston,Texas,2022.0,3441000000.0,4151000000.0,634000000.0,5161000000.0,28091000000.0
SLB,Schlumberger,1957-03-04,Energy,Houston,Texas,2023.0,4203000000.0,5488000000.0,711000000.0,6563000000.0,33135000000.0
SLB,Schlumberger,1957-03-04,Energy,Houston,Texas,2024.0,4461000000.0,6326000000.0,749000000.0,7460000000.0,36289000000.0
SLB,Schlumberger,1957-03-04,Energy,Houston,Texas,2025.0,3374000000.0,5458000000.0,709000000.0,6507000000.0,35708000000.0
SMCI,Supermicro,2024-03-18,Information Technology,San Jose,California,2022.0,285163000.0,335167000.0,272273000.0,800001000.0,5196099000.0
SMCI,Supermicro,2024-03-18,Information Technology,San Jose,California,2023.0,639998000.0,761142000.0,307260000.0,1283012000.0,7123482000.0
SMCI,Supermicro,2024-03-18,Information Technology,San Jose,California,2024.0,1152666000.0,1210774000.0,463548000.0,2061410000.0,14989251000.0
SMCI,Supermicro,2024-03-18,Information Technology,San Jose,California,2025.0,1048854000.0,1252994000.0,636550000.0,2429922000.0,21972042000.0
SNA,Snap-on,1982-09-30,Industrials,Kenosha,Wisconsin,2021.0,,,,,
SNA,Snap-on,1982-09-30,Industrials,Kenosha,Wisconsin,2022.0,911700000.0,1207200000.0,,2447100000.0,4842500000.0
SNA,Snap-on,1982-09-30,Industrials,Kenosha,Wisconsin,2023.0,1011100000.0,1310400000.0,,2619600000.0,5108300000.0
SNA,Snap-on,1982-09-30,Industrials,Kenosha,Wisconsin,2024.0,1043900000.0,1345700000.0,,2654800000.0,5108400000.0
SNA,Snap-on,1982-09-30,Industrials,Kenosha,Wisconsin,2025.0,1016900000.0,1327700000.0,,2667200000.0,5156100000.0
SNDK,Sandisk,2025-11-28,Information Technology,Milpitas,California,2023.0,-2143000000.0,-1295000000.0,1167000000.0,430000000.0,6086000000.0
SNDK,Sandisk,2025-11-28,Information Technology,Milpitas,California,2024.0,-672000000.0,-444000000.0,1061000000.0,1072000000.0,6663000000.0
SNDK,Sandisk,2025-11-28,Information Technology,Milpitas,California,2025.0,-1641000000.0,507000000.0,1132000000.0,2212000000.0,7355000000.0
SNPS,Synopsys,2017-03-16,Information Technology,Sunnyvale,California,2021.0,,,,,
SNPS,Synopsys,2017-03-16,Information Technology,Sunnyvale,California,2022.0,984594000.0,1159935000.0,1589846000.0,3717701000.0,4615714000.0
SNPS,Synopsys,2017-03-16,Information Technology,Sunnyvale,California,2023.0,1229888000.0,1326330000.0,1849935000.0,4287171000.0,5318014000.0
SNPS,Synopsys,2017-03-16,Information Technology,Sunnyvale,California,2024.0,2263380000.0,1355711000.0,2082360000.0,4882147000.0,6127436000.0
SNPS,Synopsys,2017-03-16,Information Technology,Sunnyvale,California,2025.0,1332220000.0,914927000.0,2479338000.0,5430629000.0,7054178000.0
SO,Southern Company,1957-03-04,Utilities,Atlanta,Georgia,2021.0,,,,,
SO,Southern Company,1957-03-04,Utilities,Atlanta,Georgia,2022.0,3535000000.0,5370000000.0,,10627000000.0,29279000000.0
SO,Southern Company,1957-03-04,Utilities,Atlanta,Georgia,2023.0,3976000000.0,5826000000.0,,11776000000.0,25253000000.0
SO,Southern Company,1957-03-04,Utilities,Atlanta,Georgia,2024.0,4401000000.0,7068000000.0,,13363000000.0,26724000000.0
SO,Southern Company,1957-03-04,Utilities,Atlanta,Georgia,2025.0,4341000000.0,7285000000.0,,14324000000.0,29553000000.0
SOLV,Solventum,2024-04-01,Health Care,Saint Paul,Minnesota,2021.0,1460000000.0,1879000000.0,766000000.0,4923000000.0,8171000000.0
SOLV,Solventum,2024-04-01,Health Care,Saint Paul,Minnesota,2022.0,1343000000.0,1693000000.0,767000000.0,4695000000.0,8130000000.0
SOLV,Solventum,2024-04-01,Health Care,Saint Paul,Minnesota,2023.0,1346000000.0,1692000000.0,758000000.0,4693000000.0,8197000000.0
SOLV,Solventum,2024-04-01,Health Care,Saint Paul,Minnesota,2024.0,479000000.0,1036000000.0,775000000.0,4593000000.0,8254000000.0
SPG,Simon Property Group,2002-06-26,Real Estate,Indianapolis,Indiana,2021.0,2249631000.0,2413190000.0,,4145725000.0,5116789000.0
SPG,Simon Property Group,2002-06-26,Real Estate,Indianapolis,Indiana,2022.0,2139535000.0,2583553000.0,,4290493000.0,5291447000.0
SPG,Simon Property Group,2002-06-26,Real Estate,Indianapolis,Indiana,2023.0,2283126000.0,2807022000.0,,4630450000.0,5658836000.0
SPG,Simon Property Group,2002-06-26,Real Estate,Indianapolis,Indiana,2024.0,2370896000.0,3092796000.0,,4920384000.0,5963798000.0
SPG,Simon Property Group,2002-06-26,Real Estate,Indianapolis,Indiana,2025.0,,,,,
SPGI,S&P Global,1957-03-04,Financials,New York City,New York,2021.0,,,,,
SPGI,S&P Global,1957-03-04,Financials,New York City,New York,2022.0,3248000000.0,3019000000.0,,7428000000.0,11181000000.0
SPGI,S&P Global,1957-03-04,Financials,New York City,New York,2023.0,2626000000.0,4054000000.0,,8356000000.0,12497000000.0
SPGI,S&P Global,1957-03-04,Financials,New York City,New York,2024.0,3852000000.0,5478000000.0,,9847000000.0,14208000000.0
SPGI,S&P Global,1957-03-04,Financials,New York City,New York,2025.0,4471000000.0,6177000000.0,,10773000000.0,15336000000.0
SRE,Sempra,2017-03-17,Utilities,San Diego,California,2021.0,1318000000.0,2847000000.0,,5298000000.0,12857000000.0
SRE,Sempra,2017-03-17,Utilities,San Diego,California,2022.0,2139000000.0,2557000000.0,,5211000000.0,14439000000.0
SRE,Sempra,2017-03-17,Utilities,San Diego,California,2023.0,3075000000.0,3716000000.0,,6620000000.0,16720000000.0
SRE,Sempra,2017-03-17,Utilities,San Diego,California,2024.0,2862000000.0,2962000000.0,,6092000000.0,13185000000.0
STE,Steris,2019-12-23,Health Care,Dublin,Ireland,2021.0,,,,,
STE,Steris,2019-12-23,Health Care,Dublin,Ireland,2022.0,243888000.0,477863000.0,86663000.0,1883007000.0,4223403000.0
STE,Steris,2019-12-23,Health Care,Dublin,Ireland,2023.0,107030000.0,791586000.0,98477000.0,1980726000.0,4536266000.0
STE,Steris,2019-12-23,Health Care,Dublin,Ireland,2024.0,378239000.0,862163000.0,103679000.0,2218160000.0,5138701000.0
STE,Steris,2019-12-23,Health Care,Dublin,Ireland,2025.0,614641000.0,960840000.0,107648000.0,2402764000.0,5459515000.0
STLD,Steel Dynamics,2022-12-22,Materials,Fort Wayne,Indiana,2021.0,,,,,
STLD,Steel Dynamics,2022-12-22,Materials,Fort Wayne,Indiana,2022.0,3862674000.0,5544373000.0,,6117831000.0,22260774000.0
STLD,Steel Dynamics,2022-12-22,Materials,Fort Wayne,Indiana,2023.0,2450882000.0,3423214000.0,,4045883000.0,18795316000.0
STLD,Steel Dynamics,2022-12-22,Materials,Fort Wayne,Indiana,2024.0,1537134000.0,2107941000.0,,2802586000.0,17540390000.0
STLD,Steel Dynamics,2022-12-22,Materials,Fort Wayne,Indiana,2025.0,1185595000.0,1598972000.0,,2392183000.0,18176581000.0
STT,State Street Corporation,2003-03-14,Financials,Boston,Massachusetts,2021.0,,,,,
STT,State Street Corporation,2003-03-14,Financials,Boston,Massachusetts,2022.0,2774000000.0,,,,12125000000.0
STT,State Street Corporation,2003-03-14,Financials,Boston,Massachusetts,2023.0,1944000000.0,,,,11945000000.0
STT,State Street Corporation,2003-03-14,Financials,Boston,Massachusetts,2024.0,2687000000.0,,,,12919000000.0
STT,State Street Corporation,2003-03-14,Financials,Boston,Massachusetts,2025.0,2945000000.0,,,,13965000000.0
STX,Seagate Technology,2012-07-02,Information Technology,Dublin,Ireland,2021.0,,,,,
STX,Seagate Technology,2012-07-02,Information Technology,Dublin,Ireland,2022.0,1649000000.0,1958000000.0,941000000.0,3469000000.0,11661000000.0
STX,Seagate Technology,2012-07-02,Information Technology,Dublin,Ireland,2023.0,-529000000.0,60000000.0,797000000.0,1351000000.0,7384000000.0
STX,Seagate Technology,2012-07-02,Information Technology,Dublin,Ireland,2024.0,335000000.0,422000000.0,654000000.0,1536000000.0,6551000000.0
STX,Seagate Technology,2012-07-02,Information Technology,Dublin,Ireland,2025.0,1469000000.0,1915000000.0,724000000.0,3200000000.0,9097000000.0
STZ,Constellation Brands,2005-07-01,Consumer Staples,Rochester,New York,2022.0,-40400000.0,2997600000.0,,4707300000.0,8820700000.0
STZ,Constellation Brands,2005-07-01,Consumer Staples,Rochester,New York,2023.0,-71000000.0,2840900000.0,,4769000000.0,9452600000.0
STZ,Constellation Brands,2005-07-01,Consumer Staples,Rochester,New York,2024.0,1727400000.0,3184800000.0,,5017500000.0,9961800000.0
STZ,Constellation Brands,2005-07-01,Consumer Staples,Rochester,New York,2025.0,-81400000.0,3364600000.0,,5314600000.0,10208700000.0
SW,Smurfit Westrock,2024-07-08,Materials,Dublin,Ireland,2021.0,768777880.935667,1214872851.61115,,3500826521.138561,11443354996.490116
SW,Smurfit Westrock,2024-07-08,Materials,Dublin,Ireland,2022.0,1034000000.0,1729000000.0,,3272000000.0,13509000000.0
SW,Smurfit Westrock,2024-07-08,Materials,Dublin,Ireland,2023.0,825000000.0,1450000000.0,,3054000000.0,12093000000.0
SW,Smurfit Westrock,2024-07-08,Materials,Dublin,Ireland,2024.0,319000000.0,1402000000.0,,4195000000.0,21109000000.0
SWK,Stanley Black & Decker,1982-09-30,Industrials,New Britain,Connecticut,2021.0,,,,,
SWK,Stanley Black & Decker,1982-09-30,Industrials,New Britain,Connecticut,2022.0,1062500000.0,914100000.0,,4284100000.0,16947400000.0
SWK,Stanley Black & Decker,1982-09-30,Industrials,New Britain,Connecticut,2023.0,-310500000.0,641900000.0,,3932600000.0,15781100000.0
SWK,Stanley Black & Decker,1982-09-30,Industrials,New Britain,Connecticut,2024.0,294300000.0,1181700000.0,,4514400000.0,15365700000.0
SWK,Stanley Black & Decker,1982-09-30,Industrials,New Britain,Connecticut,2025.0,401900000.0,1255400000.0,,4588300000.0,15130400000.0
SWKS,Skyworks Solutions,2015-03-12,Information Technology,Irvine,California,2021.0,,,,,
SWKS,Skyworks Solutions,2015-03-12,Information Technology,Irvine,California,2022.0,1275200000.0,1557700000.0,617900000.0,2604300000.0,5485500000.0
SWKS,Skyworks Solutions,2015-03-12,Information Technology,Irvine,California,2023.0,982800000.0,1153300000.0,606800000.0,2107300000.0,4772400000.0
SWKS,Skyworks Solutions,2015-03-12,Information Technology,Irvine,California,2024.0,596000000.0,787400000.0,631700000.0,1720800000.0,4178000000.0
SWKS,Skyworks Solutions,2015-03-12,Information Technology,Irvine,California,2025.0,477100000.0,524200000.0,785500000.0,1682100000.0,4086900000.0
SYF,Synchrony Financial,2015-11-18,Financials,Stamford,Connecticut,2022.0,3016000000.0,,,,11674000000.0
SYF,Synchrony Financial,2015-11-18,Financials,Stamford,Connecticut,2023.0,2238000000.0,,,,13627000000.0
SYF,Synchrony Financial,2015-11-18,Financials,Stamford,Connecticut,2024.0,3499000000.0,,,,16125000000.0
SYF,Synchrony Financial,2015-11-18,Financials,Stamford,Connecticut,2025.0,3552000000.0,,,,14981000000.0
SYK,Stryker Corporation,2000-12-12,Health Care,Kalamazoo,Michigan,2021.0,,,,,
SYK,Stryker Corporation,2000-12-12,Health Care,Kalamazoo,Michigan,2022.0,2358000000.0,3111000000.0,1454000000.0,11578000000.0,18449000000.0
SYK,Stryker Corporation,2000-12-12,Health Care,Kalamazoo,Michigan,2023.0,3165000000.0,3924000000.0,1388000000.0,13058000000.0,20498000000.0
SYK,Stryker Corporation,2000-12-12,Health Care,Kalamazoo,Michigan,2024.0,2993000000.0,4666000000.0,1466000000.0,14440000000.0,22595000000.0
SYK,Stryker Corporation,2000-12-12,Health Care,Kalamazoo,Michigan,2025.0,3246000000.0,5059000000.0,1623000000.0,16065000000.0,25116000000.0
SYY,Sysco,1986-12-31,Consumer Staples,Houston,Texas,2022.0,1359000000.0,2346000000.0,,12320000000.0,68636000000.0
SYY,Sysco,1986-12-31,Consumer Staples,Houston,Texas,2023.0,1770000000.0,3039000000.0,,13955000000.0,76325000000.0
SYY,Sysco,1986-12-31,Consumer Staples,Houston,Texas,2024.0,1955000000.0,3202000000.0,,14608000000.0,78844000000.0
SYY,Sysco,1986-12-31,Consumer Staples,Houston,Texas,2025.0,1828000000.0,3088000000.0,,14969000000.0,81370000000.0
T,AT&T,1983-11-30,Communication Services,Dallas,Texas,2021.0,,,,,
T,AT&T,1983-11-30,Communication Services,Dallas,Texas,2022.0,-8524000000.0,22911000000.0,,69893000000.0,120741000000.0
T,AT&T,1983-11-30,Communication Services,Dallas,Texas,2023.0,14400000000.0,24654000000.0,,72305000000.0,122428000000.0
T,AT&T,1983-11-30,Communication Services,Dallas,Texas,2024.0,10948000000.0,24124000000.0,,73115000000.0,122336000000.0
T,AT&T,1983-11-30,Communication Services,Dallas,Texas,2025.0,21953000000.0,25000000000.0,,74828000000.0,125648000000.0
TAP,Molson Coors Beverage Company,1976-06-30,Consumer Staples,Chicago,Illinois,2021.0,,,,,
TAP,Molson Coors Beverage Company,1976-06-30,Consumer Staples,Chicago,Illinois,2022.0,-175300000.0,1036400000.0,,3655200000.0,10701000000.0
TAP,Molson Coors Beverage Company,1976-06-30,Consumer Staples,Chicago,Illinois,2023.0,948900000.0,1588900000.0,,4368800000.0,11702100000.0
TAP,Molson Coors Beverage Company,1976-06-30,Consumer Staples,Chicago,Illinois,2024.0,1122400000.0,1815900000.0,,4533400000.0,11627000000.0
TAP,Molson Coors Beverage Company,1976-06-30,Consumer Staples,Chicago,Illinois,2025.0,-2139600000.0,1630700000.0,,4274600000.0,11140800000.0
TDG,TransDigm Group,2016-06-03,Industrials,Cleveland,Ohio,2021.0,,,,,
TDG,TransDigm Group,2016-06-03,Industrials,Cleveland,Ohio,2022.0,866000000.0,2215000000.0,,3099000000.0,5429000000.0
TDG,TransDigm Group,2016-06-03,Industrials,Cleveland,Ohio,2023.0,1298000000.0,2923000000.0,,3842000000.0,6585000000.0
TDG,TransDigm Group,2016-06-03,Industrials,Cleveland,Ohio,2024.0,1714000000.0,3577000000.0,,4672000000.0,7940000000.0
TDG,TransDigm Group,2016-06-03,Industrials,Cleveland,Ohio,2025.0,2074000000.0,4189000000.0,,5311000000.0,8831000000.0
TDY,Teledyne Technologies,2020-06-22,Information Technology,Thousand Oaks,California,2021.0,,,,,
TDY,Teledyne Technologies,2020-06-22,Information Technology,Thousand Oaks,California,2022.0,788600000.0,972400000.0,352200000.0,2330300000.0,5458600000.0
TDY,Teledyne Technologies,2020-06-22,Information Technology,Thousand Oaks,California,2023.0,885700000.0,1034400000.0,356300000.0,2439400000.0,5635500000.0
TDY,Teledyne Technologies,2020-06-22,Information Technology,Thousand Oaks,California,2024.0,819200000.0,1041600000.0,292600000.0,2434800000.0,5670000000.0
TDY,Teledyne Technologies,2020-06-22,Information Technology,Thousand Oaks,California,2025.0,894800000.0,1149800000.0,317300000.0,2614800000.0,6115400000.0
TECH,Bio-Techne,2021-08-30,Health Care,Minneapolis,Minnesota,2022.0,272051000.0,295828000.0,87140000.0,756496000.0,1105599000.0
TECH,Bio-Techne,2021-08-30,Health Care,Minneapolis,Minnesota,2023.0,285263000.0,290998000.0,92493000.0,769815000.0,1136702000.0
TECH,Bio-Techne,2021-08-30,Health Care,Minneapolis,Minnesota,2024.0,168105000.0,246401000.0,96664000.0,769725000.0,1159060000.0
TECH,Bio-Techne,2021-08-30,Health Care,Minneapolis,Minnesota,2025.0,73400000.0,242804000.0,99496000.0,790272000.0,1219635000.0
TEL,TE Connectivity,2011-10-17,Information Technology,Galway,Ireland,2021.0,,,,,
TEL,TE Connectivity,2011-10-17,Information Technology,Galway,Ireland,2022.0,2428000000.0,2942000000.0,718000000.0,5244000000.0,16281000000.0
TEL,TE Connectivity,2011-10-17,Information Technology,Galway,Ireland,2023.0,1910000000.0,2677000000.0,708000000.0,5055000000.0,16034000000.0
TEL,TE Connectivity,2011-10-17,Information Technology,Galway,Ireland,2024.0,3193000000.0,2983000000.0,741000000.0,5456000000.0,15845000000.0
TEL,TE Connectivity,2011-10-17,Information Technology,Galway,Ireland,2025.0,1842000000.0,3384000000.0,829000000.0,6079000000.0,17262000000.0
TER,Teradyne,2020-09-21,Information Technology,North Reading,Massachusetts,2021.0,,,,,
TER,Teradyne,2020-09-21,Information Technology,North Reading,Massachusetts,2022.0,715501000.0,849124000.0,440591000.0,1867151000.0,3155045000.0
TER,Teradyne,2020-09-21,Information Technology,North Reading,Massachusetts,2023.0,448752000.0,522345000.0,418089000.0,1536748000.0,2676298000.0
TER,Teradyne,2020-09-21,Information Technology,North Reading,Massachusetts,2024.0,542372000.0,552240000.0,460876000.0,1648927000.0,2819880000.0
TER,Teradyne,2020-09-21,Information Technology,North Reading,Massachusetts,2025.0,554047000.0,688605000.0,504596000.0,1857345000.0,3190024000.0
TFC,Truist Financial,1997-12-04,Financials,Charlotte,North Carolina,2021.0,6440000000.0,,,,22296000000.0
TFC,Truist Financial,1997-12-04,Financials,Charlotte,North Carolina,2022.0,6260000000.0,,,,19973000000.0
TFC,Truist Financial,1997-12-04,Financials,Charlotte,North Carolina,2023.0,-1091000000.0,,,,20022000000.0
TFC,Truist Financial,1997-12-04,Financials,Charlotte,North Carolina,2024.0,4818000000.0,,,,13278000000.0
TFC,Truist Financial,1997-12-04,Financials,Charlotte,North Carolina,2025.0,,,,,
TGT,Target Corporation,1976-12-31,Consumer Staples,Minneapolis,Minnesota,2022.0,6946000000.0,8946000000.0,,31042000000.0,106005000000.0
TGT,Target Corporation,1976-12-31,Consumer Staples,Minneapolis,Minnesota,2023.0,2780000000.0,3848000000.0,,26814000000.0,109120000000.0
TGT,Target Corporation,1976-12-31,Consumer Staples,Minneapolis,Minnesota,2024.0,4138000000.0,5707000000.0,,29584000000.0,107412000000.0
TGT,Target Corporation,1976-12-31,Consumer Staples,Minneapolis,Minnesota,2025.0,4091000000.0,5566000000.0,,30064000000.0,106566000000.0
TJX,TJX Companies,1985-09-30,Consumer Discretionary,Framingham,Massachusetts,2022.0,3283000000.0,4755000000.0,,13836000000.0,48550000000.0
TJX,TJX Companies,1985-09-30,Consumer Discretionary,Framingham,Massachusetts,2023.0,3498000000.0,4860000000.0,,13787000000.0,49936000000.0
TJX,TJX Companies,1985-09-30,Consumer Discretionary,Framingham,Massachusetts,2024.0,4474000000.0,5797000000.0,,16266000000.0,54217000000.0
TJX,TJX Companies,1985-09-30,Consumer Discretionary,Framingham,Massachusetts,2025.0,4864000000.0,6302000000.0,,17248000000.0,56360000000.0
TKO,TKO Group Holdings,2025-03-24,Communication Services,New York City,New York,2021.0,272340000.0,391137000.0,,696340000.0,1031944000.0
TKO,TKO Group Holdings,2025-03-24,Communication Services,New York City,New York,2022.0,387275000.0,544387000.0,,814561000.0,1140147000.0
TKO,TKO Group Holdings,2025-03-24,Communication Services,New York City,New York,2023.0,208176000.0,446663000.0,,1160370000.0,1674968000.0
TKO,TKO Group Holdings,2025-03-24,Communication Services,New York City,New York,2024.0,9408000.0,282902000.0,,1904466000.0,2804341000.0
TMO,Thermo Fisher Scientific,2004-08-03,Health Care,Waltham,Massachusetts,2021.0,7725000000.0,10225000000.0,1406000000.0,19638000000.0,39211000000.0
TMO,Thermo Fisher Scientific,2004-08-03,Health Care,Waltham,Massachusetts,2022.0,6950000000.0,8507000000.0,1471000000.0,18971000000.0,44915000000.0
TMO,Thermo Fisher Scientific,2004-08-03,Health Care,Waltham,Massachusetts,2023.0,5995000000.0,7318000000.0,1337000000.0,17100000000.0,42857000000.0
TMO,Thermo Fisher Scientific,2004-08-03,Health Care,Waltham,Massachusetts,2024.0,6335000000.0,7717000000.0,1390000000.0,17702000000.0,42879000000.0
TMO,Thermo Fisher Scientific,2004-08-03,Health Care,Waltham,Massachusetts,2025.0,,,,,
TMUS,T-Mobile US,2019-07-15,Communication Services,Bellevue,Washington,2021.0,,,,,
TMUS,T-Mobile US,2019-07-15,Communication Services,Bellevue,Washington,2022.0,2590000000.0,8107000000.0,,43365000000.0,79571000000.0
TMUS,T-Mobile US,2019-07-15,Communication Services,Bellevue,Washington,2023.0,8317000000.0,14241000000.0,,48370000000.0,78558000000.0
TMUS,T-Mobile US,2019-07-15,Communication Services,Bellevue,Washington,2024.0,11339000000.0,18010000000.0,,51747000000.0,81400000000.0
TMUS,T-Mobile US,2019-07-15,Communication Services,Bellevue,Washington,2025.0,10992000000.0,18557000000.0,,55535000000.0,88309000000.0
TPL,Texas Pacific Land Corporation,2024-11-26,Energy,Dallas,Texas,2022.0,446362000.0,562307000.0,,634583000.0,667422000.0
TPL,Texas Pacific Land Corporation,2024-11-26,Energy,Dallas,Texas,2023.0,405645000.0,486053000.0,,583272000.0,631595000.0
TPL,Texas Pacific Land Corporation,2024-11-26,Energy,Dallas,Texas,2024.0,453960000.0,539138000.0,,634537000.0,705823000.0
TPL,Texas Pacific Land Corporation,2024-11-26,Energy,Dallas,Texas,2025.0,481376000.0,592161000.0,,682129000.0,798190000.0
TPR,"Tapestry, Inc.",2004-09-01,Consumer Discretionary,New York City,New York,2022.0,856300000.0,1175800000.0,,4650400000.0,6684500000.0
TPR,"Tapestry, Inc.",2004-09-01,Consumer Discretionary,New York City,New York,2023.0,936000000.0,1172400000.0,,4714900000.0,6660900000.0
TPR,"Tapestry, Inc.",2004-09-01,Consumer Discretionary,New York City,New York,2024.0,816000000.0,1140100000.0,,4889500000.0,6671200000.0
TPR,"Tapestry, Inc.",2004-09-01,Consumer Discretionary,New York City,New York,2025.0,183200000.0,1269800000.0,,5288900000.0,7010700000.0
TRGP,Targa Resources,2022-10-12,Energy,Houston,Texas,2021.0,,,,,
TRGP,Targa Resources,2022-10-12,Energy,Houston,Texas,2022.0,1195500000.0,1729000000.0,,2951700000.0,20929800000.0
TRGP,Targa Resources,2022-10-12,Energy,Houston,Texas,2023.0,1345900000.0,2626200000.0,,4054300000.0,16060300000.0
TRGP,Targa Resources,2022-10-12,Energy,Houston,Texas,2024.0,1312000000.0,2695400000.0,,4255500000.0,16381500000.0
TRGP,Targa Resources,2022-10-12,Energy,Houston,Texas,2025.0,1923000000.0,3331200000.0,,5005200000.0,17028300000.0
TRMB,Trimble Inc.,2021-01-21,Information Technology,Westminster,Colorado,2021.0,492800000.0,571300000.0,536600000.0,2034700000.0,3659100000.0
TRMB,Trimble Inc.,2021-01-21,Information Technology,Westminster,Colorado,2022.0,449700000.0,541100000.0,542100000.0,2105600000.0,3676300000.0
TRMB,Trimble Inc.,2021-01-21,Information Technology,Westminster,Colorado,2023.0,311300000.0,494400000.0,664300000.0,2332800000.0,3798700000.0
TRMB,Trimble Inc.,2021-01-21,Information Technology,Westminster,Colorado,2024.0,1504400000.0,476600000.0,662300000.0,2396300000.0,3683300000.0
TROW,T. Rowe Price,2019-07-29,Financials,Baltimore,Maryland,2022.0,1557900000.0,2496000000.0,,3566000000.0,6488400000.0
TROW,T. Rowe Price,2019-07-29,Financials,Baltimore,Maryland,2023.0,1788700000.0,2038000000.0,,3206100000.0,6460500000.0
TROW,T. Rowe Price,2019-07-29,Financials,Baltimore,Maryland,2024.0,2100100000.0,2476600000.0,,3684100000.0,7093600000.0
TROW,T. Rowe Price,2019-07-29,Financials,Baltimore,Maryland,2025.0,2087100000.0,2477400000.0,,3750300000.0,7314800000.0
TRV,Travelers Companies (The),2002-08-21,Financials,New York City,New York,2022.0,2842000000.0,,,,36896000000.0
TRV,Travelers Companies (The),2002-08-21,Financials,New York City,New York,2023.0,2991000000.0,,,,41373000000.0
TRV,Travelers Companies (The),2002-08-21,Financials,New York City,New York,2024.0,4999000000.0,,,,46428000000.0
TRV,Travelers Companies (The),2002-08-21,Financials,New York City,New York,2025.0,6288000000.0,,,,48828000000.0
TSCO,Tractor Supply,2014-01-24,Consumer Discretionary,Brentwood,Tennessee,2021.0,,,,,
TSCO,Tractor Supply,2014-01-24,Consumer Discretionary,Brentwood,Tennessee,2022.0,1088712000.0,1434943000.0,,4972204000.0,14204717000.0
TSCO,Tractor Supply,2014-01-24,Consumer Discretionary,Brentwood,Tennessee,2023.0,1107226000.0,1478912000.0,,5228219000.0,14555741000.0
TSCO,Tractor Supply,2014-01-24,Consumer Discretionary,Brentwood,Tennessee,2024.0,1101240000.0,1467532000.0,,5396557000.0,14883231000.0
TSCO,Tractor Supply,2014-01-24,Consumer Discretionary,Brentwood,Tennessee,2025.0,1096087000.0,1467389000.0,,5654508000.0,15524046000.0
TSLA,"Tesla, Inc.",2020-12-21,Consumer Discretionary,Austin,Texas,2021.0,,,,,
TSLA,"Tesla, Inc.",2020-12-21,Consumer Discretionary,Austin,Texas,2022.0,12583000000.0,13832000000.0,3075000000.0,20853000000.0,81462000000.0
TSLA,"Tesla, Inc.",2020-12-21,Consumer Discretionary,Austin,Texas,2023.0,14999000000.0,8891000000.0,3969000000.0,17660000000.0,96773000000.0
TSLA,"Tesla, Inc.",2020-12-21,Consumer Discretionary,Austin,Texas,2024.0,7130000000.0,7760000000.0,4540000000.0,17450000000.0,97690000000.0
TSLA,"Tesla, Inc.",2020-12-21,Consumer Discretionary,Austin,Texas,2025.0,3794000000.0,4849000000.0,6411000000.0,17094000000.0,94827000000.0
TSN,Tyson Foods,2005-08-10,Consumer Staples,Springdale,Arkansas,2022.0,3238000000.0,4410000000.0,,6668000000.0,53282000000.0
TSN,Tyson Foods,2005-08-10,Consumer Staples,Springdale,Arkansas,2023.0,-648000000.0,386000000.0,,2631000000.0,52881000000.0
TSN,Tyson Foods,2005-08-10,Consumer Staples,Springdale,Arkansas,2024.0,800000000.0,1409000000.0,,3627000000.0,53309000000.0
TSN,Tyson Foods,2005-08-10,Consumer Staples,Springdale,Arkansas,2025.0,474000000.0,1441000000.0,,3562000000.0,54441000000.0
TT,Trane Technologies,2010-11-17,Industrials,Dublin,Ireland,2022.0,1756500000.0,2418900000.0,,4964800000.0,15991700000.0
TT,Trane Technologies,2010-11-17,Industrials,Dublin,Ireland,2023.0,2023900000.0,2894000000.0,,5857200000.0,17677600000.0
TT,Trane Technologies,2010-11-17,Industrials,Dublin,Ireland,2024.0,2567900000.0,3500100000.0,,7080500000.0,19838200000.0
TT,Trane Technologies,2010-11-17,Industrials,Dublin,Ireland,2025.0,2918600000.0,3967400000.0,,7710200000.0,21321900000.0
TTD,Trade Desk (The),2025-07-18,Communication Services,Ventura,California,2021.0,137762000.0,124817000.0,226137000.0,974913000.0,1196467000.0
TTD,Trade Desk (The),2025-07-18,Communication Services,Ventura,California,2022.0,53385000.0,113654000.0,319876000.0,1296672000.0,1577795000.0
TTD,Trade Desk (The),2025-07-18,Communication Services,Ventura,California,2023.0,178940000.0,200480000.0,411794000.0,1580522000.0,1946120000.0
TTD,Trade Desk (The),2025-07-18,Communication Services,Ventura,California,2024.0,393076000.0,427167000.0,463319000.0,1972819000.0,2444831000.0
TTWO,Take-Two Interactive,2018-03-19,Communication Services,New York City,New York,2021.0,,,,,
TTWO,Take-Two Interactive,2018-03-19,Communication Services,New York City,New York,2022.0,418000000.0,474400000.0,406600000.0,1969400000.0,3504800000.0
TTWO,Take-Two Interactive,2018-03-19,Communication Services,New York City,New York,2023.0,-1124700000.0,-1150600000.0,887600000.0,2285300000.0,5349900000.0
TTWO,Take-Two Interactive,2018-03-19,Communication Services,New York City,New York,2024.0,-3744200000.0,-1143900000.0,948200000.0,2241800000.0,5349600000.0
TTWO,Take-Two Interactive,2018-03-19,Communication Services,New York City,New York,2025.0,-4478900000.0,-739400000.0,1005200000.0,3062200000.0,5633600000.0
TXN,Texas Instruments,2001-03-12,Information Technology,Dallas,Texas,2021.0,,,,,
TXN,Texas Instruments,2001-03-12,Information Technology,Dallas,Texas,2022.0,8749000000.0,10397000000.0,1670000000.0,13771000000.0,20028000000.0
TXN,Texas Instruments,2001-03-12,Information Technology,Dallas,Texas,2023.0,6510000000.0,7331000000.0,1863000000.0,11019000000.0,17519000000.0
TXN,Texas Instruments,2001-03-12,Information Technology,Dallas,Texas,2024.0,4799000000.0,5341000000.0,1959000000.0,9094000000.0,15641000000.0
TXN,Texas Instruments,2001-03-12,Information Technology,Dallas,Texas,2025.0,5001000000.0,6140000000.0,2083000000.0,10083000000.0,17682000000.0
TXT,Textron,1978-12-31,Industrials,Providence,Rhode Island,2021.0,,,,,
TXT,Textron,1978-12-31,Industrials,Providence,Rhode Island,2022.0,861000000.0,883000000.0,601000000.0,2670000000.0,12869000000.0
TXT,Textron,1978-12-31,Industrials,Providence,Rhode Island,2023.0,921000000.0,1053000000.0,570000000.0,2848000000.0,13683000000.0
TXT,Textron,1978-12-31,Industrials,Providence,Rhode Island,2024.0,824000000.0,855000000.0,491000000.0,2502000000.0,13702000000.0
TXT,Textron,1978-12-31,Industrials,Providence,Rhode Island,2025.0,921000000.0,1001000000.0,521000000.0,2695000000.0,14799000000.0
TYL,Tyler Technologies,2020-06-22,Information Technology,Plano,Texas,2021.0,161458000.0,180735000.0,93481000.0,709644000.0,1592287000.0
TYL,Tyler Technologies,2020-06-22,Information Technology,Plano,Texas,2022.0,164240000.0,214249000.0,105184000.0,783863000.0,1850204000.0
TYL,Tyler Technologies,2020-06-22,Information Technology,Plano,Texas,2023.0,165919000.0,218537000.0,109585000.0,861099000.0,1951751000.0
TYL,Tyler Technologies,2020-06-22,Information Technology,Plano,Texas,2024.0,263026000.0,299526000.0,117939000.0,935761000.0,2137803000.0
UAL,United Airlines Holdings,2015-09-03,Industrials,Chicago,Illinois,2021.0,,,,,
UAL,United Airlines Holdings,2015-09-03,Industrials,Chicago,Illinois,2022.0,737000000.0,2477000000.0,,10640000000.0,44955000000.0
UAL,United Airlines Holdings,2015-09-03,Industrials,Chicago,Illinois,2023.0,2618000000.0,5160000000.0,,15199000000.0,53717000000.0
UAL,United Airlines Holdings,2015-09-03,Industrials,Chicago,Illinois,2024.0,3149000000.0,5208000000.0,,16492000000.0,57063000000.0
UAL,United Airlines Holdings,2015-09-03,Industrials,Chicago,Illinois,2025.0,3353000000.0,4972000000.0,,17000000000.0,59070000000.0
UBER,Uber,2023-12-18,Industrials,San Francisco,California,2021.0,,,,,
UBER,Uber,2023-12-18,Industrials,San Francisco,California,2022.0,-9141000000.0,-1832000000.0,2798000000.0,12218000000.0,31877000000.0
UBER,Uber,2023-12-18,Industrials,San Francisco,California,2023.0,1887000000.0,1110000000.0,3164000000.0,14824000000.0,37281000000.0
UBER,Uber,2023-12-18,Industrials,San Francisco,California,2024.0,9856000000.0,2799000000.0,3109000000.0,17327000000.0,43978000000.0
UBER,Uber,2023-12-18,Industrials,San Francisco,California,2025.0,10053000000.0,5565000000.0,3402000000.0,20679000000.0,52017000000.0
UDR,"UDR, Inc.",2016-03-07,Real Estate,Highlands Ranch,Colorado,2021.0,,,,,
UDR,"UDR, Inc.",2016-03-07,Real Estate,Highlands Ranch,Colorado,2022.0,86924000.0,235053000.0,,331034000.0,1517386000.0
UDR,"UDR, Inc.",2016-03-07,Real Estate,Highlands Ranch,Colorado,2023.0,444353000.0,286953000.0,,392523000.0,1627501000.0
UDR,"UDR, Inc.",2016-03-07,Real Estate,Highlands Ranch,Colorado,2024.0,89585000.0,282881000.0,,417007000.0,1671842000.0
UDR,"UDR, Inc.",2016-03-07,Real Estate,Highlands Ranch,Colorado,2025.0,377704000.0,322375000.0,,464127000.0,1712317000.0
UHS,Universal Health Services,2014-09-20,Health Care,King of Prussia,Pennsylvania,2021.0,,,,,
UHS,Universal Health Services,2014-09-20,Health Care,King of Prussia,Pennsylvania,2022.0,675609000.0,1003555000.0,,11925031000.0,13399370000.0
UHS,Universal Health Services,2014-09-20,Health Care,King of Prussia,Pennsylvania,2023.0,717795000.0,1175381000.0,,12749148000.0,14281976000.0
UHS,Universal Health Services,2014-09-20,Health Care,King of Prussia,Pennsylvania,2024.0,1142097000.0,1681814000.0,,14240149000.0,15827935000.0
UHS,Universal Health Services,2014-09-20,Health Care,King of Prussia,Pennsylvania,2025.0,1488796000.0,1994015000.0,,15705820000.0,17364829000.0
ULTA,Ulta Beauty,2016-04-18,Consumer Discretionary,Bolingbrook,Illinois,2022.0,985837000.0,1307009000.0,,3368554000.0,8630889000.0
ULTA,Ulta Beauty,2016-04-18,Consumer Discretionary,Bolingbrook,Illinois,2023.0,1242408000.0,1649211000.0,,4044510000.0,10208580000.0
ULTA,Ulta Beauty,2016-04-18,Consumer Discretionary,Bolingbrook,Illinois,2024.0,1291005000.0,1686539000.0,,4381100000.0,11207303000.0
ULTA,Ulta Beauty,2016-04-18,Consumer Discretionary,Bolingbrook,Illinois,2025.0,1201118000.0,1578661000.0,,4387253000.0,11295654000.0
UNH,UnitedHealth Group,1994-07-01,Health Care,Eden Prairie,Minnesota,2021.0,17285000000.0,23970000000.0,,69652000000.0,287597000000.0
UNH,UnitedHealth Group,1994-07-01,Health Care,Eden Prairie,Minnesota,2022.0,20120000000.0,28435000000.0,,79617000000.0,324162000000.0
UNH,UnitedHealth Group,1994-07-01,Health Care,Eden Prairie,Minnesota,2023.0,22381000000.0,32358000000.0,,90958000000.0,371622000000.0
UNH,UnitedHealth Group,1994-07-01,Health Care,Eden Prairie,Minnesota,2024.0,14405000000.0,32287000000.0,,89399000000.0,400278000000.0
UNH,UnitedHealth Group,1994-07-01,Health Care,Eden Prairie,Minnesota,2025.0,,,,,
UNP,Union Pacific Corporation,1957-03-04,Industrials,Omaha,Nebraska,2021.0,,,,,
UNP,Union Pacific Corporation,1957-03-04,Industrials,Omaha,Nebraska,2022.0,6998000000.0,9917000000.0,,11205000000.0,24875000000.0
UNP,Union Pacific Corporation,1957-03-04,Industrials,Omaha,Nebraska,2023.0,6379000000.0,9082000000.0,,10529000000.0,24119000000.0
UNP,Union Pacific Corporation,1957-03-04,Industrials,Omaha,Nebraska,2024.0,6747000000.0,9713000000.0,,11039000000.0,24250000000.0
UNP,Union Pacific Corporation,1957-03-04,Industrials,Omaha,Nebraska,2025.0,7138000000.0,9846000000.0,,11220000000.0,24510000000.0
UPS,United Parcel Service,2002-07-22,Industrials,Sandy Springs,Georgia,2022.0,11548000000.0,13094000000.0,,21014000000.0,100338000000.0
UPS,United Parcel Service,2002-07-22,Industrials,Sandy Springs,Georgia,2023.0,6708000000.0,9141000000.0,,17238000000.0,90958000000.0
UPS,United Parcel Service,2002-07-22,Industrials,Sandy Springs,Georgia,2024.0,5782000000.0,8468000000.0,,16356000000.0,91070000000.0
UPS,United Parcel Service,2002-07-22,Industrials,Sandy Springs,Georgia,2025.0,5572000000.0,7867000000.0,,16030000000.0,88661000000.0
URI,United Rentals,2014-09-20,Industrials,Stamford,Connecticut,2022.0,2105000000.0,3232000000.0,,4996000000.0,11642000000.0
URI,United Rentals,2014-09-20,Industrials,Stamford,Connecticut,2023.0,2424000000.0,3855000000.0,,5813000000.0,14332000000.0
URI,United Rentals,2014-09-20,Industrials,Stamford,Connecticut,2024.0,2575000000.0,4068000000.0,,6150000000.0,15345000000.0
URI,United Rentals,2014-09-20,Industrials,Stamford,Connecticut,2025.0,2494000000.0,3974000000.0,,6144000000.0,16099000000.0
USB,U.S. Bancorp,1999-11-01,Financials,Minneapolis,Minnesota,2021.0,7963000000.0,,,,22721000000.0
USB,U.S. Bancorp,1999-11-01,Financials,Minneapolis,Minnesota,2022.0,5825000000.0,,,,24184000000.0
USB,U.S. Bancorp,1999-11-01,Financials,Minneapolis,Minnesota,2023.0,5429000000.0,,,,28013000000.0
USB,U.S. Bancorp,1999-11-01,Financials,Minneapolis,Minnesota,2024.0,6299000000.0,,,,27335000000.0
USB,U.S. Bancorp,1999-11-01,Financials,Minneapolis,Minnesota,2025.0,,,,,
V,Visa Inc.,2009-12-21,Financials,San Francisco,California,2022.0,14957000000.0,19681000000.0,,23577000000.0,29310000000.0
V,Visa Inc.,2009-12-21,Financials,San Francisco,California,2023.0,17273000000.0,21927000000.0,,26086000000.0,32653000000.0
V,Visa Inc.,2009-12-21,Financials,San Francisco,California,2024.0,19743000000.0,24057000000.0,,28884000000.0,35926000000.0
V,Visa Inc.,2009-12-21,Financials,San Francisco,California,2025.0,20058000000.0,26556000000.0,,32145000000.0,40000000000.0
VICI,Vici Properties,2022-06-08,Real Estate,New York City,New York,2021.0,1013851000.0,1444339000.0,,1488806000.0,1509568000.0
VICI,Vici Properties,2022-06-08,Real Estate,New York City,New York,2022.0,1117635000.0,1632450000.0,,2578095000.0,2600697000.0
VICI,Vici Properties,2022-06-08,Real Estate,New York City,New York,2023.0,2513540000.0,3344848000.0,,3584899000.0,3611988000.0
VICI,Vici Properties,2022-06-08,Real Estate,New York City,New York,2024.0,2678810000.0,3544934000.0,,3822310000.0,3849205000.0
VLO,Valero Energy,2002-12-20,Energy,San Antonio,Texas,2021.0,930000000.0,2130000000.0,,3082000000.0,113977000000.0
VLO,Valero Energy,2002-12-20,Energy,San Antonio,Texas,2022.0,11528000000.0,15751000000.0,,16751000000.0,176383000000.0
VLO,Valero Energy,2002-12-20,Energy,San Antonio,Texas,2023.0,8835000000.0,11858000000.0,,12889000000.0,144766000000.0
VLO,Valero Energy,2002-12-20,Energy,San Antonio,Texas,2024.0,2770000000.0,3755000000.0,,4760000000.0,129881000000.0
VLO,Valero Energy,2002-12-20,Energy,San Antonio,Texas,2025.0,,,,,
VLTO,Veralto,2023-10-02,Industrials,Waltham,Massachusetts,2022.0,845000000.0,1112000000.0,217000000.0,2760000000.0,4870000000.0
VLTO,Veralto,2023-10-02,Industrials,Waltham,Massachusetts,2023.0,839000000.0,1140000000.0,225000000.0,2901000000.0,5021000000.0
VLTO,Veralto,2023-10-02,Industrials,Waltham,Massachusetts,2024.0,833000000.0,1208000000.0,253000000.0,3105000000.0,5193000000.0
VLTO,Veralto,2023-10-02,Industrials,Waltham,Massachusetts,2025.0,940000000.0,1277000000.0,266000000.0,3299000000.0,5503000000.0
VMC,Vulcan Materials Company,1999-06-30,Materials,Birmingham,Alabama,2021.0,,,,,
VMC,Vulcan Materials Company,1999-06-30,Materials,Birmingham,Alabama,2022.0,575600000.0,1008600000.0,,1557700000.0,7315200000.0
VMC,Vulcan Materials Company,1999-06-30,Materials,Birmingham,Alabama,2023.0,933200000.0,1379300000.0,,1948500000.0,7781900000.0
VMC,Vulcan Materials Company,1999-06-30,Materials,Birmingham,Alabama,2024.0,911900000.0,1398800000.0,,1999600000.0,7417700000.0
VMC,Vulcan Materials Company,1999-06-30,Materials,Birmingham,Alabama,2025.0,1076700000.0,1567200000.0,,2174600000.0,7941100000.0
VRSK,Verisk Analytics,2015-10-08,Industrials,Jersey City,New Jersey,2021.0,,,,,
VRSK,Verisk Analytics,2015-10-08,Industrials,Jersey City,New Jersey,2022.0,954300000.0,1406500000.0,,1672400000.0,2497000000.0
VRSK,Verisk Analytics,2015-10-08,Industrials,Jersey City,New Jersey,2023.0,614400000.0,1131700000.0,,1804900000.0,2681400000.0
VRSK,Verisk Analytics,2015-10-08,Industrials,Jersey City,New Jersey,2024.0,957500000.0,1253900000.0,,1980600000.0,2881700000.0
VRSK,Verisk Analytics,2015-10-08,Industrials,Jersey City,New Jersey,2025.0,908300000.0,1343900000.0,,2147200000.0,3072700000.0
VRSN,Verisign,2006-02-01,Information Technology,Reston,Virginia,2021.0,,,,,
VRSN,Verisign,2006-02-01,Information Technology,Reston,Virginia,2022.0,673800000.0,943100000.0,85700000.0,1224200000.0,1424900000.0
VRSN,Verisign,2006-02-01,Information Technology,Reston,Virginia,2023.0,817600000.0,1000600000.0,91000000.0,1295800000.0,1493100000.0
VRSN,Verisign,2006-02-01,Information Technology,Reston,Virginia,2024.0,785700000.0,1058200000.0,96700000.0,1366000000.0,1557400000.0
VRSN,Verisign,2006-02-01,Information Technology,Reston,Virginia,2025.0,825700000.0,1121000000.0,103600000.0,1460300000.0,1656600000.0
VRTX,Vertex Pharmaceuticals,2013-09-23,Health Care,Boston,Massachusetts,2021.0,,,,,
VRTX,Vertex Pharmaceuticals,2013-09-23,Health Care,Boston,Massachusetts,2022.0,3322000000.0,4249900000.0,2655800000.0,7850400000.0,8930700000.0
VRTX,Vertex Pharmaceuticals,2013-09-23,Health Care,Boston,Massachusetts,2023.0,3619600000.0,3780400000.0,3690000000.0,8607000000.0,9869200000.0
VRTX,Vertex Pharmaceuticals,2013-09-23,Health Care,Boston,Massachusetts,2024.0,-535600000.0,-233400000.0,8258700000.0,9489600000.0,11020100000.0
VRTX,Vertex Pharmaceuticals,2013-09-23,Health Care,Boston,Massachusetts,2025.0,3953200000.0,4554400000.0,4042500000.0,10350000000.0,12001300000.0
VST,Vistra Corp.,2024-05-08,Utilities,Irving,Texas,2021.0,-1274000000.0,-1444000000.0,,1349000000.0,12077000000.0
VST,Vistra Corp.,2024-05-08,Utilities,Irving,Texas,2022.0,-1227000000.0,-1103000000.0,,1682000000.0,13728000000.0
VST,Vistra Corp.,2024-05-08,Utilities,Irving,Texas,2023.0,1493000000.0,2710000000.0,,5520000000.0,14779000000.0
VST,Vistra Corp.,2024-05-08,Utilities,Irving,Texas,2024.0,2659000000.0,4081000000.0,,7525000000.0,17224000000.0
VTR,Ventas,2009-03-04,Real Estate,Chicago,Illinois,2022.0,-47447000.0,483846000.0,,1846275000.0,4129193000.0
VTR,Ventas,2009-03-04,Real Estate,Chicago,Illinois,2023.0,-40973000.0,415514000.0,,1936581000.0,4497827000.0
VTR,Ventas,2009-03-04,Real Estate,Chicago,Illinois,2024.0,81153000.0,681230000.0,,2097197000.0,4924266000.0
VTR,Ventas,2009-03-04,Real Estate,Chicago,Illinois,2025.0,251381000.0,857524000.0,,2414064000.0,5833980000.0
VTRS,Viatris,2004-04-23,Health Care,Pittsburgh,Pennsylvania,2021.0,-1269100000.0,365300000.0,681000000.0,5575500000.0,17886300000.0
VTRS,Viatris,2004-04-23,Health Care,Pittsburgh,Pennsylvania,2022.0,2078600000.0,1655700000.0,662200000.0,6497000000.0,16262700000.0
VTRS,Viatris,2004-04-23,Health Care,Pittsburgh,Pennsylvania,2023.0,54700000.0,983300000.0,805200000.0,6438600000.0,15426900000.0
VTRS,Viatris,2004-04-23,Health Care,Pittsburgh,Pennsylvania,2024.0,-634200000.0,389300000.0,808700000.0,5623600000.0,14739300000.0
VZ,Verizon,1983-11-30,Communication Services,New York City,New York,2021.0,,,,,
VZ,Verizon,1983-11-30,Communication Services,New York City,New York,2022.0,21256000000.0,30467000000.0,,77702000000.0,136835000000.0
VZ,Verizon,1983-11-30,Communication Services,New York City,New York,2023.0,11614000000.0,28718000000.0,,79087000000.0,133974000000.0
VZ,Verizon,1983-11-30,Communication Services,New York City,New York,2024.0,17506000000.0,28686000000.0,,80691000000.0,134788000000.0
VZ,Verizon,1983-11-30,Communication Services,New York City,New York,2025.0,17174000000.0,29259000000.0,,81426000000.0,138191000000.0
WAB,Wabtec,2019-02-27,Industrials,Pittsburgh,Pennsylvania,2021.0,,,,,
WAB,Wabtec,2019-02-27,Industrials,Pittsburgh,Pennsylvania,2022.0,633000000.0,1011000000.0,209000000.0,2540000000.0,8362000000.0
WAB,Wabtec,2019-02-27,Industrials,Pittsburgh,Pennsylvania,2023.0,815000000.0,1266000000.0,218000000.0,2944000000.0,9677000000.0
WAB,Wabtec,2019-02-27,Industrials,Pittsburgh,Pennsylvania,2024.0,1056000000.0,1609000000.0,206000000.0,3366000000.0,10387000000.0
WAB,Wabtec,2019-02-27,Industrials,Pittsburgh,Pennsylvania,2025.0,1170000000.0,1793000000.0,223000000.0,3806000000.0,11167000000.0
WAT,Waters Corporation,2002-01-02,Health Care,Milford,Massachusetts,2021.0,,,,,
WAT,Waters Corporation,2002-01-02,Health Care,Milford,Massachusetts,2022.0,707755000.0,883192000.0,176190000.0,1723774000.0,2971956000.0
WAT,Waters Corporation,2002-01-02,Health Care,Milford,Massachusetts,2023.0,642234000.0,817676000.0,174945000.0,1761193000.0,2956416000.0
WAT,Waters Corporation,2002-01-02,Health Care,Milford,Massachusetts,2024.0,637834000.0,837921000.0,183027000.0,1758186000.0,2958387000.0
WAT,Waters Corporation,2002-01-02,Health Care,Milford,Massachusetts,2025.0,642629000.0,802588000.0,195711000.0,1876464000.0,3165286000.0
WBD,Warner Bros. Discovery,2022-04-11,Communication Services,New York City,New York,2021.0,1006000000.0,1973000000.0,,7571000000.0,12191000000.0
WBD,Warner Bros. Discovery,2022-04-11,Communication Services,New York City,New York,2022.0,-7371000000.0,-3496000000.0,,13375000000.0,33817000000.0
WBD,Warner Bros. Discovery,2022-04-11,Communication Services,New York City,New York,2023.0,-3126000000.0,-886000000.0,,16795000000.0,41321000000.0
WBD,Warner Bros. Discovery,2022-04-11,Communication Services,New York City,New York,2024.0,-11311000000.0,18000000.0,,16351000000.0,39321000000.0
WDAY,"Workday, Inc.",2024-12-23,Information Technology,Pleasanton,California,2022.0,29000000.0,-116000000.0,1879000000.0,3711000000.0,5139000000.0
WDAY,"Workday, Inc.",2024-12-23,Information Technology,Pleasanton,California,2023.0,-367000000.0,-182000000.0,2247000000.0,4506000000.0,6216000000.0
WDAY,"Workday, Inc.",2024-12-23,Information Technology,Pleasanton,California,2024.0,1381000000.0,183000000.0,2464000000.0,5488000000.0,7259000000.0
WDAY,"Workday, Inc.",2024-12-23,Information Technology,Pleasanton,California,2025.0,526000000.0,499000000.0,2626000000.0,6377000000.0,8446000000.0
WDC,Western Digital,2009-07-01,Information Technology,San Jose,California,2022.0,1546000000.0,2434000000.0,2323000000.0,5874000000.0,18793000000.0
WDC,Western Digital,2009-07-01,Information Technology,San Jose,California,2023.0,-1684000000.0,-402000000.0,986000000.0,1391000000.0,6255000000.0
WDC,Western Digital,2009-07-01,Information Technology,San Jose,California,2024.0,-798000000.0,97000000.0,950000000.0,1773000000.0,6317000000.0
WDC,Western Digital,2009-07-01,Information Technology,San Jose,California,2025.0,1861000000.0,2130000000.0,994000000.0,3692000000.0,9520000000.0
WEC,WEC Energy Group,2008-10-31,Utilities,Milwaukee,Wisconsin,2021.0,,,,,
WEC,WEC Energy Group,2008-10-31,Utilities,Milwaukee,Wisconsin,2022.0,1409300000.0,1924200000.0,,3300500000.0,9597400000.0
WEC,WEC Energy Group,2008-10-31,Utilities,Milwaukee,Wisconsin,2023.0,1332900000.0,2086900000.0,,3601300000.0,8893000000.0
WEC,WEC Energy Group,2008-10-31,Utilities,Milwaukee,Wisconsin,2024.0,1528400000.0,2164900000.0,,3785900000.0,8599900000.0
WEC,WEC Energy Group,2008-10-31,Utilities,Milwaukee,Wisconsin,2025.0,1558700000.0,2374900000.0,,4133500000.0,9800100000.0
WELL,Welltower,2009-01-30,Real Estate,Toledo,Ohio,2021.0,,,,,
WELL,Welltower,2009-01-30,Real Estate,Toledo,Ohio,2022.0,141214000.0,746220000.0,,2217298000.0,5776068000.0
WELL,Welltower,2009-01-30,Real Estate,Toledo,Ohio,2023.0,340094000.0,940454000.0,,2530455000.0,6478231000.0
WELL,Welltower,2009-01-30,Real Estate,Toledo,Ohio,2024.0,951680000.0,1145698000.0,,3023407000.0,7853618000.0
WELL,Welltower,2009-01-30,Real Estate,Toledo,Ohio,2025.0,936845000.0,355168000.0,,4179055000.0,10667136000.0
WFC,Wells Fargo,1976-06-30,Financials,San Francisco,California,2021.0,,,,,
WFC,Wells Fargo,1976-06-30,Financials,San Francisco,California,2022.0,13677000000.0,,,,74368000000.0
WFC,Wells Fargo,1976-06-30,Financials,San Francisco,California,2023.0,19142000000.0,,,,82597000000.0
WFC,Wells Fargo,1976-06-30,Financials,San Francisco,California,2024.0,19722000000.0,,,,82296000000.0
WFC,Wells Fargo,1976-06-30,Financials,San Francisco,California,2025.0,21338000000.0,,,,83699000000.0
WM,Waste Management,1998-08-31,Industrials,Houston,Texas,2021.0,,,,,
WM,Waste Management,1998-08-31,Industrials,Houston,Texas,2022.0,2238000000.0,3428000000.0,,7404000000.0,19698000000.0
WM,Waste Management,1998-08-31,Industrials,Houston,Texas,2023.0,2304000000.0,3823000000.0,,7820000000.0,20426000000.0
WM,Waste Management,1998-08-31,Industrials,Houston,Texas,2024.0,2746000000.0,4149000000.0,,8680000000.0,22063000000.0
WM,Waste Management,1998-08-31,Industrials,Houston,Texas,2025.0,2708000000.0,4607000000.0,,10192000000.0,25204000000.0
WMB,Williams Companies,1975-03-31,Energy,Tulsa,Oklahoma,2021.0,1517000000.0,2631000000.0,,4753000000.0,10627000000.0
WMB,Williams Companies,1975-03-31,Energy,Tulsa,Oklahoma,2022.0,2049000000.0,3018000000.0,,5499000000.0,10965000000.0
WMB,Williams Companies,1975-03-31,Energy,Tulsa,Oklahoma,2023.0,3179000000.0,4182000000.0,,6801000000.0,10907000000.0
WMB,Williams Companies,1975-03-31,Energy,Tulsa,Oklahoma,2024.0,2225000000.0,3339000000.0,,6166000000.0,10503000000.0
WMB,Williams Companies,1975-03-31,Energy,Tulsa,Oklahoma,2025.0,,,,,
WMT,Walmart,1982-08-31,Consumer Staples,Bentonville,Arkansas,2022.0,13673000000.0,25942000000.0,,143754000000.0,572754000000.0
WMT,Walmart,1982-08-31,Consumer Staples,Bentonville,Arkansas,2023.0,11680000000.0,20428000000.0,,147568000000.0,611289000000.0
WMT,Walmart,1982-08-31,Consumer Staples,Bentonville,Arkansas,2024.0,15511000000.0,27012000000.0,,157983000000.0,648125000000.0
WMT,Walmart,1982-08-31,Consumer Staples,Bentonville,Arkansas,2025.0,19436000000.0,29348000000.0,,169232000000.0,680985000000.0
WRB,W. R. Berkley Corporation,2019-12-05,Financials,Greenwich,Connecticut,2021.0,,,,,
WRB,W. R. Berkley Corporation,2019-12-05,Financials,Greenwich,Connecticut,2022.0,1381062000.0,,,,11217429000.0
WRB,W. R. Berkley Corporation,2019-12-05,Financials,Greenwich,Connecticut,2023.0,1381359000.0,,,,12111139000.0
WRB,W. R. Berkley Corporation,2019-12-05,Financials,Greenwich,Connecticut,2024.0,1756115000.0,,,,13691128000.0
WRB,W. R. Berkley Corporation,2019-12-05,Financials,Greenwich,Connecticut,2025.0,1779403000.0,,,,14639850000.0
WSM,"Williams-Sonoma, Inc.",2025-03-24,Consumer Discretionary,San Francisco,California,2022.0,1126337000.0,1453116000.0,,3631963000.0,8245936000.0
WSM,"Williams-Sonoma, Inc.",2025-03-24,Consumer Discretionary,San Francisco,California,2023.0,1127904000.0,1498422000.0,,3677733000.0,8674417000.0
WSM,"Williams-Sonoma, Inc.",2025-03-24,Consumer Discretionary,San Francisco,California,2024.0,949762000.0,1244193000.0,,3303601000.0,7750652000.0
WSM,"Williams-Sonoma, Inc.",2025-03-24,Consumer Discretionary,San Francisco,California,2025.0,1125251000.0,1430184000.0,,3582299000.0,7711541000.0
WST,West Pharmaceutical Services,2020-05-22,Health Care,Exton,Pennsylvania,2021.0,,,,,
WST,West Pharmaceutical Services,2020-05-22,Health Care,Exton,Pennsylvania,2022.0,585900000.0,760800000.0,58500000.0,1136200000.0,2886900000.0
WST,West Pharmaceutical Services,2020-05-22,Health Care,Exton,Pennsylvania,2023.0,593400000.0,707400000.0,68400000.0,1129200000.0,2949800000.0
WST,West Pharmaceutical Services,2020-05-22,Health Care,Exton,Pennsylvania,2024.0,492700000.0,590900000.0,69100000.0,998500000.0,2893200000.0
WST,West Pharmaceutical Services,2020-05-22,Health Care,Exton,Pennsylvania,2025.0,493700000.0,636100000.0,74300000.0,1104000000.0,3074100000.0
WTW,Willis Towers Watson,2016-01-05,Financials,London,United Kingdom,2021.0,4222000000.0,1422000000.0,,3745000000.0,8998000000.0
WTW,Willis Towers Watson,2016-01-05,Financials,London,United Kingdom,2022.0,1009000000.0,1539000000.0,,3801000000.0,8866000000.0
WTW,Willis Towers Watson,2016-01-05,Financials,London,United Kingdom,2023.0,1055000000.0,1819000000.0,,4139000000.0,9483000000.0
WTW,Willis Towers Watson,2016-01-05,Financials,London,United Kingdom,2024.0,-98000000.0,2139000000.0,,4428000000.0,9930000000.0
WY,Weyerhaeuser,1979-10-01,Real Estate,Seattle,Washington,2021.0,,,,,
WY,Weyerhaeuser,1979-10-01,Real Estate,Seattle,Washington,2022.0,1880000000.0,3099000000.0,6000000.0,3620000000.0,10184000000.0
WY,Weyerhaeuser,1979-10-01,Real Estate,Seattle,Washington,2023.0,839000000.0,1128000000.0,7000000.0,1682000000.0,7674000000.0
WY,Weyerhaeuser,1979-10-01,Real Estate,Seattle,Washington,2024.0,396000000.0,724000000.0,7000000.0,1313000000.0,7124000000.0
WY,Weyerhaeuser,1979-10-01,Real Estate,Seattle,Washington,2025.0,324000000.0,447000000.0,5000000.0,1025000000.0,6905000000.0
WYNN,Wynn Resorts,2008-11-14,Consumer Discretionary,Paradise,Nevada,2021.0,-755786000.0,-336958000.0,,1205083000.0,3763664000.0
WYNN,Wynn Resorts,2008-11-14,Consumer Discretionary,Paradise,Nevada,2022.0,-423856000.0,-148870000.0,,1366603000.0,3756825000.0
WYNN,Wynn Resorts,2008-11-14,Consumer Discretionary,Paradise,Nevada,2023.0,729994000.0,1075006000.0,,2823334000.0,6531897000.0
WYNN,Wynn Resorts,2008-11-14,Consumer Discretionary,Paradise,Nevada,2024.0,501078000.0,1357181000.0,,3101537000.0,7127961000.0
WYNN,Wynn Resorts,2008-11-14,Consumer Discretionary,Paradise,Nevada,2025.0,,,,,
XEL,Xcel Energy,1957-03-04,Utilities,Minneapolis,Minnesota,2021.0,1597000000.0,2203000000.0,,5258000000.0,13431000000.0
XEL,Xcel Energy,1957-03-04,Utilities,Minneapolis,Minnesota,2022.0,1736000000.0,2428000000.0,,5860000000.0,15310000000.0
XEL,Xcel Energy,1957-03-04,Utilities,Minneapolis,Minnesota,2023.0,1771000000.0,2588000000.0,,5979000000.0,14206000000.0
XEL,Xcel Energy,1957-03-04,Utilities,Minneapolis,Minnesota,2024.0,1936000000.0,2386000000.0,,6148000000.0,13441000000.0
XEL,Xcel Energy,1957-03-04,Utilities,Minneapolis,Minnesota,2025.0,,,,,
XOM,ExxonMobil,1957-03-04,Energy,Irving,Texas,2021.0,,,,,
XOM,ExxonMobil,1957-03-04,Energy,Irving,Texas,2022.0,55740000000.0,64028000000.0,,103067000000.0,398675000000.0
XOM,ExxonMobil,1957-03-04,Energy,Irving,Texas,2023.0,36010000000.0,44461000000.0,,84142000000.0,334697000000.0
XOM,ExxonMobil,1957-03-04,Energy,Irving,Texas,2024.0,33680000000.0,39652000000.0,,76742000000.0,339247000000.0
XOM,ExxonMobil,1957-03-04,Energy,Irving,Texas,2025.0,28844000000.0,33938000000.0,,71240000000.0,323905000000.0
XYL,Xylem Inc.,2011-11-01,Industrials,White Plains,New York,2021.0,427000000.0,592000000.0,204000000.0,1975000000.0,5195000000.0
XYL,Xylem Inc.,2011-11-01,Industrials,White Plains,New York,2022.0,355000000.0,651000000.0,206000000.0,2084000000.0,5522000000.0
XYL,Xylem Inc.,2011-11-01,Industrials,White Plains,New York,2023.0,609000000.0,728000000.0,232000000.0,2717000000.0,7364000000.0
XYL,Xylem Inc.,2011-11-01,Industrials,White Plains,New York,2024.0,890000000.0,1071000000.0,230000000.0,3212000000.0,8562000000.0
XYZ,"Block, Inc.",2025-07-23,Financials,none,,2021.0,166284000.0,420229000.0,1383841000.0,4419823000.0,17661203000.0
XYZ,"Block, Inc.",2025-07-23,Financials,none,,2022.0,-540747000.0,-27278000.0,2135612000.0,5991892000.0,17531587000.0
XYZ,"Block, Inc.",2025-07-23,Financials,none,,2023.0,9772000.0,381824000.0,2720819000.0,7504886000.0,21915623000.0
XYZ,"Block, Inc.",2025-07-23,Financials,none,,2024.0,2897047000.0,1686548000.0,2914415000.0,8889036000.0,24121053000.0
YUM,Yum! Brands,1997-10-06,Consumer Discretionary,Louisville,Kentucky,2021.0,1575000000.0,2106000000.0,,3166000000.0,6584000000.0
YUM,Yum! Brands,1997-10-06,Consumer Discretionary,Louisville,Kentucky,2022.0,1325000000.0,2167000000.0,,3307000000.0,6842000000.0
YUM,Yum! Brands,1997-10-06,Consumer Discretionary,Louisville,Kentucky,2023.0,1597000000.0,2303000000.0,,3496000000.0,7076000000.0
YUM,Yum! Brands,1997-10-06,Consumer Discretionary,Louisville,Kentucky,2024.0,1486000000.0,2403000000.0,,3584000000.0,7549000000.0
ZBH,Zimmer Biomet,2001-08-07,Health Care,Warsaw,Indiana,2021.0,,,,,
ZBH,Zimmer Biomet,2001-08-07,Health Care,Warsaw,Indiana,2022.0,231400000.0,1192100000.0,406000000.0,4920400000.0,6939900000.0
ZBH,Zimmer Biomet,2001-08-07,Health Care,Warsaw,Indiana,2023.0,1024000000.0,1451300000.0,458700000.0,5310400000.0,7394200000.0
ZBH,Zimmer Biomet,2001-08-07,Health Care,Warsaw,Indiana,2024.0,903800000.0,1528300000.0,437400000.0,5487400000.0,7678600000.0
ZBH,Zimmer Biomet,2001-08-07,Health Care,Warsaw,Indiana,2025.0,705100000.0,1356200000.0,458500000.0,5737800000.0,8231500000.0
ZBRA,Zebra Technologies,2019-12-23,Information Technology,Lincolnshire,Illinois,2021.0,,,,,
ZBRA,Zebra Technologies,2019-12-23,Information Technology,Lincolnshire,Illinois,2022.0,463000000.0,936000000.0,570000000.0,2624000000.0,5781000000.0
ZBRA,Zebra Technologies,2019-12-23,Information Technology,Lincolnshire,Illinois,2023.0,296000000.0,585000000.0,519000000.0,2123000000.0,4584000000.0
ZBRA,Zebra Technologies,2019-12-23,Information Technology,Lincolnshire,Illinois,2024.0,528000000.0,765000000.0,563000000.0,2413000000.0,4981000000.0
ZBRA,Zebra Technologies,2019-12-23,Information Technology,Lincolnshire,Illinois,2025.0,419000000.0,800000000.0,593000000.0,2593000000.0,5396000000.0
ZTS,Zoetis,2013-06-21,Health Care,Parsippany,New Jersey,2022.0,2114000000.0,2928000000.0,539000000.0,5626000000.0,8080000000.0
ZTS,Zoetis,2013-06-21,Health Care,Parsippany,New Jersey,2023.0,2344000000.0,3069000000.0,614000000.0,5983000000.0,8544000000.0
ZTS,Zoetis,2013-06-21,Health Care,Parsippany,New Jersey,2024.0,2486000000.0,3392000000.0,686000000.0,6537000000.0,9256000000.0
ZTS,Zoetis,2013-06-21,Health Care,Parsippany,New Jersey,2025.0,2673000000.0,3597000000.0,698000000.0,6801000000.0,9467000000.0
