"symbol","date","open","high","low","close","volume","adjusted"
"SP500","2016-01-04",59.0129011945444,59.3828974844034,58.0470944202844,58.9644129962699,69269464.4777342,50.3147283657016
"SP500","2016-01-05",59.1043824795405,59.6287597476975,58.3974615792154,59.0082730562739,68443542.9039587,50.3311068779042
"SP500","2016-01-06",58.151829159454,58.9596820052906,57.7389110500519,58.3731161245059,71723751.79862,49.8072849765789
"SP500","2016-01-07",57.3078219726899,58.0777650293717,56.5029501029733,56.8805298374372,94354976.3077993,48.5162562380343
"SP500","2016-01-08",57.2605130181897,57.6642809063195,56.0648916465166,56.237769853778,69112429.4793098,47.9642476839313
"SP500","2016-01-11",56.4717255072009,56.9527151627307,55.4708929524841,56.2775112478893,62615013.6104721,47.9948879908466
"SP500","2016-01-12",56.7714736849965,57.2410775482751,55.910957099335,56.7728753948342,65555759.1235622,48.4296755318738
"SP500","2016-01-13",57.0638385107999,57.3677425733314,54.9560233854012,55.2362615581413,76460555.7188162,47.0860402974532
"SP500","2016-01-14",55.3981341308978,56.767556720638,54.5757948861761,56.21291643687,86235890.3852163,47.9211167980373
"SP500","2016-01-15",54.6209600196165,55.6451853989508,54.0667271344045,54.9752419223908,112792846.734612,46.8490019386351
"SP500","2016-01-19",55.5789149634202,56.0674362013298,54.3804025088487,55.0407931956225,69873121.7632146,46.9116248412035
"SP500","2016-01-20",54.1579287128798,55.2206919442367,52.8386717795172,54.4924309002494,87861749.5952901,46.4765723874075
"SP500","2016-01-21",54.6370334375737,55.51453467229,53.8679400443023,54.6577915487789,70962312.2567652,46.6136565521983
"SP500","2016-01-22",55.5442152357367,56.2790915953013,55.0044171458003,55.8499527778409,56534706.2018744,47.6421921976025
"SP500","2016-01-25",55.7430691847591,56.2142972572488,54.8650815106288,55.0536957234783,52275732.8150791,46.9656428465085
"SP500","2016-01-26",55.2716777289712,56.1349028561517,54.7169648849917,55.7226073418347,55332685.6384745,47.508253806704
"SP500","2016-01-27",55.4923947985376,56.2225043565307,54.4474408492211,54.887686450654,72903864.1846955,46.7479081455836
"SP500","2016-01-28",55.6017582963145,56.2643972384684,54.4576049986831,55.42384086708,65329741.9031012,47.254996926199
"SP500","2016-01-29",55.6679910090702,57.057896655755,55.2412002303588,56.8602848635678,77852923.4599459,48.4842166503332
"SP500","2016-02-01",56.5220391349682,57.3382653900028,56.0053145845792,56.9124023210346,56237803.1886462,48.5486518413738
"SP500","2016-02-02",56.4087000253769,56.83978134133,55.4332952543698,55.8361539738823,62727731.1470501,47.6330642435354
"SP500","2016-02-03",56.1922866633471,56.7055243269439,54.4976122982004,55.8983066307406,68762883.3647899,47.6306514838382
"SP500","2016-02-04",55.7246745399911,56.7187485264086,54.9887462009187,56.0287209362186,63177262.8732462,47.7430016066058
"SP500","2016-02-05",55.8274186473084,56.1857969964146,54.1667661998787,54.6897112778283,88389377.5195571,46.5336413034287
"SP500","2016-02-08",53.9237000290134,54.6205723854492,52.6031994108335,53.7403697083628,91785620.9179384,45.6835940998128
"SP500","2016-02-09",53.0191700046022,54.5808830426566,52.6071960943237,53.7436723217707,70502628.8978533,45.7128081628282
"SP500","2016-02-10",54.1610394932662,55.0451917114802,53.5171922567675,53.9150777029754,59698704.5155091,45.9110599951092
"SP500","2016-02-11",53.1160807421531,54.1273918719621,52.4593122961214,53.3974802017969,67250408.7336416,45.5114870596557
"SP500","2016-02-12",53.9743522389421,54.7085554319182,53.3326352758776,54.3391610161938,56341916.3935447,46.29784229332
"SP500","2016-02-16",54.993577727126,55.6677398679714,54.3621189594841,55.2879197139692,68844187.1109228,47.1412516388306
"SP500","2016-02-17",55.9567083986451,56.8803096240523,55.5014252793839,56.4874094311579,89633716.707819,48.2253408728262
"SP500","2016-02-18",56.5515789563289,57.0198717622216,55.7696002067312,56.2003116504288,107920470.752848,47.9603691699739
"SP500","2016-02-19",55.9580335766507,56.6629504495268,55.4580311593268,56.3498673199777,65223051.6702643,48.1190551173763
"SP500","2016-02-22",56.7056593784074,57.5081109241761,56.3917451303139,57.0808992253948,59385613.1791891,48.7540321296536
"SP500","2016-02-23",56.8816261127944,57.2768299823961,56.0643505224566,56.356762450127,51643605.309981,48.1311454833986
"SP500","2016-02-24",55.8295688861913,56.8029426115432,55.189157637013,56.6354755734159,52792847.5523557,48.3797896743892
"SP500","2016-02-25",56.8117443226269,57.44477760376,56.2058650932619,57.2789992451814,49090569.9952733,48.9382283858213
"SP500","2016-02-26",57.549104404561,57.9451710239629,56.743379673537,57.1071427800452,52372445.4066401,48.8096136053149
"SP500","2016-02-29",57.062032441844,57.684189837588,56.5183240122797,56.7375420939928,50383013.2678384,48.5141630468198
"SP500","2016-03-01",57.146865242558,58.2848449388956,56.7931553591545,58.1212308825989,58383651.0154329,49.7211524629729
"SP500","2016-03-02",58.0161455300193,58.5790223465213,57.5041484628807,58.3161856300072,42828950.8636962,49.8803266749274
"SP500","2016-03-03",58.2116345628214,58.7161821651365,57.6199407431209,58.4287647410187,47492219.0125314,49.9723645364371
"SP500","2016-03-04",58.5609203567306,59.0470136159885,57.9515499943366,58.5533217013665,43654021.79771,50.0672020291464
"SP500","2016-03-07",58.216530500806,58.8879878341948,57.6344153210567,58.3990409088499,46356722.2445686,49.902276557234
"SP500","2016-03-08",58.0217397290348,58.6710418735482,57.4514512181268,57.9158500616205,45665539.6154847,49.5046884124039
"SP500","2016-03-09",58.1460337956251,58.6369119740635,57.5994083839653,58.2505909254328,38321529.8366455,49.7953117772995
"SP500","2016-03-10",58.4702642658239,58.8887030011037,57.4920048417012,58.2402978193013,48017298.8534529,49.7868914216234
"SP500","2016-03-11",58.7961525898598,59.4391735307963,58.415303789972,59.2193144747593,43571983.6114218,50.6484918238584
"SP500","2016-03-14",59.0357606276311,59.576414492338,58.6632752059901,59.1686745087745,33862294.8046137,50.6144451423661
"SP500","2016-03-15",58.7773796121704,59.4240534229828,58.4197868134538,59.1301017076437,40235571.3376594,50.5868559549975
"SP500","2016-03-16",59.0059634442645,59.8586012567751,58.6548392515242,59.5216303690876,52012054.8352724,50.9292308910457
"SP500","2016-03-17",59.4901880690454,60.3136187054965,58.9588569220787,59.8254863897385,53217956.2753236,51.1611029499233
"SP500","2016-03-18",60.0793601584246,60.6022635025735,59.4540108851162,60.0716772709167,78219822.6654578,51.3715444687056
"SP500","2016-03-21",59.9502403687557,60.4956935368249,59.5488869032731,60.1348541076418,49035909.672762,51.4386981558883
"SP500","2016-03-22",59.7737007121926,60.4875362530685,59.5345250712664,60.089730649893,39402337.243166,51.4041570693339
"SP500","2016-03-23",60.0455414595985,60.4255186727654,59.487065513571,59.7953986264421,51715160.4689619,51.1569365010389
"SP500","2016-03-24",59.4676206958604,60.0116513046202,59.0781869431346,59.7665363699787,39115468.871228,51.1352223445616
"SP500","2016-03-28",59.8771585633928,60.2310698231081,59.3805733740118,59.7743935156447,35670077.1320795,51.1342522174213
"SP500","2016-03-29",59.6776585618364,60.6242834241174,59.358235561063,60.4650745336488,42626675.8892982,51.7521442367799
"SP500","2016-03-30",60.7957452526541,61.2560444310197,60.3351708193114,60.6796643524633,54332633.2365899,51.9373715131736
"SP500","2016-03-31",60.6447937224185,61.0778713998133,60.1860591269844,60.5226221175703,49259317.2682947,51.7912222168667
"SP500","2016-04-01",60.2108548221349,61.2606999073214,59.8726205066646,61.0684695547029,49409617.1819556,52.2812453901806
"SP500","2016-04-04",61.0428782186645,61.39006486492,60.3895736214894,60.7729723838053,53728359.3679782,52.0172317362738
"SP500","2016-04-05",60.3679683701937,60.8548097125533,59.9054633111658,60.2422796726932,46829556.4125032,51.5627930423856
"SP500","2016-04-06",60.2295147084338,61.0319842428087,59.9030142241677,60.8735541770971,55006906.906182,52.1235436387654
"SP500","2016-04-07",60.5574324566337,60.8846411946589,59.8506974939641,60.1923778291935,50570094.968796,51.536719989771
"SP500","2016-04-08",60.5661465995776,60.9323258720426,59.9294855697378,60.2500057118472,37792920.1141233,51.5639343047212
"SP500","2016-04-11",60.4341190580741,60.896242725993,59.9290626054894,60.0673548201837,50160243.6719914,51.3978441192622
"SP500","2016-04-12",60.1754050646096,60.9064587095541,59.7990417446419,60.6717412078688,41902218.4271964,51.9177475691043
"SP500","2016-04-13",61.038385556708,61.6357137957245,60.5047360401225,61.3149559138797,51549104.8055886,52.495731205373
"SP500","2016-04-14",61.2919003648382,61.778155532548,60.905384507548,61.3686702900905,51062276.569394,52.5521313814952
"SP500","2016-04-15",61.3897731763097,61.743536654746,60.889556744223,61.3553324853228,58202191.8300594,52.537070148615
"SP500","2016-04-18",61.2063437395017,62.0268021822103,60.920204766479,61.7856112257117,53890533.6443733,52.9124893416919
"SP500","2016-04-19",61.9401500010131,62.4000038010428,61.2460249783308,61.8881929184313,50389753.5795259,52.9836669634251
"SP500","2016-04-20",61.91343156008,62.4676391802221,61.3784190496036,61.9158867764467,38022958.9234061,53.0121738078045
"SP500","2016-04-21",61.8874490596088,62.388473213651,61.2738355903757,61.6554423461586,37777422.8228196,52.8095845063733
"SP500","2016-04-22",61.2568619696998,61.8593957051576,60.7302243304012,61.3945349164421,52058183.8419767,52.5414175922545
"SP500","2016-04-25",61.2075379098081,61.6239966597082,60.788626205383,61.3381208256956,34930976.8195984,52.4933238683981
"SP500","2016-04-26",61.4439834935545,61.8765075003621,60.889360428716,61.3862220987795,45318150.5202171,52.5163855850138
"SP500","2016-04-27",61.2080062777009,61.8529981830721,60.6659965549049,61.4619309228401,74655697.7061713,52.5695806700902
"SP500","2016-04-28",61.3374089273581,62.064886952373,60.5543254536845,60.9274405136038,70850465.8356424,52.125808630369
"SP500","2016-04-29",60.8225007269096,61.3699984922814,60.1307627016932,60.7852803914082,65374290.9329067,52.0344079206918
"SP500","2016-05-02",60.9361660305028,61.5725919511066,60.4697557126812,61.333603202562,47695095.0713121,52.5157983879982
"SP500","2016-05-03",60.9113458392833,61.3032380239658,60.2817474520849,60.805576912116,46798511.9740278,52.0544794945821
"SP500","2016-05-04",60.2567709567198,60.8165928247977,59.6707781058907,60.2906917258266,65554282.5838673,51.5840991452455
"SP500","2016-05-05",60.40114128495,60.8731509674816,59.8728054898947,60.2654184703841,43690179.970923,51.5644064534384
"SP500","2016-05-06",60.0107130636038,60.7663073324644,59.6209319055394,60.519197521832,39744790.7690777,51.8009729162957
"SP500","2016-05-09",60.5125230545853,61.0278698173607,60.0749317150555,60.5515373878299,46219064.1256036,51.8266415095536
"SP500","2016-05-10",60.8176457679178,61.5111353420135,60.5516061808545,61.3561576128222,43290147.8883349,52.5189230421423
"SP500","2016-05-11",61.2556758806446,61.6379005837407,60.6077285745877,60.8045290669455,47770754.6287352,52.0675006605545
"SP500","2016-05-12",61.0277437580582,61.4121340642164,60.3170068527963,60.8647090471456,84942062.3178158,52.1208041452516
"SP500","2016-05-13",60.7209278023652,61.1934673736769,60.1394149757149,60.3742342690558,183030256.406946,51.7165045964165
"SP500","2016-05-16",60.430467649418,61.2618675831646,60.1555100704825,60.9763892580524,102489706.478245,52.2300015232312
"SP500","2016-05-17",60.8916517667556,61.2681783208694,60.0128885393404,60.3349498516616,74397913.4174443,51.702550027433
"SP500","2016-05-18",60.1633572613353,60.9443688530444,59.7084654971273,60.4127917018543,67427831.3778929,51.7918314289081
"SP500","2016-05-19",60.0888995191873,60.5191955946109,59.4434881213454,60.0665383471656,52372891.6682837,51.4899577336648
"SP500","2016-05-20",60.3127935550935,60.8552845997834,60.0013837259105,60.4310950687126,52935216.0957265,51.8224664047669
"SP500","2016-05-23",60.4021272796721,60.7662636583916,59.9610065267425,60.2233563463728,53151476.6782663,51.6369604241695
"SP500","2016-05-24",60.5000416256148,61.3758960629323,60.2912759310396,61.1264277930781,54469971.6529559,52.4323456388535
"SP500","2016-05-25",61.311170093509,61.8811074984671,61.0013778470651,61.4968744690423,57483545.1291263,52.7449466929938
"SP500","2016-05-26",61.5423741935072,61.9670582398698,61.1296856557631,61.5553980859821,49828039.8286474,52.8043478131957
"SP500","2016-05-27",61.5792812839321,61.995065430593,61.313690865103,61.7883268519769,41268663.5236194,53.0161264402735
"SP500","2016-05-31",61.8921321826388,62.2457149553351,61.2625867166298,61.6958799058065,57346018.1329013,52.9363006081782
"SP500","2016-06-01",61.4839350492015,62.060239125922,61.1243692148478,61.8376828611581,48282855.3157867,53.0638432376198
"SP500","2016-06-02",61.6890883253515,62.1267191944666,61.302748231737,61.9957274681707,47195945.9491365,53.2142244555917
"SP500","2016-06-03",61.8367029658402,62.1699260957108,61.2490256543021,61.8390707408149,55604989.47993,53.0671467860168
"SP500","2016-06-06",61.9136829799461,62.5591480696354,61.5924268388189,62.180622345435,41303758.1169903,53.3737216248343
"SP500","2016-06-07",62.2542514686962,62.727583072837,61.9336727314688,62.2243203077576,32309598.562349,53.3993836385646
"SP500","2016-06-08",62.262493598556,62.7553114768464,61.9601302524461,62.4532737947224,34619852.6757113,53.609212140717
"SP500","2016-06-09",62.1935781479438,62.6172917051325,61.8464843141583,62.3066337626465,52897230.5262034,53.4786653583109
"SP500","2016-06-10",61.8222930724759,62.1872256508186,61.3379035360367,61.6732038916847,51739955.0607734,52.9182556014772
"SP500","2016-06-13",61.3534494862344,61.9847596010306,60.9509560072097,61.161228510813,61321564.6108285,52.4773493949971
"SP500","2016-06-14",61.0072337838843,61.4798296775355,60.5093776421117,61.067449293774,43648750.9204956,52.4050083239845
"SP500","2016-06-15",61.2206483118156,61.6178886656924,60.7760689480954,60.9738520338181,42397210.6354557,52.3276192234225
"SP500","2016-06-16",60.6918620464527,61.3829226268875,60.23968823909,61.223271673355,39698438.8328705,52.5441130410091
"SP500","2016-06-17",61.2383134057582,61.46287703254,60.4709003681528,60.851217288856,71747085.3613451,52.1964517521208
"SP500","2016-06-20",61.481235415968,62.011859897857,61.0786743156912,61.2773745244087,45166794.5352079,52.5754734452824
"SP500","2016-06-21",61.4320022833973,61.832230295584,61.0112648155057,61.4487545276992,37569970.1757595,52.7293794696451
"SP500","2016-06-22",61.5610810741986,61.9834286952207,61.1407130036506,61.3770173635278,39886659.2626535,52.6688328360406
"SP500","2016-06-23",61.8818356800426,62.3592903404719,61.5005904189703,62.2233266338185,46002872.9207863,53.4027636956912
"SP500","2016-06-24",60.0131289547218,61.1770325815599,59.3311191774003,59.843081183251,129366692.822058,51.3106517311291
"SP500","2016-06-27",59.3372321100777,59.6637135231347,58.1077171119897,58.7305207369852,68073570.153609,50.3269608724877
"SP500","2016-06-28",59.3864311338369,60.0330292294994,58.8900616667508,59.798148329356,56707117.0403974,51.2595485275569
"SP500","2016-06-29",60.3014893300781,61.0862292128732,60.0057365665921,60.8534095420558,49459246.0068291,52.1776369715313
"SP500","2016-06-30",61.0661151954391,61.8541564097339,60.5819946691043,61.5990936024681,57274922.4438721,52.798384397418
"SP500","2016-07-01",61.5801893973886,62.2027393527212,61.278832722241,61.7358921126731,36211125.4247627,52.9349684043489
"SP500","2016-07-05",61.4461895674464,61.8720276591142,60.8826137543226,61.4294736067234,49027281.7190069,52.7266461008484
"SP500","2016-07-06",61.1953710092585,62.0129506552875,60.7902214749927,61.8229010803222,43213176.5992813,53.0823738744065
"SP500","2016-07-07",61.8807838763372,62.3357437945953,61.3790564598209,61.8205080667351,47851401.7452291,53.0955892888862
"SP500","2016-07-08",62.2490286367676,62.9602318292948,61.9527964983955,62.7980518867552,57083578.9358392,53.9425468895237
"SP500","2016-07-11",62.9797346737356,63.4713970193457,62.7100271885167,63.0694718353906,52444965.0084778,54.1847593620215
"SP500","2016-07-12",63.3646207498745,63.8275369524059,62.9397170610161,63.424772058527,53863116.9525975,54.4771595842224
"SP500","2016-07-13",63.5565464254057,63.8677532256876,63.0600155448184,63.415380610776,43045391.1469586,54.460978570467
"SP500","2016-07-14",63.7888444360555,64.1220642003924,63.3372961096971,63.6960453765696,45220544.8402805,54.7073636601102
"SP500","2016-07-15",63.8734285800415,64.07879959641,63.2640763510786,63.6098453503514,52033005.0547728,54.6255039087547
"SP500","2016-07-18",63.6643265063354,64.1324464643559,63.3410811714433,63.8310048186966,42448131.6756756,54.8433074838917
"SP500","2016-07-19",63.6349388765354,64.1026649038189,63.2645028180955,63.7583200914453,50631066.1119783,54.7818881672464
"SP500","2016-07-20",64.0581744215731,64.5343355557835,63.6624195801108,64.1791575415693,44447255.854754,55.1762378379843
"SP500","2016-07-21",64.1191551588169,64.4618575684128,63.502676752737,63.8501033359261,47831460.9153304,54.8783089227146
"SP500","2016-07-22",63.8962056839987,64.331308896859,63.5013428442505,64.13373448584,42421226.2308038,55.1164806575408
"SP500","2016-07-25",64.0864062342909,64.350094918083,63.4671607142311,63.9804985184474,45775615.2275503,54.9931892435227
"SP500","2016-07-26",63.9772623118125,64.4779417926934,63.5645229743375,64.0760225222387,66367871.5777835,55.0823876002162
"SP500","2016-07-27",64.2457021198285,64.7033238748649,63.6434970434678,64.1072877326465,72009123.9217711,55.1318664735719
"SP500","2016-07-28",64.1069601097301,64.6799558114912,63.6004401556616,64.2954791070245,46286850.4480122,55.3163212203327
"SP500","2016-07-29",64.250589800534,64.8428544099387,63.8376009312706,64.4224232967023,56881590.5330048,55.4347266128662
"SP500","2016-08-01",64.3907163486779,64.8721316485624,63.9448112430041,64.4519902309795,46845077.973384,55.4789866506302
"SP500","2016-08-02",64.4168046201266,64.7205372348772,63.6246557879542,64.1053737498682,44345048.447692,55.1718088261772
"SP500","2016-08-03",64.0625824147194,64.5857148272946,63.697104885441,64.2955260101287,42191909.9271422,55.3475618985991
"SP500","2016-08-04",64.2744721901431,64.7360995753954,63.886889294824,64.3702367763271,38686883.8027672,55.432282072736
"SP500","2016-08-05",64.7606171575237,65.31744177114,64.4057004070269,64.9967878027588,52362286.3136389,55.994055112913
"SP500","2016-08-08",65.0191367762994,65.3003762037092,64.5876684612036,64.9163443622511,40117074.8268578,55.9256957184437
"SP500","2016-08-09",64.965985216494,65.3743155819844,64.6500676661988,65.0009063113187,44562487.3139032,56.0032379461261
"SP500","2016-08-10",65.0030515424055,65.2585339841697,64.526295580789,64.8229298242132,43249620.1073634,55.868901494486
"SP500","2016-08-11",64.962337686688,65.3831533962145,64.6618200779784,65.0534313673398,67433500.3934404,56.0773763551423
"SP500","2016-08-12",64.9020230632705,65.2663504000682,64.6184911886453,65.0085206461699,120081717.317656,56.0354401392253
"SP500","2016-08-15",65.0912347204774,65.5017443528696,64.81393354473,65.1509695583077,59151943.8997537,56.1580911153299
"SP500","2016-08-16",65.0006322525197,65.2838489778481,64.5435418932389,64.7983979012895,39842353.5728749,55.8758899675038
"SP500","2016-08-17",64.7892857552011,65.1577043220928,64.3531040916699,64.9536454407684,61118406.0884187,56.025106071847
"SP500","2016-08-18",64.9394260398183,65.3281021230031,64.653332894282,65.0604853637399,39835791.9007387,56.1150150945131
"SP500","2016-08-19",64.870517197901,65.2669152288204,64.5164542715804,64.9957390441081,38585116.2910757,56.0735934420161
"SP500","2016-08-22",64.9358309419749,65.2751435132598,64.5831335398804,64.9925337441657,33610469.1397113,56.0765333678888
"SP500","2016-08-23",65.2040083594162,65.5298461788108,64.8955714613663,65.0814848218945,40520143.7596336,56.1608929233323
"SP500","2016-08-24",65.004543686748,65.273734875747,64.4210453699565,64.6752629556067,37983883.8417975,55.8003387244348
"SP500","2016-08-25",64.575959911659,65.0112150939129,64.2553639109906,64.6413882099835,46265444.7409129,55.777881968357
"SP500","2016-08-26",64.7492808415071,65.242314270708,64.1915093735586,64.5783858293834,40726153.9734765,55.7372938195272
"SP500","2016-08-29",64.6378515097452,65.2077960018236,64.4525492009406,64.9087863270707,36735243.6012864,56.0187066286197
"SP500","2016-08-30",64.8761198362347,65.1608447263219,64.3818438737417,64.7178653604824,37725409.4285475,55.8665462657497
"SP500","2016-08-31",64.6125405381209,64.8928316693852,64.1749504608137,64.593608976664,47549211.7075097,55.7688983735839
"SP500","2016-09-01",64.5936110352432,64.913203722708,64.0339135169665,64.5838104365516,51500860.1167052,55.7642730627658
"SP500","2016-09-02",64.840766866942,65.185096063587,64.442392989517,64.8170180671345,43443872.0251259,55.9618076504068
"SP500","2016-09-06",64.9013408418456,65.3846786706404,64.429474011484,65.0905858125539,43374828.6567425,56.2126350866069
"SP500","2016-09-07",65.0092134542181,65.4360283994976,64.6566446970036,65.0974717684964,52143497.7072571,56.2325637008529
"SP500","2016-09-08",64.9785323941174,65.3146612103524,64.5615496831326,64.8950204878466,48538294.2896025,56.0532347702952
"SP500","2016-09-09",64.4420162235583,64.7122669901503,63.3003608438435,63.3443150687885,81676815.0178558,54.7165780920385
"SP500","2016-09-12",63.057083955574,64.4631725496195,62.8521099866154,64.2694096080248,70999662.5177227,55.5239924705832
"SP500","2016-09-13",63.8483331426763,64.1527531994386,63.0521696244745,63.3972344494278,66004334.3536242,54.7921929797396
"SP500","2016-09-14",63.4106909187759,64.0181104369697,63.0377666474304,63.4228770231795,65404820.6980205,54.8289848991364
"SP500","2016-09-15",63.4190103426701,64.346086172937,63.1802451306092,64.1198999098456,75004528.3882972,55.4487178628003
"SP500","2016-09-16",63.962449388073,64.3039270684227,63.4382248163731,63.9333193908437,108778429.658788,55.301159212322
"SP500","2016-09-19",64.1727482510504,64.5989614855663,63.6907145049581,63.9472277803608,54261801.0059532,55.3031360516128
"SP500","2016-09-20",64.2490515554057,64.5084138540056,63.7328098283336,63.9706485999402,43312897.1257575,55.328933401588
"SP500","2016-09-21",64.2172317424516,64.8072553440779,63.79077166119,64.6642747595193,47838559.7700759,55.9287134736418
"SP500","2016-09-22",64.9795735000127,65.3902989408008,64.6464307045745,65.0546373668518,43964595.8506492,56.2653092234087
"SP500","2016-09-23",64.8239451770583,65.1769657880019,64.3277195108298,64.6209898279348,45895648.8919735,55.883386530673
"SP500","2016-09-26",64.3496731797162,64.6794828301135,63.871830452949,64.1672033545779,36744487.0010425,55.4967306079923
"SP500","2016-09-27",64.195546036209,64.8888823721072,63.8686616523887,64.6629803100027,49507974.4368041,55.9501325021595
"SP500","2016-09-28",64.7792327261329,65.1858320806164,64.2812876585852,64.9228783758942,44344268.7291231,56.1653708009071
"SP500","2016-09-29",64.8342581348407,65.3145820936012,64.030547974766,64.3776940379156,48917713.4189921,55.703614424876
"SP500","2016-09-30",64.6370989849826,65.253495987571,64.2969621369802,64.845812377675,57587943.6575648,56.1062522834585
"SP500","2016-10-03",64.6657721054539,65.0711052726362,64.2174099846072,64.6833668061371,36129661.0791342,55.9820287767427
"SP500","2016-10-04",64.7865724029123,65.0964285608051,64.0826658893538,64.3876582989756,40978324.7778762,55.7523213130787
"SP500","2016-10-05",64.5894913163938,65.0672483031972,64.2213085415439,64.6368068453503,40846568.3427365,55.9740540384439
"SP500","2016-10-06",64.5741112514433,64.9604825808093,64.1291066137295,64.6620830228161,46428787.1688533,55.9942739494057
"SP500","2016-10-07",64.746388236472,64.9976092653061,64.0776226626466,64.4825092116924,39128493.7071034,55.8393065843294
"SP500","2016-10-10",64.7549412418878,65.2608694635182,64.4625805147646,64.8047334151108,41122855.5109618,56.1228925694625
"SP500","2016-10-11",64.6735014857123,64.8942427347115,63.7030867320149,64.0154806686277,59135940.9708786,55.4369602557727
"SP500","2016-10-12",64.056005787036,64.4834485657046,63.6609750351836,64.0719273571441,51431316.9235665,55.4869457819545
"SP500","2016-10-13",63.6753691093893,64.1445316989949,63.1345973695921,63.8275418482905,50780192.3095756,55.2647395243108
"SP500","2016-10-14",64.1788147222535,64.5632407966496,63.6657789774506,63.877977677951,46378709.388733,55.3114603652606
"SP500","2016-10-17",63.8797562260259,64.1752237233726,63.414697414894,63.6881828297233,33414544.7276111,55.1412556613788
"SP500","2016-10-18",64.1792033879604,64.5702020346651,63.7277390057359,64.0996867787993,41261712.9065143,55.5153158907841
"SP500","2016-10-19",64.1717431618198,64.6552606601902,63.7527673480719,64.2522317423955,33766151.147343,55.6642804421776
"SP500","2016-10-20",64.1659052747823,64.5532059001367,63.7004387860939,64.1080256872469,44445904.3280646,55.5681981776103
"SP500","2016-10-21",63.9506867807092,64.4813773129516,63.5836592223912,64.1849887438855,42808403.0218189,55.6510219172016
"SP500","2016-10-24",64.5166373379164,64.9798858389675,64.1351761692245,64.5828079528133,46467637.637478,56.011663864751
"SP500","2016-10-25",64.5085179446139,64.921360114916,64.0007317485051,64.3886684568855,55619480.2615957,55.8276867390016
"SP500","2016-10-26",64.1471406150243,64.7092111134705,63.6712059109443,64.2147006443733,56550973.7511652,55.6588799012757
"SP500","2016-10-27",64.4358917571833,64.7418403120815,63.5992344026553,63.9069734007691,58352222.8773112,55.3876414925866
"SP500","2016-10-28",63.8246414266087,64.4923686457474,63.1941494523739,63.7463648884085,54389785.9587464,55.2582531025887
"SP500","2016-10-31",63.8961716347018,64.2798722005632,63.4075137114017,63.7554665912736,41158058.3700529,55.2712786086594
"SP500","2016-11-01",63.8913105637489,64.1621808514517,62.8126150250992,63.3035554080264,63670624.074172,54.8763056871817
"SP500","2016-11-02",63.2356973011912,63.6326275398338,62.5569470022395,62.8814399697216,45343174.3839797,54.4978481547032
"SP500","2016-11-03",62.8477163090849,63.2514990022155,62.2010491919409,62.4906639025524,43945161.1284274,54.1478596573056
"SP500","2016-11-04",62.3420450661134,63.1199663765727,61.9611526050822,62.4115956907784,47917425.9868509,54.0797839193581
"SP500","2016-11-07",63.2785703979485,64.1242335070363,63.0082336898679,63.9023297086643,60824194.7845399,55.3877195888399
"SP500","2016-11-08",63.9293197916285,64.7974632968892,63.5936030289095,64.3969705642695,50762063.7724855,55.8667136803416
"SP500","2016-11-09",64.0582981306879,65.6970956292765,63.3324306012566,65.0883190559051,75891153.07073,56.4495855188656
"SP500","2016-11-10",65.4545967612585,66.3967710765024,63.9053615366373,65.1021207683267,114497633.737258,56.4374801469833
"SP500","2016-11-11",64.8587875460821,65.5546518315395,64.2374572178345,65.0311704744197,192244324.143122,56.3829647860439
"SP500","2016-11-14",65.1604358657391,65.8141900882444,63.8972441072322,64.7352303413006,138660559.935582,56.0884496603722
"SP500","2016-11-15",64.9044730559073,65.653372406144,64.3268649796396,65.165888034646,74424778.6088657,56.4953798513274
"SP500","2016-11-16",64.9307255570322,65.6039717465169,64.4839631870439,65.116807424131,103541201.422356,56.4882235359305
"SP500","2016-11-17",65.1854359346242,65.8685670695149,64.7696580534542,65.4763159094545,84866294.3363895,56.8251267526294
"SP500","2016-11-18",65.4939273942603,65.939736402314,64.9411580627383,65.2733698771232,65591932.7529798,56.6455275514681
"SP500","2016-11-21",65.5019622366109,66.1279184118817,65.1782015115816,65.8456795288961,54422207.0928839,57.1650493284062
"SP500","2016-11-22",66.0348327904169,66.4601724719279,65.4349528685279,65.9947045977245,47248980.0591372,57.2909245838217
"SP500","2016-11-23",65.7353127981192,66.2672541636564,65.2232303283895,65.8930324052599,53439129.3265187,57.1908806432612
"SP500","2016-11-25",65.9848928098508,66.3629969590571,65.6669897831673,66.1158920466623,23670828.7228945,57.3760599527457
"SP500","2016-11-28",65.9058858481079,66.4099438938024,65.4454479983604,65.7778779900805,42415396.4550475,57.0808404126642
"SP500","2016-11-29",65.7749123713608,66.381485780821,65.4082063832477,65.9016266402928,53673062.114298,57.2046146123141
"SP500","2016-11-30",66.0471240415187,66.4963374636219,65.2218801532096,65.5022990643946,60171767.4114403,56.8342759240898
"SP500","2016-12-01",65.5554184629024,66.0712306216633,64.5054558994316,65.0991996508072,107089752.267727,56.4591731702036
"SP500","2016-12-02",65.088582630286,65.6723227642436,64.5932944970735,65.1452777084672,56762170.0446071,56.493214535977
"SP500","2016-12-05",65.4665654769319,66.0673680000568,64.9776090860599,65.6124322345617,68318342.9661741,56.9202079837811
"SP500","2016-12-06",65.7441461403845,66.1684482009182,65.199376688674,65.7977628000066,58502645.9398647,57.0836560884477
"SP500","2016-12-07",65.782027639782,66.8431370837236,65.3584410771932,66.6851575406112,60214728.946678,57.8629076119785
"SP500","2016-12-08",66.7274039022014,67.3949008224689,66.18878643758,66.907223220552,49861794.0542877,58.0718717070503
"SP500","2016-12-09",67.0307152611383,67.6087454200787,66.5939265966967,67.2741187013228,51543244.5032467,58.3866462969605
"SP500","2016-12-12",67.210572440865,67.7778592573633,66.5891094140283,67.186273150103,64976982.4540193,58.2877080800363
"SP500","2016-12-13",67.4251395708845,68.2004765051823,66.9877356611908,67.6376733692466,58652637.3395369,58.6892408981999
"SP500","2016-12-14",67.5645331935574,68.1611478642366,66.8201106588639,67.1465444950563,99992504.4031846,58.282367150956
"SP500","2016-12-15",67.2126610810998,67.9482819667238,66.7790808818854,67.3348773836881,82748502.2821398,58.433381706434
"SP500","2016-12-16",67.5579739503912,67.9176352233888,66.7875997912107,67.1817521246862,113383805.216992,58.2843675876018
"SP500","2016-12-19",67.241063838105,67.840623906906,66.8443389791595,67.3782406985217,75263220.7097452,58.4576602625869
"SP500","2016-12-20",67.5383422562266,67.9951951070597,67.1448589623607,67.6505494102752,80557624.8247291,58.7051531292282
"SP500","2016-12-21",67.6147071228796,67.9341537456675,67.1581310911235,67.4603543661945,59626639.2329553,58.5474878616427
"SP500","2016-12-22",67.4240184480139,67.714837271013,66.8505732417901,67.2737042826395,71224184.9727349,58.3753278559418
"SP500","2016-12-23",67.2203322228341,67.609765402338,66.8950494532177,67.3597770288604,59622513.294328,58.4572297002199
"SP500","2016-12-27",67.4552196552702,67.9523284689009,67.2431311520559,67.5579590564774,102905068.923073,58.6408190192357
"SP500","2016-12-28",67.6405372879957,67.8155721365682,66.8601591664609,67.0058240887484,187270084.151243,58.1660233352539
"SP500","2016-12-29",66.9961935453464,67.3998800701756,66.6484497504062,66.9686266892052,175972052.489321,58.1243697928489
"SP500","2016-12-30",67.0548102914302,67.2594181281299,66.3362987674263,66.5999376026423,111661563.648432,57.7835127099869
"SP500","2017-01-03",67.0608186965249,67.640204976082,66.4149911038767,67.1486972947012,134528516.24665,58.2687350404628
"SP500","2017-01-04",67.2761508927695,67.8892403996116,66.9341930444237,67.51494555151,109146536.182262,58.6089611223245
"SP500","2017-01-05",67.471935186805,68.0933074746064,66.951530419315,67.595953118837,94446247.9519613,58.7018525892736
"SP500","2017-01-06",67.6370794259675,68.3299214826987,67.2308253473808,67.9728122535613,85146963.1845331,59.0521104856386
"SP500","2017-01-09",67.9096397769854,68.3659034410902,67.4661808598407,67.8584986185275,89420582.8560652,58.9769741563706
"SP500","2017-01-10",67.8790499518667,68.3868829484776,67.4386089671465,67.8666507947806,84032696.0394271,59.0008323333543
"SP500","2017-01-11",67.8579633930544,68.4441692428947,67.3569486752067,68.0763515285748,58452123.5226876,59.1965052880821
"SP500","2017-01-12",67.9077636270187,68.2933009334049,67.1962632781951,67.9793931253924,67393765.0332061,59.1175203948991
"SP500","2017-01-13",68.0529061621239,68.6055959438965,67.7521437180405,68.171494449654,54517033.4659286,59.2958973604865
"SP500","2017-01-17",67.9982721072758,68.4064289990259,67.3763312571702,67.8869521233086,66785314.1631456,59.0342029555374
"SP500","2017-01-18",67.9784790983091,68.3632904697247,67.4726776895446,68.0441511808245,67478816.3559746,59.1822742557641
"SP500","2017-01-19",68.0504756748445,68.434429717897,67.5306501863348,67.8330188215701,69063732.9973829,59.0050814359364
"SP500","2017-01-20",68.1066505770948,68.4636778618851,67.5820510986407,68.038922642621,60436147.3566494,59.1792990716551
"SP500","2017-01-23",67.9417159350224,68.4098352180845,67.4312940035034,67.9807688898456,47229272.9670973,59.143391266309
"SP500","2017-01-24",68.0965623356209,68.7785436084933,67.7064185406187,68.4357780167845,52576019.3248538,59.545806751095
"SP500","2017-01-25",68.798243988935,69.5053848022601,68.3797481944765,69.1301828219321,63212232.9661502,60.1766442891231
"SP500","2017-01-26",69.1336872721188,69.6619649126643,68.646467288496,69.1268009329366,57548091.284198,60.1831805252795
"SP500","2017-01-27",69.2134298770508,69.676424707321,68.5883162128452,69.19359367769,56132428.7359267,60.2552406434205
"SP500","2017-01-30",68.984897876892,69.2317754575993,68.1221398359607,68.8115138252087,60842550.602846,59.9217480522012
"SP500","2017-01-31",68.5914355099181,69.0977256232239,67.9545155689237,68.6340553882442,54029458.0638769,59.7592019957905
"SP500","2017-02-01",68.9114189528594,69.3938010140417,68.1820609520989,68.7253576368524,90627343.7638869,59.8688429891114
"SP500","2017-02-02",68.6053094237136,69.2657808942612,68.1199956981863,68.7847939277139,62684236.1009206,59.9074750471357
"SP500","2017-02-03",69.0594254655952,69.633421835367,68.669775279336,69.2740920796045,52681773.0000248,60.3172467030044
"SP500","2017-02-06",69.1567832956216,69.567370716011,68.7290866161041,69.2279719587907,57160349.3684933,60.288716342693
"SP500","2017-02-07",69.3837660396175,69.8007455688593,68.9496266591162,69.3275347262493,78861125.9320293,60.3798918647384
"SP500","2017-02-08",69.215886178698,69.719002856554,68.8393850390479,69.4091356179025,51558217.7708371,60.4856512590986
"SP500","2017-02-09",69.4652186955511,70.1406819597433,69.1706599648088,69.8011531230696,83268578.8022966,60.8409752331068
"SP500","2017-02-10",69.965418369044,70.4327291267529,69.5844608246262,70.0980887742284,140263947.902978,61.1018983356689
"SP500","2017-02-13",70.3252890022765,70.827127669021,69.9953747026283,70.499788054841,107700896.646713,61.4650102320653
"SP500","2017-02-14",70.3987056996795,70.9015118999471,69.9557072581146,70.6593240066555,85927573.6440857,61.6270560499776
"SP500","2017-02-15",70.5818481428124,71.2421343221327,70.269266554504,71.0189569752085,49863764.1023283,61.9418111865224
"SP500","2017-02-16",71.014288336323,71.4191477274381,70.4867246604322,70.9903614088498,66729928.4638092,61.919643065427
"SP500","2017-02-17",70.8344301247124,71.3216731125124,70.4475091222772,71.0820575571833,61468540.2665489,62.0016938955525
"SP500","2017-02-21",71.1780376552468,71.7808126793277,70.8910075825206,71.4618623269667,61089734.784378,62.329447894255
"SP500","2017-02-22",71.3206453091663,71.7977250869494,70.9736237887934,71.458671098674,50681076.0349945,62.3454119247635
"SP500","2017-02-23",71.5886657450085,71.9214853872447,70.8673361632501,71.3634872401977,140611554.47532,62.2444310377247
"SP500","2017-02-24",71.0618692894939,71.66534154391,70.7022396438813,71.5037199286076,96420669.6635348,62.3785402647222
"SP500","2017-02-27",71.4390704906779,71.9504286581222,71.0550064788454,71.647981404307,71807204.2434331,62.5178417386772
"SP500","2017-02-28",71.708345862672,72.2118370779323,71.2271866565137,71.6653963793651,67128100.1324904,62.5514126006704
"SP500","2017-03-01",72.2554526492404,73.0395076266252,71.8950208380194,72.6694267795528,62384379.1078836,63.4379366421598
"SP500","2017-03-02",72.638116512133,72.9312518053512,71.9367690044392,72.2062924894076,76149604.8860046,63.0398351084973
"SP500","2017-03-03",72.1078038739499,72.528806161207,71.7197283247006,72.2328217586058,80961035.6599993,63.0702987925013
"SP500","2017-03-06",71.9354158049272,72.3834127711694,71.5570237528678,72.0527040396107,82959562.1582671,62.9149280486601
"SP500","2017-03-07",71.903167637647,72.3670507850001,71.5348328427345,71.9171616259849,60153317.543963,62.808303776659
"SP500","2017-03-08",71.9480428442087,72.4154947564261,71.519085827896,71.8591417621148,63633392.0170114,62.7969442356911
"SP500","2017-03-09",71.8884129065719,72.3306385550395,71.4095559321467,71.902917944223,52149518.0389874,62.841186778566
"SP500","2017-03-10",72.2391014539264,72.5535386784986,71.6903384332295,72.1416342296626,54142165.0071179,63.055686470344
"SP500","2017-03-13",72.1699439134258,72.5551885066455,71.8225871749314,72.2532536725088,72657202.0799055,63.1746869767517
"SP500","2017-03-14",72.0774485642647,72.3797361113964,71.6294107644955,72.0532753624422,53534018.3170287,63.0086145784133
"SP500","2017-03-15",72.2144615139685,72.8615594238216,71.8067736029094,72.5776110361623,65431408.7229654,63.4471189697662
"SP500","2017-03-16",72.6885253120505,72.9697847598604,72.1375300875891,72.4934125894623,55598071.5567339,63.3825720515198
"SP500","2017-03-17",72.5821549969455,72.9092930749984,72.0796389283471,72.4135988784849,114456812.911745,63.320652995906
"SP500","2017-03-20",72.4073296206937,72.7616094275706,71.9752127651646,72.3036808869667,72088594.4281831,63.2249447128963
"SP500","2017-03-21",72.544801626704,72.8161991027645,71.1954305951396,71.4054642838638,96853521.1884594,62.4288655932861
"SP500","2017-03-22",71.3918952722249,71.9601420742539,70.9601187197133,71.6387913389002,65167523.4548943,62.6482739556408
"SP500","2017-03-23",71.555252408578,72.1009791155645,71.2226771150719,71.5334061769862,57912661.7492037,62.5555652198465
"SP500","2017-03-24",71.7480372724277,72.101164067189,71.130608415208,71.4810480629472,51587136.0871408,62.5218738517111
"SP500","2017-03-27",70.8954313912878,71.7231005540924,70.5334927632166,71.4714111924785,56503176.202149,62.5278447993063
"SP500","2017-03-28",71.4164046931651,72.2470673655833,71.1294006772211,71.9697898657035,53915714.45658,62.9640806690664
"SP500","2017-03-29",71.9094789996336,72.3959299990875,71.5913745404743,72.0740388903391,45286626.8752698,63.077262052834
"SP500","2017-03-30",72.0570723085277,72.5920747481119,71.7628367959827,72.2731204962187,55728252.4764336,63.2465852910114
"SP500","2017-03-31",72.1491043582194,72.5845168570971,71.8412986093911,72.1461078308355,50456836.1469419,63.143789453061
"SP500","2017-04-03",72.1780747752004,72.5417570408244,71.5098158743084,72.0634433109107,53758163.587337,63.0753645534326
"SP500","2017-04-04",71.9537206641299,72.4089454530862,71.6087319212945,72.1203108025831,113646145.510847,63.1237326944414
"SP500","2017-04-05",72.3428903427444,72.9387995535748,71.722408128681,71.9109615033089,79516797.0700103,62.9458497435495
"SP500","2017-04-06",71.9698229491868,72.4538162647568,71.5764981214825,72.066788825112,67098337.9018807,63.082255108635
"SP500","2017-04-07",72.0347628434896,72.4338999892838,71.6822137107208,72.0399270649412,47285043.7170194,63.0533031421885
"SP500","2017-04-10",72.087178960397,72.552500571289,71.7814069804616,72.1062213400146,72901472.2598486,63.1134949295101
"SP500","2017-04-11",71.9836056186076,72.3027141128895,71.342060038359,71.9905828240872,65784997.5178326,63.0112731676457
"SP500","2017-04-12",71.9341622344198,72.1974599800347,71.3372673701402,71.6148346599079,48185053.1976108,62.6743638686938
"SP500","2017-04-13",71.5269613046591,71.9915390981019,71.0719632773091,71.2034048457451,55596029.9711803,62.3230132154518
"SP500","2017-04-17",71.3068294408435,71.9966091941148,71.108110174665,71.8685341140596,52418784.9398461,62.918060319187
"SP500","2017-04-18",71.5955361248188,72.0422477960154,71.1636671971636,71.5930512982993,42873815.7954175,62.6815186366814
"SP500","2017-04-19",71.8121096839056,72.1848346272005,71.2396113887412,71.5351537271077,45007864.1216293,62.6642938248586
"SP500","2017-04-20",71.7311125601993,72.4154429006988,71.384688031454,72.0553249624541,48683419.1332957,63.1294140650685
"SP500","2017-04-21",72.0631426840806,72.4290459615068,71.5622277799812,71.9127820715635,42338005.4019144,63.0086107641688
"SP500","2017-04-24",72.7319076474143,73.2165364986652,72.2905385500534,72.8633048993064,45740265.2733789,63.8529028486645
"SP500","2017-04-25",73.1567276847542,73.6820999394591,72.7810440939362,73.2969317100855,49535118.0736051,64.2327544541598
"SP500","2017-04-26",73.3722780660048,73.8842378426145,72.9067657356451,73.2980251523152,42033259.9157795,64.2478812839496
"SP500","2017-04-27",73.4155949526226,73.9553933457273,72.8559489770082,73.5056689979837,42269371.3001926,64.4535998528439
"SP500","2017-04-28",73.8067757734747,74.209579239069,73.1085241028418,73.5490477513524,50335360.909772,64.5235493888611
"SP500","2017-05-01",73.7468418748935,74.3422175365561,73.3230658929285,73.8521276407988,48272366.5789411,64.8212846156502
"SP500","2017-05-02",74.0261326281203,74.4015492376686,73.4701083404929,74.0023012939457,73916535.96573,64.9597921562138
"SP500","2017-05-03",73.9013036101182,74.3532817442691,73.3755334644707,73.9492936395785,51339475.8127097,64.9137476204383
"SP500","2017-05-04",74.0187971613538,74.5719740261865,73.452498622902,74.1278462523222,36658462.7671982,65.0869291474186
"SP500","2017-05-05",74.2756074862613,74.6582597693335,73.750882038042,74.3179419237318,36718658.3435709,65.2474033411843
"SP500","2017-05-08",74.2733620748225,74.6833633380652,73.7515952288598,74.2314399346575,52345490.4060668,65.2318719463163
"SP500","2017-05-09",74.3294954084,74.726089059179,73.8575646535294,74.2325230001392,87085290.4226691,65.254010988325
"SP500","2017-05-10",74.0783892920048,74.4892873116599,73.5384626567523,74.1346165592813,177249061.549904,65.1629612958732
"SP500","2017-05-11",73.9225196374432,74.3154359770001,73.3708677695648,74.0011489212188,163390779.075578,65.0678253611012
"SP500","2017-05-12",73.9931122477784,74.3466757612379,73.5872706016529,74.0040473236367,91739422.9820779,65.077777953456
"SP500","2017-05-15",74.0677843876235,74.6777051472064,73.792093145307,74.3463331776854,102160090.395272,65.3742701596334
"SP500","2017-05-16",74.4581708507472,74.8414466665785,73.9593062415126,74.4339658464082,101487969.636564,65.4790274614938
"SP500","2017-05-17",74.1246359765494,74.4187601925073,72.7743848212171,72.995141791,127523923.227923,64.1990165635484
"SP500","2017-05-18",72.9406730673324,73.8642117299827,72.5482680626266,73.381166663509,110884473.331256,64.5604006810167
"SP500","2017-05-19",73.6608151381386,74.3877581039846,73.3216840114246,73.8922863116203,97420462.8134502,65.0101357756419
"SP500","2017-05-22",74.1285878484781,74.6876221830024,73.7510230489759,74.3556307060001,79602481.2440972,65.4353607147273
"SP500","2017-05-23",74.4245456697452,74.8479350379853,73.9334971853894,74.4068048518166,66529185.9003498,65.4618619904641
"SP500","2017-05-24",74.5416038829794,75.0417469918573,74.1392416437127,74.7517786626975,76201322.782045,65.7806159812401
"SP500","2017-05-25",74.9417808139309,75.6285644005961,74.5952871908674,75.2372850418091,64090589.36562,66.2324873486183
"SP500","2017-05-26",75.2526587731589,75.6289832353443,74.8570790385729,75.3026469447176,75724615.8742161,66.3047251330914
"SP500","2017-05-30",75.1632997160396,75.6294009877799,74.8172825751452,75.2490879027429,91819035.014166,66.2811720052416
"SP500","2017-05-31",75.3673034747385,75.7739475187186,74.6849038122291,75.2620192642288,90362526.7485722,66.3006723240256
"SP500","2017-06-01",75.4387402073635,76.0572482653958,74.9330270801447,75.7700521681263,55305005.1650285,66.7630176448797
"SP500","2017-06-02",75.8843919271553,76.5604288481353,75.475513397997,76.2458982597821,59768364.7077492,67.2011449930089
"SP500","2017-06-05",76.1943357069628,76.6799847567861,75.8118062845307,76.1913802753625,80507906.4811571,67.1636399961663
"SP500","2017-06-06",76.027014917078,76.5635090647948,75.6214000436326,75.9850652945943,78839535.9025392,66.9706197513697
"SP500","2017-06-07",76.1164269007169,76.5461270745265,75.6406143728948,76.1631037265805,64854563.4467873,67.1445200447567
"SP500","2017-06-08",76.237400688229,76.7414027821476,75.6631751108663,76.2794694125968,106822110.670357,67.2549668753251
"SP500","2017-06-09",76.3831928066571,76.9721031967578,74.7197807114675,75.7349486067048,320088659.503531,66.6918813546272
"SP500","2017-06-12",75.4464641341601,76.0539652608927,74.4708158150808,75.462506648844,172322650.987944,66.4275570611568
"SP500","2017-06-13",75.7652058105141,76.3781397431222,75.312769233755,76.0009924428984,150831651.991134,66.9370432814604
"SP500","2017-06-14",76.1258428634249,76.6070997203525,75.2640023477011,75.9411627359936,112817665.11539,66.8777323620002
"SP500","2017-06-15",75.2957206745401,76.0450519843389,74.8046285032186,75.7350427026275,97610342.5362212,66.6886051776766
"SP500","2017-06-16",75.7352040330686,76.1491681058053,75.05433817938,75.6787692130148,108211394.765075,66.6282685074353
"SP500","2017-06-19",76.0949834777408,76.783478244,75.6803204740148,76.4379471166851,81438936.7445515,67.32861206279
"SP500","2017-06-20",76.3901517950102,76.8090698622977,75.7789638019514,76.0409628643415,102274810.586196,66.9838135991863
"SP500","2017-06-21",76.1836907333343,76.6824023313467,75.5606568513579,76.1517604552663,69423207.1953856,67.1216087817807
"SP500","2017-06-22",76.1493332513915,76.6802502598229,75.6481650248904,76.0843578163545,52133969.3078174,67.0594856230034
"SP500","2017-06-23",76.0657667398519,76.6943785792651,75.5628213638549,76.2170790984476,106726453.040831,67.1857791059384
"SP500","2017-06-26",76.4415347778056,76.9344038681155,75.7661421832746,76.1410804764356,99524909.8788571,67.1012146047285
"SP500","2017-06-27",76.0398689398973,76.4389331391327,75.224643056393,75.3984659496931,96766564.4493105,66.4204177133337
"SP500","2017-06-28",75.7292425665423,76.4948572163806,75.2669339290764,76.1507040140337,95395832.5389397,67.1136540070582
"SP500","2017-06-29",76.0985460870855,76.3271936127993,74.7186653682079,75.3008174037213,106333437.695696,66.3426528490628
"SP500","2017-06-30",75.6276635937876,76.0479614774087,75.0530203033917,75.4046268199515,74955345.0610426,66.4261095893891
"SP500","2017-07-03",75.7182879520593,76.2752096900036,74.9296209511348,75.3400427308751,67602966.4687244,66.3303280627152
"SP500","2017-07-05",75.3821357098586,76.0452102396892,74.871702767891,75.5855437867496,84148836.4357653,66.5991824251156
"SP500","2017-07-06",75.2214760344356,75.7258392919589,74.5951505104375,74.991997612471,79192095.0047444,66.0848747044338
"SP500","2017-07-07",75.1913661295847,76.0132459133805,74.8832897937151,75.6691735728628,68062201.8147488,66.7108181326417
"SP500","2017-07-10",75.6424160242807,76.287934235394,75.2520013352556,75.8372866807753,91563610.5415016,66.8824238179975
"SP500","2017-07-11",75.8380525747271,76.299292737829,75.259582072467,75.8841625660094,75092942.1373625,66.9383262434736
"SP500","2017-07-12",76.3025464522799,76.9173437990008,75.9580256383222,76.5209624977733,106531032.868732,67.5209194242035
"SP500","2017-07-13",76.6140740202137,77.0719677709219,76.1557673019662,76.6351196008814,121914239.245079,67.6193542613021
"SP500","2017-07-14",76.7200173553272,77.3141602063441,76.4042653577278,77.0213430961655,86905017.2741813,67.9627769677738
"SP500","2017-07-17",76.9860414301146,77.4373358765411,76.5443969568936,76.9646692305902,90196379.6207213,67.9188878752952
"SP500","2017-07-18",76.8418185217769,77.5207098877112,76.3773216021953,77.1343361120956,78608724.4615336,68.0991919307844
"SP500","2017-07-19",77.3405542408648,77.9146802793745,77.001772232386,77.5782753593796,70273478.575392,68.5073162698397
"SP500","2017-07-20",77.7028060163441,78.126451230887,77.0835515590919,77.6002954913788,70362845.0346525,68.536157877092
"SP500","2017-07-21",77.3864951156931,77.9994882025445,76.9898170207197,77.6263988935319,68818191.225401,68.5698487071359
"SP500","2017-07-24",77.6055698006102,78.1044902715628,77.1865359749369,77.7003662491369,70002296.2635513,68.6628437119036
"SP500","2017-07-25",77.892492920596,78.4248326493886,77.2627396217552,77.8298116306047,59655971.5696524,68.7583617252926
"SP500","2017-07-26",77.9215749749072,78.4164531236102,77.3177543103902,77.8941285799684,66304216.1239795,68.8318887538331
"SP500","2017-07-27",78.1921928079562,78.694377141938,76.7210841443423,77.6670510174075,92649750.1798556,68.6239858672877
"SP500","2017-07-28",77.4483566713976,78.1611774372654,76.8272486077276,77.6732357896458,59322653.3678651,68.6379141863808
"SP500","2017-07-31",77.7885449236025,78.2619178380613,77.05789685317,77.5267788521783,64604912.7921241,68.4801709657382
"SP500","2017-08-01",77.8120094691719,78.2420785018305,77.1764403384659,77.6874858754562,55428151.1321688,68.6206993045796
"SP500","2017-08-02",77.8087029236877,78.2572426914649,76.9929011220551,77.7906908061447,70960568.7337856,68.7217456601631
"SP500","2017-08-03",77.750992739631,78.2309999716194,77.1281031640741,77.6646836778191,54205058.3355944,68.6200398500473
"SP500","2017-08-04",77.8694593893533,78.2946622160985,77.3704155803865,77.8700086268088,61956470.2263295,68.8059287181148
"SP500","2017-08-07",77.8741781381099,78.383680987236,77.5013704041537,78.0846275614557,70126912.3044712,69.0071196725037
"SP500","2017-08-08",77.9859172280488,78.6619219041611,77.5217189206588,77.9538387912903,78277299.798447,68.8982741283298
"SP500","2017-08-09",77.3454967216941,77.9665929150763,76.919449171827,77.6566483247974,59099458.3207732,68.605490426234
"SP500","2017-08-10",77.3166802669124,77.5985906930191,76.201459601342,76.3858624024046,126749452.527039,67.4677879114529
"SP500","2017-08-11",76.4897959970028,77.1399274409678,76.0408026785432,76.5948800962267,130432190.072795,67.6848394785174
"SP500","2017-08-14",77.1647605604589,77.7750873724693,76.8548797273324,77.4469225654748,112482057.82141,68.4552875472542
"SP500","2017-08-15",77.5622253589156,77.9211102569948,77.0004571768549,77.3970854560837,74801527.548011,68.4330934111425
"SP500","2017-08-16",77.5887571761663,78.0668694677679,77.0886453163978,77.5441390429103,63004491.7795468,68.5839147897113
"SP500","2017-08-17",77.3706227142311,77.6557863334695,76.2577124865411,76.331968941153,59603063.1988975,67.5033898114377
"SP500","2017-08-18",76.2104529322643,76.8202681466893,75.7459376224188,76.2007021256226,64327057.7659384,67.3926176236007
"SP500","2017-08-21",76.1911706061232,76.6180553982496,75.6204563451248,76.2460705537989,65192653.5178612,67.427561604419
"SP500","2017-08-22",76.4858179409449,77.330787506864,76.2726235541288,77.1124761038834,49890050.3422145,68.2142584582593
"SP500","2017-08-23",76.7915443389403,77.2999894729593,76.4019374996393,76.830071144803,58530857.8020548,67.9603563212638
"SP500","2017-08-24",76.9679211188516,77.2739929311756,76.223418159891,76.6401984243554,53501993.7872862,67.7932707031538
"SP500","2017-08-25",76.8676253278371,77.2905516535006,76.3533803728656,76.6322413771275,44366980.4357728,67.776893142239
"SP500","2017-08-28",76.8265192563756,77.143908821907,76.2551992285224,76.6713051240894,45471235.4520159,67.8178639335354
"SP500","2017-08-29",76.1823644895976,77.0930518148316,75.9274908344556,76.854860185821,41940354.7560211,67.998532713637
"SP500","2017-08-30",76.8785682646804,77.6108985414685,76.6000670569541,77.3326936017836,46173336.4745386,68.4559437379137
"SP500","2017-08-31",77.521606348221,78.23301705564,77.1842157066899,77.9195483436042,66125831.3148289,69.0277992933137
"SP500","2017-09-01",78.1002610909274,78.5135335062695,77.5809148967434,77.9767896717034,47359179.1800424,69.0728157217898
"SP500","2017-09-05",77.7334653157845,78.1284297682238,76.8403833197057,77.3858617051151,71989021.8931273,68.5420223308525
"SP500","2017-09-06",77.5839581736035,78.0800049721311,76.9617115118645,77.559750939974,46456577.1841145,68.6850670071282
"SP500","2017-09-07",77.6927779561344,78.2888456282483,76.9891580689558,77.7406756698574,43510212.218024,68.8573395286798
"SP500","2017-09-08",77.6447575784514,78.2963190027426,77.0868687900375,77.6671016546533,55198067.8043482,68.7792019623485
"SP500","2017-09-11",78.1359998907299,78.9030340374023,77.7807418638908,78.5449737657365,62629814.0817549,69.5587829768966
"SP500","2017-09-12",78.6967482557135,79.2043531207534,78.0423019255398,78.6873543687146,61100501.7721689,69.6837653614666
"SP500","2017-09-13",78.5913301040809,79.0837315780948,78.0936083704155,78.693987777038,66447602.0376574,69.6923818446272
"SP500","2017-09-14",78.5042640069881,79.0200254064657,77.9937808197563,78.5383772023755,57511765.6262633,69.5373516134142
"SP500","2017-09-15",78.5927351095308,79.104408870443,78.0183401218942,78.6661881538166,132944741.139948,69.6565030616184
"SP500","2017-09-18",78.8176314908554,79.3891134085375,78.296697386996,78.8295335436943,146961026.655825,69.8027306150112
"SP500","2017-09-19",78.9483133776314,79.4909483509506,78.4019613092499,78.9964908366102,82416561.2717064,69.952619368531
"SP500","2017-09-20",79.0054478779809,79.5596341337624,78.317648324124,79.039685668358,82032427.5462703,69.9937333711057
"SP500","2017-09-21",78.999624744844,79.3985818260231,78.3595736385991,78.8172582537832,101931507.495813,69.7942178843837
"SP500","2017-09-22",78.6618418059412,79.2383676743185,78.257849892647,78.8007928254576,60321037.0376703,69.775994397278
"SP500","2017-09-25",78.6499560967053,79.086864634923,77.6428273895078,78.2589889447347,93744076.3900462,69.2406073233485
"SP500","2017-09-26",78.48781105693,78.9332083325633,77.9183180991522,78.301028992018,107528103.818077,69.2922165038214
"SP500","2017-09-27",78.637602627732,79.2484804908643,78.0789332685509,78.748169694282,74283718.8760324,69.7169328099498
"SP500","2017-09-28",78.6516788230986,79.2894624305832,78.2491436871226,78.9151283139368,49159152.2942186,69.8652300069811
"SP500","2017-09-29",78.9383023632053,79.5965151073993,78.6072661624151,79.295888264844,65023958.3987997,70.2259381273753
"SP500","2017-10-02",79.4238153623426,80.0802540161565,78.9345231899378,79.6525573763942,53754289.9552271,70.5414875997307
"SP500","2017-10-03",79.6964354589259,80.2040932498054,79.274620647856,79.8423918977239,45000044.5105104,70.7184965641305
"SP500","2017-10-04",79.806174907692,80.3802103576505,79.369862458616,79.9893029693644,48485723.9624349,70.8476320907715
"SP500","2017-10-05",80.1304617354742,80.8859507144991,79.7491876657826,80.560992505357,50692364.4283632,71.3815517605075
"SP500","2017-10-06",80.3394729933429,80.9023084978922,79.923425904644,80.5682867986573,39973658.9661389,71.4155201156737
"SP500","2017-10-09",80.6389684275606,81.0943686775465,80.1330625488809,80.5130311421779,57311774.3466245,71.363027545509
"SP500","2017-10-10",80.7203364886845,81.1458108366433,80.0874747075347,80.6054718676534,88741637.1703241,71.4283380957804
"SP500","2017-10-11",80.626982461522,81.1379782437474,80.2029879095191,80.864428577448,55602175.5186102,71.6619698406962
"SP500","2017-10-12",80.8169600913512,81.4192258555065,80.4011425613114,80.9164548061233,56580716.0458772,71.7126128395254
"SP500","2017-10-13",81.1342236209448,81.5956924391136,80.6127211843287,81.0493853245131,62448689.2936501,71.8468466073036
"SP500","2017-10-16",81.1906632073597,81.6457717312295,80.6830915675137,81.1982207762843,60485144.8104149,71.9822125370043
"SP500","2017-10-17",81.172361593741,81.6946702876552,80.6565330068777,81.2517361165968,52284293.3705937,72.0289371769332
"SP500","2017-10-18",81.4004834251505,81.9249676998533,80.902295077318,81.3907500390482,57818177.9713778,72.1432355641809
"SP500","2017-10-19",81.1242298245093,81.7900244438505,80.5519711169305,81.4088853813978,66015029.5938629,72.1586247047195
"SP500","2017-10-20",81.7522668448789,82.3597889778693,81.2484640353861,81.9113157277351,52179503.5052201,72.6151938795119
"SP500","2017-10-23",82.0593544883725,82.4512987912715,81.2424189387059,81.5423735141293,50815886.6331434,72.2687824239509
"SP500","2017-10-24",81.7356859973415,82.2695218196557,81.0970469482394,81.6685092933949,47367111.2250736,72.3906514652049
"SP500","2017-10-25",81.6061033203369,82.0881688077473,80.6515643686777,81.3453424792859,82385233.0732114,72.1078277753723
"SP500","2017-10-26",81.624324518146,82.311707847525,80.8922877911419,81.5422058482284,44400870.9180248,72.2904873875185
"SP500","2017-10-27",81.9940876630357,83.0982849676928,81.3096337026151,82.4005127840907,85502123.7629293,73.1147548685136
"SP500","2017-10-30",82.2698840600996,82.9215249950515,81.553229238597,82.2001613202059,66831185.2596145,72.9543902902995
"SP500","2017-10-31",82.3331796799075,82.9612544929225,81.6825753569105,82.3479650045512,54003882.604194,73.1010405588026
"SP500","2017-11-01",82.7314001113042,83.2303080948529,81.9061990059037,82.4257347931105,61185929.5322319,73.1673541478602
"SP500","2017-11-02",82.3754914455675,83.1714759004299,81.558509443067,82.5298652900111,54821156.8554061,73.2485696686498
"SP500","2017-11-03",82.58107951436,83.2963828434948,81.9668789832856,82.8091430834104,57463554.9231066,73.5065140253219
"SP500","2017-11-06",82.7554358766363,83.4405362631274,82.2604091222423,82.9149625490415,51864757.7420959,73.6122255084888
"SP500","2017-11-07",82.6527405853289,83.1624479076057,81.7609448719086,82.3683205977554,50176779.3456934,73.07046398194
"SP500","2017-11-08",82.3078732610917,83.0091388376205,81.7997664515034,82.5680616572908,56898316.3476465,73.2507961195085
"SP500","2017-11-09",82.1089450111032,82.7661395067885,81.2244115054066,82.2237793906249,94406659.0442885,72.9681797001428
"SP500","2017-11-10",82.0494793660929,82.5641100456708,81.4869367036962,82.108297954909,110985999.325519,72.8837686783081
"SP500","2017-11-13",81.8244292788711,82.6495389933908,81.4675381003497,82.2290936563974,59618113.3882063,72.9947235548361
"SP500","2017-11-14",81.9356049625082,82.5794924676197,81.3852595600833,82.1263582795866,57668495.9664769,72.9124271581253
"SP500","2017-11-15",81.7125591404424,82.3154870572158,81.0393423137058,81.6612677164069,57612248.2996901,72.5277138592484
"SP500","2017-11-16",81.9854897039582,82.7244500836648,81.6388046328721,82.3087762691917,51736901.3977665,73.1368008603235
"SP500","2017-11-17",82.1853341621106,82.6770775327826,81.6274989776208,82.052704331703,58749057.7515584,72.9136474308748
"SP500","2017-11-20",82.1378091178408,82.6857845382954,81.7439994544999,82.2548385364468,45109608.3652004,73.0912547927477
"SP500","2017-11-21",82.5514218220806,83.3095420448599,82.2428569458665,82.9483905760648,48354215.7329839,73.7302326577831
"SP500","2017-11-22",83.0207835240842,83.3959872782009,82.4415466345572,82.8315281076027,43822464.6442038,73.6311708658371
"SP500","2017-11-24",82.9649505469587,83.449641119866,82.627259506774,83.070584714897,24041771.1098958,73.8529545255006
"SP500","2017-11-27",83.0870454723335,83.671787041816,82.6566807182209,83.162300382931,51069217.5951426,73.9516395745662
"SP500","2017-11-28",83.3568458294809,84.2163569387522,82.8111901915544,83.7898913975327,59466287.9922638,74.4856523456316
"SP500","2017-11-29",83.8332141790091,84.5789312343891,82.3521896616722,83.3096778727332,139054041.431839,73.9914455008645
"SP500","2017-11-30",83.6491795559738,84.6951172406626,83.0599272271568,84.0834132326333,90308454.5660637,74.6998770102892
"SP500","2017-12-01",83.9324407049047,84.5523056654077,82.4353070493379,83.8162386829832,87319501.2211763,74.44924397415
"SP500","2017-12-04",84.4179179830827,85.126924929334,82.8455905958112,83.3776033758024,121143070.899107,74.0093300225437
"SP500","2017-12-05",83.4104761007831,84.3664124640062,82.5790938972059,83.2443671926529,96052985.3984807,73.9110561053036
"SP500","2017-12-06",83.0746422535539,83.9948194615279,82.5178304828568,83.4072439384497,56226375.3067124,74.0816848746989
"SP500","2017-12-07",83.3835373025393,84.2569609642195,82.8949955488856,83.8007148768078,60866612.1267785,74.4634944499113
"SP500","2017-12-08",84.1905988860768,84.7664031203351,83.562663726486,84.2273998767085,53338940.160251,74.841541616975
"SP500","2017-12-11",84.262019232544,84.8595039386666,83.7559300843759,84.4064978623153,49267890.8594065,75.0016149496889
"SP500","2017-12-12",84.4830274261974,85.090196253204,83.896462027862,84.4800711117596,52295068.1599427,75.0592202127049
"SP500","2017-12-13",84.6138557177533,85.320556591502,84.123187115452,84.6045217029545,60215563.388832,75.1750373782914
"SP500","2017-12-14",84.7528124177906,85.3148796051742,83.958142191399,84.3128939673359,51051079.7217586,74.9419051121491
"SP500","2017-12-15",84.8312802936909,85.6094018059051,84.274218461507,85.1163508642709,83524834.8104235,75.6634541397123
"SP500","2017-12-18",85.5573890496545,86.2101057920046,85.0135845513223,85.5575737714277,56548829.4450198,76.0723278323014
"SP500","2017-12-19",85.6424897862306,85.9830049049418,84.7856942153998,85.227174361266,47704884.122586,75.7749803534512
"SP500","2017-12-20",85.5548651602435,85.8710868241731,84.6479872246412,85.0825710198166,40120207.7741918,75.6454630844269
"SP500","2017-12-21",85.2745481594905,85.8503769810572,84.7159279692446,85.1697896857151,38635526.5671537,75.7127402158735
"SP500","2017-12-22",85.211716594727,85.5456290067442,84.6205697588665,85.0822501787419,47600005.0860659,75.6249246267333
"SP500","2017-12-26",84.9212982600521,85.3858446118263,84.4540954266084,84.9232981656463,43093670.2120659,75.4733899336656
"SP500","2017-12-27",85.0074622657401,85.4406278223246,84.6399689481579,85.0854475155348,39283075.8320917,75.6258592591779
"SP500","2017-12-28",85.2494655552477,85.5859800176171,84.8347759495592,85.2987753911007,30501687.4256354,75.8294788586844
"SP500","2017-12-29",85.3669815545654,85.668655756506,84.6911890210897,84.7896692189613,37307838.3125244,75.365493872135
"SP500","2018-01-02",85.1719518192895,86.0964973656397,84.5025614684831,85.5623275371765,45806237.9660003,76.0944341526774
"SP500","2018-01-03",85.6690162847662,86.73515850266,85.2886008242078,86.3412408661603,90290097.7195583,76.8177825789485
"SP500","2018-01-04",86.637313691205,87.3856045368048,86.0320771022819,86.6376158249307,63456906.8447894,77.086514623672
"SP500","2018-01-05",86.994098917776,87.7041102439512,86.4257083585752,87.3544236960437,62383127.7065266,77.749568889927
"SP500","2018-01-08",87.3571999510872,88.1872552357987,86.8244279526629,87.683998119173,85464497.7600631,78.0617024797506
"SP500","2018-01-09",87.8911521365743,88.5206970155426,87.2658998783797,87.8707767823886,56014140.2116298,78.2341715037885
"SP500","2018-01-10",87.6221389812244,88.2026182924232,86.9374788612059,87.7348740063493,61533796.1818641,78.1224844937871
"SP500","2018-01-11",87.9590959671807,88.6715618904985,87.446060529217,88.3203192406012,47204402.9504046,78.6534485441177
"SP500","2018-01-12",88.3266436323337,89.3456900615968,87.8850099779344,88.9213623248344,49796820.2329805,79.1820432904258
"SP500","2018-01-16",89.4289069130026,90.1614430619303,88.186771888965,88.6728236733814,79922480.6260662,78.95137600164
"SP500","2018-01-17",89.1125693161956,90.0751020215861,88.3957173387637,89.6190801301085,65952988.3101174,79.7986245312901
"SP500","2018-01-18",89.6344585643278,90.2591431189156,88.8815827688437,89.467681828624,53228873.0492875,79.6759928143286
"SP500","2018-01-19",89.73888511854,90.3391063126531,89.0539131458058,89.8273821048872,70155854.5728153,79.996712220875
"SP500","2018-01-22",89.7426105311008,90.7466137044235,89.2212669928607,90.4824394473381,63225143.6556618,80.5894830090066
"SP500","2018-01-23",90.592712255533,91.4633077115181,89.9437885757476,90.8129759363728,61011024.3590601,80.9255603660063
"SP500","2018-01-24",91.1267095531535,91.7912483264193,90.0180802081748,90.6940366795992,75264997.6568439,80.8018070759141
"SP500","2018-01-25",91.048905418392,91.7207936212745,89.9557490760068,90.7676376341709,58144462.492872,80.8703637865396
"SP500","2018-01-26",91.0771312806748,92.0507315822728,90.3583596432287,91.7581025454368,65203766.1728222,81.7293351276483
"SP500","2018-01-29",91.6165835528239,92.3109882738566,90.5958932335098,91.0912351195489,64144706.9207191,81.1255182377673
"SP500","2018-01-30",90.3855140379266,91.2511211552822,89.316739230567,90.269746259853,72520399.5084755,80.426665298864
"SP500","2018-01-31",90.8086862294146,91.5973733578691,89.6391641644557,90.3709543370502,65403339.7419146,80.5369252435474
"SP500","2018-02-01",90.096499814607,91.4942311593089,89.2857550853896,90.3615334266958,74023281.1976178,80.5316691099752
"SP500","2018-02-02",89.7904665154231,90.4667717917151,88.0283289885275,88.3906515268556,103292617.807837,78.7748423295071
"SP500","2018-02-05",87.4752976920602,88.9329433204868,83.8420478991082,84.7983654507497,135570527.503622,75.5756017578623
"SP500","2018-02-06",83.3217290364526,86.9830464385684,82.4004395549157,86.5095314609267,132420593.267402,77.1426240942349
"SP500","2018-02-07",86.2716073101781,87.8062136614957,85.324020785282,85.9778842257608,94839423.8751546,76.6422561087829
"SP500","2018-02-08",86.1349940616723,86.5621350721319,82.427497064638,82.5300822431992,125994958.296705,73.5395187619787
"SP500","2018-02-09",83.3804897782449,84.8488429647291,80.6823757780748,83.8266305934529,178039365.514522,74.7167335799704
"SP500","2018-02-12",84.5301949074593,85.7830475565149,83.5028660478611,84.9717336918127,117544945.948906,75.7529645956088
"SP500","2018-02-13",84.5635076951607,85.6713700619949,83.9262965723258,85.1781249358185,70183073.4547766,75.9343876283072
"SP500","2018-02-14",84.676960160198,86.7800084685238,84.3034671571913,86.4553786470388,83632041.8193602,77.1427253991091
"SP500","2018-02-15",87.1105767806568,87.9907779124699,85.9350646257139,87.5740296589788,82334680.2978078,78.179785562981
"SP500","2018-02-16",87.3871659459105,88.6585116362383,86.8701938370597,87.5874479683389,74396523.879487,78.1871615598787
"SP500","2018-02-20",87.2191624245051,88.3609082271073,86.5451352593568,87.2621945181495,77758451.7595202,77.9288231423177
"SP500","2018-02-21",87.464659683587,88.6379211713124,86.6406093148992,86.8669151016114,93675611.7852178,77.5928489710018
"SP500","2018-02-22",87.2334623972929,88.1197538767067,86.4518378518116,86.988821307454,62856222.3845533,77.7018566621749
"SP500","2018-02-23",87.5105993165714,88.5243003728754,86.9362079366108,88.342560251888,53438299.0342205,78.9160846430584
"SP500","2018-02-26",88.7505911130479,89.7276595360674,88.1939854019439,89.3890286334564,60340862.7965181,79.8644578011475
"SP500","2018-02-27",89.3527139520763,89.9805572875488,88.0508021920227,88.270254505227,59865781.6927548,78.8732064502089
"SP500","2018-02-28",88.9613152001157,89.685792835686,87.4267566779209,87.6582687412019,65838837.3297497,78.3828718288749
"SP500","2018-03-01",87.7292015516282,88.4294591579312,85.5985423219023,86.4304049510435,111262822.706258,77.275702371874
"SP500","2018-03-02",85.6113840197186,87.1355088637141,84.9403582933257,86.8143101090462,97057546.7096857,77.6323712126399
"SP500","2018-03-05",86.298295689276,88.2481538585528,85.8731645454934,87.8208739863837,69292345.2968649,78.5383471967238
"SP500","2018-03-06",88.2096825799215,88.7807395156183,87.2312319745992,88.0934048974914,68699247.0888028,78.8059595111267
"SP500","2018-03-07",87.2940383174057,88.6923328919869,86.8342870720975,88.3220055231441,67412170.4222327,79.0554917682381
"SP500","2018-03-08",88.5580598686708,89.2536195855408,87.7782803356534,88.7289940985427,50871884.3871756,79.4323146919116
"SP500","2018-03-09",89.3296189272415,90.5744489740173,88.839011223476,90.3575511336181,63206417.4053547,80.9036253227384
"SP500","2018-03-12",90.5377692623861,91.2439949904727,89.7457327545567,90.3500847037072,72446378.1688979,80.9211596537243
"SP500","2018-03-13",90.7175163194075,91.3177919143183,89.1910098420756,89.6503130939242,74607803.6180852,80.2656659499257
"SP500","2018-03-14",90.0268124097508,90.4419171314819,88.6759256230398,89.255100621008,61807837.3042905,79.9442559948711
"SP500","2018-03-15",89.3936908895393,90.1056546832686,88.6447134150398,89.3114183229709,50942732.1822444,79.995389743699
"SP500","2018-03-16",89.4852569449796,90.2108983651295,88.8135179457137,89.4568223934196,63741034.1713069,80.1183501486523
"SP500","2018-03-19",88.8810931103804,89.263053444267,87.1547399700415,88.0297101612582,84113196.7018978,78.8148292318467
"SP500","2018-03-20",88.0565509802248,88.9634157827683,87.3980752321991,88.1965768634266,64922729.6258205,78.9658196106893
"SP500","2018-03-21",88.1219727918509,89.2515480856886,87.3976820934188,88.058012949872,60475828.4600814,78.845905494637
"SP500","2018-03-22",87.148578582644,87.8760499287549,85.4441959116032,85.7177819749437,73485072.41204,76.7547608032708
"SP500","2018-03-23",85.8751072612468,86.5649059349021,83.7217754209303,83.9125680641008,88694652.0619254,75.115238692097
"SP500","2018-03-26",85.3482152582673,86.6523888881838,84.0548865000784,86.3246525024239,79400082.1257612,77.3020739408146
"SP500","2018-03-27",86.6089215196355,87.2906315709077,83.7455031995005,84.4612239107425,141936732.892423,75.5618974652595
"SP500","2018-03-28",84.3913759039313,85.4383049240442,83.1501404099482,84.1207660515516,114104926.704143,75.2343209602976
"SP500","2018-03-29",84.5452150796215,86.2338542874757,83.7665628408652,85.3321024915216,107193601.989708,76.3466079279727
"SP500","2018-04-02",84.9993471057845,85.4966979998305,82.351023590785,83.4148242553493,106314153.619215,74.6163466431077
"SP500","2018-04-03",83.954729427092,84.9063616675314,82.843838899932,84.4842039632301,83318897.4775035,75.5723511833096
"SP500","2018-04-04",82.981662574293,85.7267957179298,82.6003643491771,85.4515789360321,91681523.6503574,76.4400840728135
"SP500","2018-04-05",86.0839097074762,86.8644573775645,85.2183019695038,86.0954646619812,80561284.8683786,77.0379983946915
"SP500","2018-04-06",85.3184890709851,86.1153498904741,83.4640116871347,84.0934603565904,78866006.327107,75.2323202439344
"SP500","2018-04-09",84.7016396315366,86.0053062573155,83.9959946223841,84.373727200609,61667427.2073622,75.4892694205926
"SP500","2018-04-10",85.4998703546305,86.526872766775,84.7721085951579,85.9149255994497,82088993.8922334,76.8941137343229
"SP500","2018-04-11",85.3839575347949,86.3807072347364,84.8419126250736,85.4053564456547,55143840.461823,76.4336129178042
"SP500","2018-04-12",85.8938236267576,86.8706647279873,85.3615623696243,86.0838871763616,65185796.5557649,77.0579925692127
"SP500","2018-04-13",86.6339055070434,86.9792657870172,85.3073758057627,85.8493013079052,59029809.479974,76.8410652660433
"SP500","2018-04-16",86.45983563191,87.191473580012,85.7665041249961,86.533567957232,45367991.2013526,77.4454989844012
"SP500","2018-04-17",87.2002403528669,88.3211058116898,86.631967336754,87.7486572264333,58795202.739052,78.5922376409136
"SP500","2018-04-18",87.8922978678735,88.6078034367918,87.1968584629315,87.8897858482372,49945436.7185651,78.7374050854648
"SP500","2018-04-19",87.679927408482,88.3730000376942,86.6373429039998,87.4556842248257,62148410.7089042,78.3789217586302
"SP500","2018-04-20",87.4750628889017,87.8848961112923,86.1552142029429,86.6686712031338,63103312.4706301,77.6682842407207
"SP500","2018-04-23",86.9282264800367,87.4735187346532,85.9496474527864,86.5731597615995,57109204.3227581,77.5688189457114
"SP500","2018-04-24",86.9421120351468,87.4788094082062,84.2186209694152,85.0119633831645,63734777.2141004,76.1270529822509
"SP500","2018-04-25",85.0134469844302,85.8316732852823,83.6881710485073,85.1299754781382,70440601.0350565,76.2319122230496
"SP500","2018-04-26",85.9048220528395,87.1860347590041,85.0911665563505,86.4745710044858,57420398.9127861,77.4912619423991
"SP500","2018-04-27",86.965974148043,87.676568322918,85.7265592094506,86.6331452236296,61194880.1235473,77.63919598054
"SP500","2018-04-30",86.8599161815894,87.579069683568,85.647466104617,86.0230330119226,52246085.9055114,77.1000671560363
"SP500","2018-05-01",85.8586175396481,86.7487932773046,84.8535447472875,86.2864076567485,48018458.8900958,77.3731682311698
"SP500","2018-05-02",86.2482907412352,87.0572698763263,85.2967086425715,85.7873033946907,54021077.7838067,76.9380108058541
"SP500","2018-05-03",85.4286633329103,86.3344309829034,84.1907233486889,85.683132162084,61627948.5773755,76.8593416565998
"SP500","2018-05-04",85.3360353300806,87.1974068680615,84.9079684255283,86.7916068804546,59756694.8840306,77.8749790135762
"SP500","2018-05-07",87.0860847242868,87.9422887032199,86.503802647686,87.1804124202094,77246048.4442452,78.2438466957612
"SP500","2018-05-08",87.0428746374027,87.7809309228924,86.3298277449163,87.1937499200271,58318750.5040329,78.2496772488251
"SP500","2018-05-09",87.4851411969389,88.4985249177088,86.8279407601337,88.1136782070738,66065301.7620888,79.0915589584745
"SP500","2018-05-10",88.0854466952367,89.075897093488,87.6754851892799,88.6632066271482,94448954.8470904,79.5760928506343
"SP500","2018-05-11",88.6548824175986,89.4503794458583,88.0807144764739,88.8223881490359,108782468.856103,79.734364169871
"SP500","2018-05-14",89.0446498591176,89.6070782741479,88.3907749467456,88.8479486416302,57050991.2431612,79.7540009958556
"SP500","2018-05-15",88.3093477565182,88.7693849305096,87.3577906552968,88.0776985214552,93656351.224166,79.0493658327685
"SP500","2018-05-16",88.113928055108,88.8661752497352,87.6595653208031,88.339029116637,58079306.454541,79.3208466548651
"SP500","2018-05-17",88.2268853567576,88.9377904424651,87.6505995186685,88.2853821644432,54764446.8546983,79.2887701934218
"SP500","2018-05-18",88.2117342545208,88.7997054528911,87.6173793343588,88.1427126374757,53799365.4007812,79.1610239288562
"SP500","2018-05-21",88.7506691703942,89.4793540749438,88.2527520904468,88.8994984023889,65606268.0934497,79.845735993903
"SP500","2018-05-22",89.1448789057155,89.6382801660222,88.1852322769179,88.502932925234,54950625.235356,79.4842041232382
"SP500","2018-05-23",88.0377185181893,89.1920892762342,87.5189784951677,88.9321129320948,51439785.7273341,79.8866008424075
"SP500","2018-05-24",88.8539832243463,89.3341457762217,87.910437328809,88.8191552853896,51501000.4208055,79.7998242891747
"SP500","2018-05-25",88.6512628729253,89.3085381798045,88.1278682987448,88.7076250930097,37160604.5960161,79.7287423838019
"SP500","2018-05-29",88.1229591836773,88.7977595633068,87.0368744633845,87.7933320475447,48037511.4235975,78.9262639277237
"SP500","2018-05-30",88.2644477270718,89.2794855647654,87.7852000671397,88.8803086383597,47719021.4917679,79.8966757037373
"SP500","2018-05-31",88.7840434371892,89.4456645407477,87.8774300721771,88.4121258614734,62702594.3152092,79.5188565715129
"SP500","2018-06-01",88.9625301322123,89.8647143079263,88.5181991206033,89.4151259374394,52671338.2452047,80.4508004463103
"SP500","2018-06-04",89.6526094361498,90.415671185851,89.1097386336739,89.8500121584885,68691938.7033297,80.8534201344182
"SP500","2018-06-05",89.9368338364478,90.5299914716706,89.3275211416527,89.9836228078028,49583645.762009,80.9956792961931
"SP500","2018-06-06",90.1874151281965,91.0140739958303,89.5325457325921,90.7344250254388,52474405.2917166,81.6732439361488
"SP500","2018-06-07",90.8616645186433,91.3861718279898,89.7650754258808,90.4976151829753,51190519.8237787,81.4282797939009
"SP500","2018-06-08",90.3092029215772,91.1106058475318,89.8198264893956,90.8055939382161,48249442.5319637,81.7066161022402
"SP500","2018-06-11",90.8386186119325,91.5460217869613,90.2981287283559,90.8621602129897,38550070.9867289,81.7642249962465
"SP500","2018-06-12",91.0277138784019,91.5719998989046,90.3983902512092,91.059729691671,44439009.4789729,81.9641578420202
"SP500","2018-06-13",91.1940700741782,91.743340933031,90.2894493049026,90.6207947482025,47727824.7875729,81.5816781688321
"SP500","2018-06-14",90.9685123908993,91.6264208902917,90.2390066214627,90.9180414639576,54410237.4731515,81.8869626897085
"SP500","2018-06-15",90.6857487356667,91.3377774639609,89.8566831438979,90.8239508240055,72196228.1613684,81.8074265073332
"SP500","2018-06-18",90.2472188468313,91.2203007125759,89.6929531657961,90.7999090567829,46769549.3236121,81.8105793603919
"SP500","2018-06-19",89.8907657255881,90.8027783234077,89.2454228587009,90.3310117687359,71823772.6030426,81.389395713429
"SP500","2018-06-20",90.6469241664391,91.3885196792745,90.0165222713536,90.603850331897,49849512.8138903,81.6562906644948
"SP500","2018-06-21",90.6346489937384,91.0896870637373,89.4614093097198,90.0072977930406,50170187.8856809,81.1157072397743
"SP500","2018-06-22",90.3671312589148,90.8453892201857,89.3758008857436,89.9323181599223,57940047.4539794,81.022194344611
"SP500","2018-06-25",89.4459348817957,89.8263282767657,87.6013971853267,88.4912375143747,79192522.8950219,79.6755024265699
"SP500","2018-06-26",88.7375561963247,89.5075459472174,88.075213946126,88.7278557980562,58007724.0900038,79.9061900997746
"SP500","2018-06-27",88.9999662216482,89.7835561751963,87.6747980160366,87.8267310772163,57248144.334784,79.066106073891
"SP500","2018-06-28",87.7893920846961,88.9240855927438,87.1513609332559,88.4310943369138,45261261.1987797,79.6365619801736
"SP500","2018-06-29",88.8826621757618,89.6658385044617,88.1152739494944,88.460345222165,51076306.7748066,79.6625940521076
"SP500","2018-07-02",87.9257705448754,89.1591858058677,87.3418181535271,88.901228867964,47271789.4820036,80.0903040368218
"SP500","2018-07-03",89.1635139479767,89.6434859554296,88.0434480100801,88.3461950361198,30973353.0910376,79.5609322038329
"SP500","2018-07-05",88.9042592102403,89.5466636422128,88.1952517570746,89.1847384234328,42507331.7467906,80.3424426972136
"SP500","2018-07-06",89.2002216115482,90.3094799742538,88.7770784732917,89.9354082252427,38817548.7647095,81.0440364819969
"SP500","2018-07-09",90.3757430032579,91.23011518141,89.8136357346074,90.8050497885433,40261181.8523242,81.8390001055965
"SP500","2018-07-10",90.908067336633,91.5282469497003,90.3338979191548,90.9941615997278,43533222.7748925,82.0554250492198
"SP500","2018-07-11",90.364629721981,91.1417304958757,89.7751604038009,90.413835041228,44836800.3734625,81.5543377532277
"SP500","2018-07-12",90.850659776037,91.6965237525599,90.2698500952911,91.3427237837522,55024269.2788799,82.434232971837
"SP500","2018-07-13",91.3417572869571,92.0537742140668,90.7410353595982,91.5037705161164,39374730.5200292,82.5811820103399
"SP500","2018-07-16",91.497630860953,92.0235815223162,90.7555773417135,91.3041844179253,36270700.4908631,82.3983698697694
"SP500","2018-07-17",90.960770323197,92.2844709032798,90.5476359757378,91.8142346053678,52200398.9060632,82.8824017901562
"SP500","2018-07-18",91.9383028096888,92.6823766840212,91.2554346449424,92.1168831753009,41921227.0930524,83.163859794238
"SP500","2018-07-19",91.8194929189449,92.5632040500746,91.0772923805822,91.7439969259452,39680458.2894435,82.8299917804282
"SP500","2018-07-20",91.764227631287,92.4675150452829,91.0864095017338,91.6769656639605,38566196.2003386,82.76435382023
"SP500","2018-07-23",91.5678037537012,92.3245366360432,90.8596136168613,91.7782629710095,45034342.1843736,82.8582414807942
"SP500","2018-07-24",92.4806003397428,93.2909631815512,91.5097154015677,92.3149238436523,52065060.3761441,83.3468072395193
"SP500","2018-07-25",92.2886131837551,93.6944353186182,91.680415496601,93.3666431587785,46747240.5152746,84.314807918073
"SP500","2018-07-26",92.3366569205237,93.3303258662884,91.4299280464343,92.3567217987824,54592405.0237463,83.2966543159958
"SP500","2018-07-27",92.7777294007203,93.3137258662474,90.8954199515233,91.708135101123,51028907.668925,82.6872883672202
"SP500","2018-07-30",91.693796315985,92.2813982078842,90.0912423297476,90.7485629465652,51741658.6479278,81.7614827455107
"SP500","2018-07-31",91.094771963613,92.0603490210923,90.2740151010406,91.2764970008555,49897271.4065583,82.2361115640951
"SP500","2018-08-01",91.4776657058585,92.2035758406307,90.4894199405652,91.1980716865471,55298707.02457,82.1970174932894
"SP500","2018-08-02",90.6713123316386,92.2879365490921,90.1611440056455,91.8977972910186,56082329.0062213,82.8825740990141
"SP500","2018-08-03",91.9868009095789,92.6747502783669,91.2780211574726,92.209442322714,38999265.7746971,83.1484219463889
"SP500","2018-08-06",92.2129260058922,93.2069471150307,91.7348069564976,92.7786923637196,35601399.7727999,83.707783557242
"SP500","2018-08-07",93.0758971902326,93.8975662604825,92.5024291776693,93.1537857113738,46111904.2604593,84.0598411334243
"SP500","2018-08-08",93.1070557695988,93.7167149192696,92.4358739706148,93.0542901385945,42566648.4427034,83.9792730606441
"SP500","2018-08-09",92.7769945952522,93.4453383093004,92.083201866754,92.600536592248,36903052.779677,83.5722114928857
"SP500","2018-08-10",92.0509837110065,92.5886984023523,91.3010658248766,91.8699535459634,39876250.9182128,82.925572114029
"SP500","2018-08-13",91.9827454570572,92.597689585442,91.1454557442173,91.4912123587837,49776609.1601836,82.5823338289588
"SP500","2018-08-14",91.7509291791125,92.5246985417464,91.1676034381527,91.974399461464,53266857.4288718,83.0358883572569
"SP500","2018-08-15",91.4164313028715,92.1041402425096,90.2742750150523,91.3172541629828,71187638.4353037,82.4457509638338
"SP500","2018-08-16",91.8724480418951,92.6340099988987,91.0862851712245,91.7857313391332,82448575.7119328,82.85079366261
"SP500","2018-08-17",91.663083414907,92.4858545026611,91.0087635311549,92.0030407266435,112963734.611202,83.032225134753
"SP500","2018-08-20",92.1558713178922,92.826762342514,91.5085849189867,92.1809934307985,87906722.7253219,83.1912667794719
"SP500","2018-08-21",92.3810617348511,93.1719433312046,91.8451727116292,92.4645072495536,72454847.9430285,83.4704696902046
"SP500","2018-08-22",92.3521257912433,93.1438406908743,91.8585319985594,92.5391773957192,72528111.3672864,83.56157585166
"SP500","2018-08-23",92.4859133066995,93.1329566887036,91.9729374115599,92.3849199724349,71130907.8839416,83.4320800567386
"SP500","2018-08-24",92.6311519680985,93.36155223714,92.2735229241638,93.0144210972008,56029118.2340749,84.0191087853156
"SP500","2018-08-27",93.4630133950428,94.3327383875882,93.0152615663906,93.8842104354749,60006490.1091788,84.829692526902
"SP500","2018-08-28",94.1111766183534,94.5072484781274,93.4382857267141,93.8912608919674,54748449.9870995,84.8377782251866
"SP500","2018-08-29",94.0120579726834,94.839527590296,93.5538544687918,94.4667587556709,53907860.3769026,85.3947262159628
"SP500","2018-08-30",94.2758701481302,94.9887607934952,93.6412626720096,94.1512974027661,54870722.8587733,85.1348014678252
"SP500","2018-08-31",93.9904450314092,94.6795561906202,93.5315860569636,94.1994053459622,48223716.5977968,85.189680250792
"SP500","2018-09-04",93.9757247957597,94.6148521804968,93.085553987445,93.9825017094718,53362941.2350865,84.9893911786826
"SP500","2018-09-05",93.7844000956229,94.505201138784,92.5778359419002,93.4446147882656,58886194.6015084,84.4387608810334
"SP500","2018-09-06",93.3982725092057,94.08312326372,92.2281155089452,93.1484403736544,53023285.2401723,84.1823580466828
"SP500","2018-09-07",92.738393343789,93.7823352230382,92.1765065821869,93.0079628530258,53595512.3507227,84.0574882018679
"SP500","2018-09-10",93.4438672226239,94.0731690477629,92.5974862648609,93.2092244767431,43626638.8664278,84.2344005421991
"SP500","2018-09-11",92.9368804818066,94.1019492771373,92.3865885956201,93.61937590119,43853513.7980461,84.6355295546886
"SP500","2018-09-12",93.5155053533874,94.2815371602161,92.6854488725109,93.5633627894251,61389480.6377219,84.5716640443877
"SP500","2018-09-13",93.9380017494084,94.8186745199821,93.3062220428219,94.1183269919175,49905711.4416571,85.0879582686411
"SP500","2018-09-14",94.2277325159549,94.9012958281891,93.4557736507297,94.2442615927585,50567888.7078043,85.2135514403868
"SP500","2018-09-17",94.2058416047086,94.671085039802,93.0658892730897,93.5436262526458,41340688.4483985,84.5329582635257
"SP500","2018-09-18",93.5921463543711,94.7707935707387,93.1145701920648,94.1204564330637,48591648.0274426,85.0744494322518
"SP500","2018-09-19",94.1861958462781,95.0663054251326,93.2988308515042,94.2905618899066,38679188.4117049,85.2244672408668
"SP500","2018-09-20",94.7682619078677,95.5997233238138,94.180493131329,95.0408171477877,53609282.8752948,85.911823087482
"SP500","2018-09-21",95.3172444374367,95.8779288532754,94.4117698954669,94.940430301362,87921030.0705502,85.7901337620135
"SP500","2018-09-24",94.5623339286704,95.512680991505,93.6380933128121,94.7434321138959,43804359.5892087,85.6462760735789
"SP500","2018-09-25",94.8367095868948,95.486854612859,94.0664230360959,94.7187695911909,41618663.8625507,85.6496238131646
"SP500","2018-09-26",94.7675284559272,95.6001513649178,94.0705639293792,94.5019534925267,41633664.4824976,85.4708438346866
"SP500","2018-09-27",94.7858972228547,95.6281781161256,94.2902815248652,94.9051321361134,38172980.4057878,85.8680518768223
"SP500","2018-09-28",94.702402376577,95.4392453217601,94.0296483948701,94.715111599133,81630488.8203079,85.6830580342814
"SP500","2018-10-01",95.2723531759452,96.0405851937832,94.5797021112955,95.1213830785265,70568189.8426302,86.046852042539
"SP500","2018-10-02",95.0096114411246,95.7559399526856,94.2601125600784,94.9470563562382,52572809.3626241,85.8584291704242
"SP500","2018-10-03",95.3072949240324,95.9928094975554,94.4573464987401,95.0216883562533,46469851.1896957,85.9321772107065
"SP500","2018-10-04",94.8080190392238,95.3166587577722,93.1896845272906,94.031711426447,56935106.5530667,85.0043582800433
"SP500","2018-10-05",94.0481950625541,94.6782750608628,92.5608957851453,93.3771202430381,60934128.321642,84.3947133903278
"SP500","2018-10-08",93.0203421435561,94.0315131013795,91.8929605970877,93.1864386775811,58419317.455616,84.1885949563496
"SP500","2018-10-09",93.0846625101177,94.0313626077606,92.2785498274579,93.0240243659382,44170175.9127309,84.0549891120459
"SP500","2018-10-10",92.7337875765169,93.1525323655446,89.4999466516583,89.6726448034161,90663124.6231871,80.9573575705323
"SP500","2018-10-11",89.2591566589294,90.5678684371284,87.2219748023337,88.0479354067171,98403081.8528235,79.538117260215
"SP500","2018-10-12",89.7627812353656,90.5358738062257,87.9810887069434,89.4657737446598,78965389.5827338,80.883748892114
"SP500","2018-10-15",89.3423562515459,90.1223437471444,88.3426951850525,88.8917013859884,58378034.0159005,80.336803490317
"SP500","2018-10-16",89.6010740700157,91.1977110795678,89.001629240095,90.8843387824314,57063160.5685029,82.1797217675636
"SP500","2018-10-17",90.930217878094,91.6752912766149,89.6728826296976,90.8267137533133,48878408.9501891,82.1309416194206
"SP500","2018-10-18",90.5237523475381,91.0697278757015,88.600676039011,89.3539391014059,66046065.8933999,80.7623151354825
"SP500","2018-10-19",89.5895412076847,90.6479499442172,88.5859618569206,89.202901103899,73438138.8461292,80.6131914896116
"SP500","2018-10-22",89.5153423506554,90.2966867982174,88.2780530419297,89.0527284107462,50466328.4319353,80.5218824977485
"SP500","2018-10-23",87.5199185850775,89.2164996045156,86.4215378833962,88.5261334302929,80830239.5368085,80.0553634706444
"SP500","2018-10-24",88.5001246169349,89.2931110865728,85.1995809503507,85.5714184540854,104182234.231645,77.3159802289657
"SP500","2018-10-25",86.365560608436,88.3556579289824,85.4514785962419,87.4449811497886,108586477.88486,79.0777791630366
"SP500","2018-10-26",85.8584297502834,87.4506724990406,84.461787395899,85.8522881855203,99895910.5609889,77.6066903736298
"SP500","2018-10-29",86.9182260592473,87.8732193304876,83.5966119924479,85.0052638434201,99668294.1359858,76.7795598861485
"SP500","2018-10-30",84.8907021565843,86.905347251884,83.9725709327543,86.3127494548436,99177782.7090598,77.958673255346
"SP500","2018-10-31",87.4586814608196,89.0147006689177,86.6003969993484,87.654732688565,91656174.6206061,79.2457027154573
"SP500","2018-11-01",87.9276100149454,89.2655136793213,86.9953239053187,88.5881686743437,78440463.8802913,80.1035596839851
"SP500","2018-11-02",88.8917675519016,89.6666769058893,87.07792252845,88.0302312328551,78379676.4105399,79.5831550431779
"SP500","2018-11-05",88.260693390993,89.1934666664804,87.1968950398303,88.4932792766113,62994133.6471978,79.9656466703792
"SP500","2018-11-06",88.7000760949044,89.9626678507072,88.0924034791619,89.2316140925663,45052193.8633296,80.6488619309178
"SP500","2018-11-07",90.074282375333,91.7306558871012,89.3481972300947,91.3463854224213,64933163.9560939,82.5986866739605
"SP500","2018-11-08",91.0690251161072,91.9948580913971,90.138495573308,91.0472929550601,61574255.4594748,82.3524927357109
"SP500","2018-11-09",90.5484174693253,91.174248809274,89.1780574945048,90.0917465162956,56478845.0207291,81.4609412386724
"SP500","2018-11-12",89.7880750562216,90.2988946259089,87.6873113687202,88.1287819239164,77947518.5002441,79.6422902728909
"SP500","2018-11-13",88.3314058041173,89.5679864025172,87.4382620320564,88.128725278506,76922341.2577784,79.663473641093
"SP500","2018-11-14",88.8765967400655,89.4626362433875,86.8109740576099,87.4822207822109,73629460.4209024,79.1062761072827
"SP500","2018-11-15",87.0413186611499,88.8400837548547,86.0188582895562,88.4035610259529,95358369.4164529,79.968294787618
"SP500","2018-11-16",87.809072704433,89.1732214513531,87.139691304993,88.4879254981219,175387769.784134,80.0060947835064
"SP500","2018-11-19",88.2589769228844,88.8786847672511,85.9038562408665,86.5534482271657,159618190.300698,78.1606535580509
"SP500","2018-11-20",85.034218731524,86.5976929138732,83.646803010527,85.0928991399196,170733141.158295,76.8556085630927
"SP500","2018-11-21",85.8293036946509,86.7590023468163,84.8889216833122,85.4566270209242,99990960.5528544,77.2214684641406
"SP500","2018-11-23",84.8214043722514,85.8724399742977,84.2616993371092,84.930197262879,44999567.7132398,76.74255088242
"SP500","2018-11-26",85.7993140510816,87.0008015016081,85.0940539446446,86.4268990620914,90428215.6541718,78.1442515507621
"SP500","2018-11-27",86.0237730994065,87.1450400542414,85.3700947184649,86.6709040867527,82527516.5040275,78.3600708388851
"SP500","2018-11-28",87.1511118010583,89.159205473794,86.3466228997403,88.9419617510219,93097578.1662352,80.4756775330723
"SP500","2018-11-29",88.6414668787394,89.6393102494285,87.8571072361876,88.7525230830153,67587569.6776183,80.3092954081052
"SP500","2018-11-30",88.7344201063473,89.9181439990524,88.0039234102979,89.5095988188634,85176083.8414648,81.0049444161773
"SP500","2018-12-03",90.9382921653194,91.7052619644023,89.5946888263541,90.6626645576075,98121971.7293745,82.0922443387081
"SP500","2018-12-04",90.3732007833259,91.0401600133963,87.3026137936519,87.6525447994302,94909944.6037672,79.3342446945063
"SP500","2018-12-06",86.1300002438658,87.9956790382198,84.8300916668586,87.7481001629458,87952056.4550161,79.464386405962
"SP500","2018-12-07",87.5782392411389,88.4832828984574,85.0663137809469,85.5683021787268,85135937.9396092,77.4551516863527
"SP500","2018-12-10",85.4955615954663,86.6786690961324,83.9351363512101,85.9596646303559,83205858.075806,77.8346750778931
"SP500","2018-12-11",87.1730569184816,87.8019536630838,85.329266796918,86.0301424501792,81131923.38654,77.9056997784289
"SP500","2018-12-12",87.1664291969954,88.1589674302722,86.2079854592167,86.5997210531401,76920148.4147103,78.4469382408439
"SP500","2018-12-13",86.9483186351327,87.6610999375679,85.8140543205373,86.5642129277491,60332148.2355176,78.4140124426486
"SP500","2018-12-14",85.6479054974638,86.4928073240746,84.235772087074,84.7577067424109,65426963.9457494,76.7725189928076
"SP500","2018-12-17",84.3092828940471,85.1324109619898,82.1296651376342,82.8450968712118,85067675.7777306,75.02972227175
"SP500","2018-12-18",83.4952287097141,84.5835149754654,82.224562572066,83.143967175558,72102289.0444446,75.355036084125
"SP500","2018-12-19",83.1605046411294,84.7941063873237,80.9088707241348,81.7408102187895,96113201.9129594,74.0604685384917
"SP500","2018-12-20",81.2698644525405,82.3272124655085,79.3453896814859,80.488368840439,102526342.994779,72.9178213673105
"SP500","2018-12-21",80.3667430702186,81.8687006464855,78.1026751789811,78.601219195103,130463144.887903,71.1508201419098
"SP500","2018-12-24",77.9698391429984,78.980104472611,76.2861759058394,76.6402248143962,61641146.9373908,69.4041464810696
"SP500","2018-12-26",77.1880692511725,80.7542656903629,76.4080231198183,80.691865004978,92059657.5215407,73.1329542143313
"SP500","2018-12-27",79.643929704781,81.5088539056514,78.2524526082821,81.4274889700108,84895601.9777608,73.79485392655
"SP500","2018-12-28",81.8882609565477,82.6995478191469,80.6331812183042,81.3557335841848,78647238.9107164,73.7379647937884
"SP500","2018-12-31",81.9509212253745,82.6665537314157,81.0265659826572,82.0448287429852,61100002.3754945,74.3647314210471
"SP500","2019-01-02",80.7356763548657,82.6867738465248,80.1110358059071,82.0591639577097,67836455.6588822,74.3885299936511
"SP500","2019-01-03",81.2392553627338,81.8514542851387,79.2728506850586,79.6361531587489,97868323.7677029,72.1582997102453
"SP500","2019-01-04",80.8375592694485,82.9501401012155,80.377665358494,82.4529385802612,82233297.1388249,74.7440797579584
"SP500","2019-01-07",82.5379592268245,83.7934569148573,81.8225568860726,83.0096133673031,88532746.8291834,75.2681275921932
"SP500","2019-01-08",83.8188486328197,84.6216399573106,82.529972694803,83.7640905299369,89838948.9900453,75.9580836959118
"SP500","2019-01-09",83.9915991401379,84.9810450961099,83.2172031809756,84.1555355585682,76071308.7545786,76.3350098744589
"SP500","2019-01-10",83.6563714062141,84.9163192052888,83.0571497058409,84.6389329712897,65390183.7745934,76.7730645241131
"SP500","2019-01-11",84.183401588418,84.9503288615482,83.556367211648,84.512912206395,87301787.4896433,76.6491321856408
"SP500","2019-01-14",83.7636707506997,84.7913828041075,83.1946343820587,84.0991911108945,78922462.509908,76.2790378164505
"SP500","2019-01-15",84.1936262444996,85.5395727367088,83.661727674322,85.0910895025528,71441956.9289712,77.2099783795473
"SP500","2019-01-16",85.265708705291,86.0982708873088,84.6670636548738,85.2628118134783,60153279.2971468,77.3600158500025
"SP500","2019-01-17",84.9613379519666,86.4770641574567,84.6033855862276,86.0079248922376,59737091.5511267,78.0490026751585
"SP500","2019-01-18",86.6938156872784,87.6819840111343,85.9028885137104,87.1027249515808,82853488.0741225,79.0375566172101
"SP500","2019-01-22",86.5125018227609,87.0783565389474,85.0001178623484,85.7445686403499,77997839.3891321,77.780695793477
"SP500","2019-01-23",86.1468774716825,86.8116411614394,84.8745619207669,85.9257471552006,67809971.0696432,77.9391129387936
"SP500","2019-01-24",85.9417900919488,86.8434131687365,85.0886445960544,86.1761795637791,76308400.1826026,78.1890292689266
"SP500","2019-01-25",86.8955648974242,87.7267963956033,86.1068586436511,86.9571866572614,112262702.764428,78.9221629988443
"SP500","2019-01-28",86.0842473183083,86.8178121175812,85.1750263169413,86.2393463083017,210964222.328609,78.2547713952809
"SP500","2019-01-29",86.3224066859749,87.0162251393564,85.3109291034911,86.118852742723,111613536.504111,78.1075704253846
"SP500","2019-01-30",86.8720003245855,88.2776216895441,86.1737651357494,87.7540786694574,109498916.945899,79.6555176966703
"SP500","2019-01-31",88.0038973879315,89.5869763697895,87.3892719057637,88.7920575311267,101113815.199178,80.6418488260023
"SP500","2019-02-01",88.7150458280254,89.7197908818374,87.9257309341916,88.779173279676,77073664.0948544,80.6199012167265
"SP500","2019-02-04",88.7953714978271,89.8427125454046,88.0862349203683,89.5492706090597,65166614.0195508,81.341781994348
"SP500","2019-02-05",89.7928451126236,90.659548951503,89.1844016963486,90.1172194357528,67667469.8782345,81.8801190941102
"SP500","2019-02-06",90.0465167029676,90.6851619981652,89.1270430389771,89.828529616942,73836512.145295,81.599724118195
"SP500","2019-02-07",89.2106601747227,89.7905983410621,87.990815299503,88.9362423466582,72008450.869906,80.7834881193839
"SP500","2019-02-08",88.412736914055,89.3783821267469,87.7400661230002,89.0123615033874,54937539.7382336,80.8701015908367
"SP500","2019-02-11",89.265811274846,89.8162601180163,88.5369905785231,89.0678765109024,54505112.0076748,80.9248900090513
"SP500","2019-02-12",89.6518638952705,90.7344081321189,89.167980306031,90.2823134887041,64682964.6591803,82.0414316278909
"SP500","2019-02-13",90.5275610455511,91.2534640434826,89.9376452114103,90.4930129992584,63780395.3881507,82.2219636742183
"SP500","2019-02-14",90.0879677214656,90.9468108352819,89.4421548901453,90.3331548636744,80668993.9433469,82.1123262975304
"SP500","2019-02-15",91.0397666507647,91.7232564330778,90.3007680416707,91.2854434509527,134254960.577899,82.9570011486537
"SP500","2019-02-19",90.9913178220166,91.9236020286239,90.5891857401932,91.3362658834978,58436087.3983921,83.0068849122806
"SP500","2019-02-20",91.3544276167478,92.0374470029363,90.6806137771357,91.4716471214914,60529082.3436143,83.1417872627183
"SP500","2019-02-21",91.2897476586209,91.8946204448747,90.4078291121967,91.128188915237,51842257.5453447,82.8316074776286
"SP500","2019-02-22",91.4057265122999,92.1750377580492,90.8781825323337,91.7912143455538,47878413.5373216,83.4467982434729
"SP500","2019-02-25",92.3439452659839,92.964455280432,91.5618125262437,91.9074004936704,68322392.2685539,83.5690871365001
"SP500","2019-02-26",91.741854587688,92.6116246167882,91.2291947234023,91.9480052281288,54276091.2301867,83.6275359660344
"SP500","2019-02-27",91.6176116756006,92.4987328556919,90.9230384966146,91.8887242183398,58786474.6965995,83.5855739287828
"SP500","2019-02-28",91.4345763556508,92.1834707368599,90.6901492850064,91.2795673805935,47317156.5268247,83.0124838935449
"SP500","2019-03-01",91.9011105798333,92.5913562537933,91.0409245226522,91.8898281903655,52901315.3705294,83.5788453304326
"SP500","2019-03-04",92.3228039353514,92.8952515687977,90.5640305768572,91.5935025770189,57330458.0408622,83.3195604306311
"SP500","2019-03-05",91.6434968532264,92.337245108959,90.8844001558612,91.6271344660234,49977583.1670555,83.3719921795664
"SP500","2019-03-06",91.6833532234307,92.1539412564943,90.7352716630604,91.1117998630568,50559862.3089152,82.9069790230562
"SP500","2019-03-07",90.9285251670725,91.3625316261166,89.6570273414755,90.3166858013878,56299304.0396103,82.1811179764494
"SP500","2019-03-08",89.5731354524247,90.5550693689082,88.9451487802944,90.2460247804094,52510970.8245866,82.125944254813
"SP500","2019-03-11",90.3808446254072,91.8063404276832,90.0608930923809,91.4812965296066,87614518.968597,83.2590132537094
"SP500","2019-03-12",91.6242747515302,92.4162509651601,91.0467784804439,91.787282179795,65895072.7408201,83.5431697877995
"SP500","2019-03-13",92.1693714037754,93.1419664561507,91.6857380197631,92.4360612719881,80592742.518985,84.1456271095518
"SP500","2019-03-14",92.4016403107902,92.9713910516962,91.7406366159423,92.3044901687696,59024937.7185109,84.0328488032214
"SP500","2019-03-15",92.4346783010903,93.4307141989651,91.8044131236243,92.7156711188066,89194728.4108084,84.4040273218635
"SP500","2019-03-18",92.7404084181004,93.6199435056352,92.1737071449227,93.0714152056029,60643060.2686366,84.7172753617924
"SP500","2019-03-19",93.4075638772754,94.1268753471405,92.5797157737817,93.1533289198915,91615194.9418632,84.8113666524051
"SP500","2019-03-20",93.1292995425662,94.011351954248,92.1940454057772,93.0955176712563,80042502.3521481,84.7953836840749
"SP500","2019-03-21",92.7926543908367,94.5493445296713,92.509633043245,94.1623766694313,91467250.1952527,85.7779431710257
"SP500","2019-03-22",93.6995689165178,94.238622979558,92.0229333445646,92.3040621519063,85686896.687035,84.0612490290002
"SP500","2019-03-25",92.1450935741776,93.0937621338481,91.3999467503597,92.4182033760867,66463305.4664686,84.1864332670338
"SP500","2019-03-26",93.0636522740476,93.7902424625651,92.1768444174505,92.979718090597,80608378.1908577,84.6861808279398
"SP500","2019-03-27",93.041365270137,93.5674546713573,91.7265731790565,92.4861718062869,57573739.8025121,84.2305256335945
"SP500","2019-03-28",92.7177284668203,93.334830306075,91.9747561632882,92.7850041731058,53031098.4497692,84.5039391984986
"SP500","2019-03-29",93.3475420982101,93.9115677427326,92.6908328631831,93.4995145314255,53666019.723379,85.1641006747182
"SP500","2019-04-01",94.2001436357008,95.0676825263485,93.5646923160992,94.6223394171971,58003587.0994284,86.1943738854454
"SP500","2019-04-02",94.6967969985907,95.3086600908215,94.0014124721822,94.7687974912272,50451518.477418,86.3479050518489
"SP500","2019-04-03",95.2174980902968,95.9219736109622,94.3993270294494,95.0266460416814,79146304.8618726,86.5950880120769
"SP500","2019-04-04",95.0520771493531,95.767757040961,94.2550790268157,95.125149459676,55980110.4786623,86.6912045631995
"SP500","2019-04-05",95.4123291044918,96.0023146167461,94.8956120881422,95.5353149186166,53983333.6501681,87.0590279905286
"SP500","2019-04-08",95.3385085785533,95.9289433109281,94.6944280976625,95.6235246784718,50708166.264649,87.1387519141272
"SP500","2019-04-09",95.1907420033801,95.7838213904452,94.557391843571,95.1239841517705,53614034.972625,86.7072917249929
"SP500","2019-04-10",95.3042546086956,95.9016598411199,94.6832887613782,95.4830254199882,49381856.4714597,87.0501286092036
"SP500","2019-04-11",95.6367361096272,96.1695782395276,94.8589339325866,95.5277713899123,44593431.0672513,87.0903886808387
"SP500","2019-04-12",96.0015649068117,96.7536137670427,95.2784522980027,96.1045914276747,56399918.9553229,87.6235485631013
"SP500","2019-04-15",96.1472820926652,96.683659046955,95.3341549347484,96.1071202077316,50419649.1339537,87.6375591099174
"SP500","2019-04-16",96.4283805952929,97.1126520045732,95.3569588000794,96.0816286613041,49318815.2682514,87.6096311613172
"SP500","2019-04-17",96.4550992571223,96.9916345408389,95.0881344955656,95.8063870856637,47644688.0446718,87.35419243899
"SP500","2019-04-18",96.0578539097621,96.7175259712998,95.2007689971299,96.0585485323617,47711427.6213646,87.5946561987967
"SP500","2019-04-22",95.7467709331484,96.7415079337072,95.2288267647987,96.2348647397343,38886844.7353735,87.7742303096712
"SP500","2019-04-23",96.4060988652477,97.7352727109679,95.8953164051362,97.2580013458191,47605712.1227616,88.7240145981921
"SP500","2019-04-24",97.306175118113,97.9954740669923,96.4158005575844,97.0392361059006,43441448.0974167,88.5216047552542
"SP500","2019-04-25",97.4274764862505,98.3249026878105,96.3867756142017,97.3593277827221,63306873.9463659,88.858286184734
"SP500","2019-04-26",97.3843179175237,98.187663239952,96.4835569526176,97.7675329325077,90765488.9124506,89.2352047442776
"SP500","2019-04-29",97.8261796695637,98.6138013943801,97.2044635450829,97.9443594386475,52330971.9413743,89.4087549087695
"SP500","2019-04-30",97.742439144026,98.5992541673664,96.7875638524672,97.9138335384067,59292735.4468072,89.3375615091299
"SP500","2019-05-01",98.1810006950744,98.9121370382475,96.849391102914,97.1751338094024,60203730.0471917,88.6733785659924
"SP500","2019-05-02",97.1355275531479,97.9270150651703,96.032875629107,97.0361396855123,55448373.92541,88.550213429504
"SP500","2019-05-03",97.5621291065459,98.4721650639625,97.0563121870934,98.0455183392675,50628752.0868534,89.4964443178694
"SP500","2019-05-06",96.3177152026287,97.9416407295978,95.857293678448,97.5653914876655,55300758.0439575,89.05204518224
"SP500","2019-05-07",96.715994145462,97.2203367556249,94.9600583578086,95.8548360902919,69031639.7787664,87.4736177656602
"SP500","2019-05-08",95.6543679110288,96.665389499826,95.043329637958,95.7350803810612,51109725.1895287,87.362225425029
"SP500","2019-05-09",94.869931424625,95.9234046548146,93.9584508495457,95.5029993247182,73149304.946666,87.1617615890993
"SP500","2019-05-10",95.4685670840867,96.6876291579869,93.9880709310741,96.1299556265303,69031384.8426027,87.7647014878109
"SP500","2019-05-13",94.1945992679444,94.8939046860777,92.9316986752861,93.6027569196625,83128632.0404115,85.4129351831779
"SP500","2019-05-14",93.9538858651386,95.2767482675602,93.4332892730535,94.3557805692939,64059242.8766841,86.1121205994923
"SP500","2019-05-15",93.8195754356505,95.5276318869012,93.3075929468458,94.9862563566557,59726952.9600036,86.7379276502331
"SP500","2019-05-16",95.1813142752184,96.705831214829,94.8646910331625,95.9043195244199,82560051.0395466,87.6176308849541
"SP500","2019-05-17",95.0602089632044,96.3784039853862,94.6096814139466,95.2092263186537,102510140.804421,86.9666850618446
"SP500","2019-05-20",94.4314343981412,95.228079515573,93.6569646672131,94.4355137148281,71150531.0420567,86.2334808281061
"SP500","2019-05-21",95.0731059187333,95.877911752205,94.5156135090872,95.3153844537125,49611805.565076,87.0505334401052
"SP500","2019-05-22",94.9624598369819,95.9034196699197,94.4046062333426,95.1022896005446,46706698.9001433,86.8617388224845
"SP500","2019-05-23",94.2761532872824,94.7547612320931,92.95332799523,93.8974621867461,74030392.2807767,85.749097721724
"SP500","2019-05-24",94.4644672619212,94.9926882828971,93.5724979188942,94.0542600960529,45795237.6499205,85.907151694605
"SP500","2019-05-28",94.2401107479221,95.0879162081353,93.1842136961754,93.4497842441882,55289020.9116997,85.395159913831
"SP500","2019-05-29",92.9131460951284,93.5474146305807,91.8989576725381,92.8045041977019,65206188.3223716,84.8004236402619
"SP500","2019-05-30",93.0056498269339,93.7358394248655,92.402100859339,93.0987042026869,46280637.212096,85.0869898069334
"SP500","2019-05-31",92.0845931544709,92.8012118096688,91.2525404609019,91.8655772573021,51709600.2710522,83.9672283577532
"SP500","2019-06-03",91.7814160072454,92.8208879525337,90.0921178403794,91.1305868773324,71955077.7806231,83.1994541145508
"SP500","2019-06-04",91.9614174040481,93.504251333762,91.2122146679231,93.230174359059,76537521.5958082,85.1444025706705
"SP500","2019-06-05",93.8471238431533,94.6979815336499,92.7656033501053,94.1574275020233,62684690.5710245,86.0187036216671
"SP500","2019-06-06",94.3033048380446,95.2669886607265,93.6277483162953,94.7589924489615,53551918.5502369,86.5784424385366
"SP500","2019-06-07",95.2274146806306,96.6399360923821,94.8081098864664,96.0296157363471,51845429.0836308,87.7839830111481
"SP500","2019-06-10",96.5627052796987,97.6724490855647,95.8995675380789,96.5532719839667,52691927.1354009,88.283691707833
"SP500","2019-06-11",97.3437474144885,97.8559480610485,95.8331419497234,96.4512324796614,50790602.7046419,88.1934449783956
"SP500","2019-06-12",96.4684317473604,97.1458606661882,95.597460899363,96.3619758929592,45269880.8934201,88.1137666712737
"SP500","2019-06-13",96.6774149721005,97.4252434755796,95.9671078671851,96.7588157837889,40532753.2281815,88.4931955923522
"SP500","2019-06-14",96.6236133259359,97.3195289058038,95.8676822235661,96.6057391039043,47769922.4567738,88.3609263966931
"SP500","2019-06-17",96.822830895298,97.6075183642713,96.1429296632988,96.866756619972,37211210.7204085,88.625414527292
"SP500","2019-06-18",97.6817380231699,98.8674814469939,96.8674079276095,97.9030722506085,67325991.5119062,89.5849105539668
"SP500","2019-06-19",97.9870908562416,98.8631554429339,97.2136677182289,98.3059729713857,42819710.1606341,89.9621327843837
"SP500","2019-06-20",99.3294401491064,100.00291707683,98.2793710977856,99.282588822706,47608666.9590684,90.8590072167637
"SP500","2019-06-21",99.1646678327565,99.9814863011988,98.4000450805025,99.1232985950881,64022971.4247873,90.7149733539041
"SP500","2019-06-24",99.2321787540121,99.8799192430589,98.5477793517439,99.0263300131336,36903321.9694556,90.6327784628474
"SP500","2019-06-25",99.0310308910594,99.4739255755602,97.4522028053539,97.8597982338258,42665744.8197166,89.5491801966651
"SP500","2019-06-26",98.2092856968765,98.9206503959008,97.1857506736014,97.703311935298,64241694.3778491,89.4178278442417
"SP500","2019-06-27",97.9726811059972,98.9916234365111,97.4146247176138,98.1812230463512,49560926.5130847,89.8797763941121
"SP500","2019-06-28",98.5300559222322,99.335053953541,97.7921701825737,98.8274698799721,54913657.8525046,90.4738385217632
"SP500","2019-07-01",100.121590204823,100.635043688665,98.8092228070855,99.6002558501635,74450335.4157779,91.192704088497
"SP500","2019-07-02",99.6203108584995,100.357164034275,98.9324290170455,100.002599956724,45450373.9952443,91.5685149853928
"SP500","2019-07-03",100.161905001358,101.059900295556,99.7437161809314,100.777118303874,32586512.4756847,92.2935245638149
"SP500","2019-07-05",100.263958815646,100.984819056211,99.4524291260261,100.535052405107,44740454.8146928,92.0794404341858
"SP500","2019-07-08",100.061653004986,100.655736981058,99.2715773605891,99.991260985517,42341394.5880295,91.5759318665822
"SP500","2019-07-09",99.5703077351497,100.623240743057,99.1844469628767,100.257887417932,43687167.4195482,91.8473091191005
"SP500","2019-07-10",100.656349633123,101.514880617236,100.030735003276,100.788487819823,52947312.7792979,92.3483459642032
"SP500","2019-07-11",101.046356061937,101.74167447165,100.161155667514,101.042818878543,69390808.2549627,92.5747219281692
"SP500","2019-07-12",101.153593493158,102.060007234673,100.456413408482,101.638416645215,54446748.2861996,93.1358603041345
"SP500","2019-07-15",101.795678724465,102.243623682216,100.972686001169,101.647110074668,38745428.8809844,93.1472462729183
"SP500","2019-07-16",101.560446916786,102.225294726446,100.737325464494,101.331092616343,41862851.5052042,92.860095339537
"SP500","2019-07-17",101.361172791202,101.874398073262,100.317676069649,100.633022941963,42229732.125912,92.2252876052752
"SP500","2019-07-18",100.44535768148,101.466465502057,99.7595534745855,101.011349902089,51849948.9802089,92.5614795059077
"SP500","2019-07-19",101.561994388954,102.039838066712,100.17225277117,100.4530936043,45878342.9311186,92.0520216622253
"SP500","2019-07-22",100.67196614154,101.556860287323,100.056090962927,100.90597193678,42616405.0817125,92.4926061049713
"SP500","2019-07-23",101.303146384077,102.028549606695,100.394126694498,101.499386107896,48225913.3770765,93.0270860082043
"SP500","2019-07-24",101.072200108558,102.425310118204,100.441397806612,101.981077653877,45671296.0394306,93.4777294026958
"SP500","2019-07-25",101.864219575946,102.490781584195,100.596455051017,101.383107663464,52414081.616559,92.9078336510347
"SP500","2019-07-26",101.769280057012,102.784527006279,101.038987535547,102.077339710082,44057155.1773466,93.5636485050989
"SP500","2019-07-29",102.057985476747,102.60304399141,100.941180420133,101.743068882944,38134852.9817018,93.2265086877944
"SP500","2019-07-30",101.190422218717,102.241675530888,100.509395290288,101.549791183835,35446230.5293586,93.054650178597
"SP500","2019-07-31",101.626423523307,102.39945119535,99.384025933144,100.350304555235,62177322.5559413,91.9438464628331
"SP500","2019-08-01",100.472032284129,102.190706089037,98.9139242572506,99.746222068384,62926955.3194486,91.4101669500439
"SP500","2019-08-02",99.410542823587,100.077088066463,97.8348803547877,98.9232401528418,58006018.1654744,90.630761261185
"SP500","2019-08-05",97.2127205698213,97.7466588242504,94.9766243916468,95.8957201258144,77304139.0726755,87.8312209152111
"SP500","2019-08-06",96.737129359177,98.0192511567987,95.7766567247792,97.3440510799631,51631907.6343053,89.1599653989207
"SP500","2019-08-07",96.3765163463029,98.0841439117483,95.2929757830631,97.6468210048548,51623618.2263087,89.4509591088731
"SP500","2019-08-08",98.4073395854377,100.078299648161,97.8482200755963,99.8243905959079,43993274.9525139,91.4975941213403
"SP500","2019-08-09",99.4773674418065,100.227806711638,98.2689437714846,99.1733281950589,43475484.6990061,90.8948050992241
"SP500","2019-08-12",98.586707448616,99.2725415692442,97.428414723065,98.0337800283196,37715080.5358444,89.849284856264
"SP500","2019-08-13",97.9397653147664,100.422705882842,97.4575470951212,99.5552634259159,52012913.1130154,91.2653181339304
"SP500","2019-08-14",98.0644823723712,98.6721861406568,96.2714289815064,96.5642626879494,58471428.2318974,88.547960109918
"SP500","2019-08-15",96.8826812900419,97.7658035309624,95.8286425072416,96.9738793747921,57789174.3833174,88.9828951944675
"SP500","2019-08-16",97.7797608487888,98.7950896931882,97.1702711781864,98.2712996614708,95157907.7966335,90.1791356586043
"SP500","2019-08-19",99.4250499038558,100.132386025406,98.6127096482212,99.4308235833158,78721343.9392066,91.247077043082
"SP500","2019-08-20",99.2975440456432,99.8476858441606,98.3209078355625,98.7172465824814,51412457.4392733,90.5992809303396
"SP500","2019-08-21",99.5443275841702,100.177188516635,98.8673386003332,99.5322812456466,47569826.216159,91.3526481029609
"SP500","2019-08-22",99.7814820212194,100.388931104682,98.5444285162688,99.4588604286509,38740892.3690608,91.2823072066653
"SP500","2019-08-23",99.0354740512326,99.86117858541,96.3878006858956,96.8967922274627,71960757.7503311,88.9208701080615
"SP500","2019-08-26",97.7610316829303,98.3822876668467,96.9016399907354,97.9872807416815,41031786.4199952,89.9452834490131
"SP500","2019-08-27",98.5079335929597,99.093074076226,97.2117315962628,97.8172064681426,40308435.5809726,89.7969645114826
"SP500","2019-08-28",97.4659058501243,98.8198409459271,96.8541166597445,98.4038185183963,32346871.4277439,90.3282322857329
"SP500","2019-08-29",99.3907125125549,100.299982369619,98.7879809834392,99.7529911679352,42724901.9539313,91.5990355285013
"SP500","2019-08-30",100.282814314686,100.651949892283,99.0669247273891,99.7735031419009,38997834.2246835,91.6202712086054
"SP500","2019-09-03",99.068712313813,99.8182287936491,98.0601438363436,98.9197063158674,38715003.033624,90.8190121114704
"SP500","2019-09-04",99.7201211705381,100.431473942756,98.9688268104678,99.961497176653,32263070.6581729,91.7986391099215
"SP500","2019-09-05",100.910597271654,102.130742708872,100.252141826793,101.310055290085,71765948.9220957,93.0764762526317
"SP500","2019-09-06",101.477411128679,102.111965325797,100.626279491676,101.278817957892,43277301.5934469,93.0292685364744
"SP500","2019-09-09",101.605579353556,102.376989114223,99.9216325430337,100.926216791993,51489438.6108793,92.6928592308482
"SP500","2019-09-10",100.556016266137,101.524833253491,99.0320849927163,100.714685438794,47961552.6604041,92.4829920778174
"SP500","2019-09-11",100.765029301013,101.971577565352,99.8967781608736,101.405301677276,51818990.5026739,93.1404494771135
"SP500","2019-09-12",101.865746023083,102.798385379256,100.97288574979,101.715856210163,46680297.7303073,93.4286746852865
"SP500","2019-09-13",101.859491409181,102.576841824691,100.981065006779,101.74255243079,46936118.4422874,93.4700271988268
"SP500","2019-09-16",101.265785166432,102.118672218399,100.509858575286,101.375558021444,34285391.6456832,93.1206409842292
"SP500","2019-09-17",101.36075903009,102.327073458159,100.706037748135,101.881315423768,30957529.9577114,93.5987097399132
"SP500","2019-09-18",101.761197934595,102.467429618846,100.660448284974,101.991765510251,36253758.4222018,93.6983356011418
"SP500","2019-09-19",102.168964123524,103.037104394587,101.547824656902,102.11482473356,34512452.3714434,93.8265910045496
"SP500","2019-09-20",102.326227858821,102.952695329315,100.97296410576,101.492188245676,61800013.6559672,93.243138379017
"SP500","2019-09-23",101.11506057656,102.134344767187,100.516169362387,101.35048772154,34203977.74292,93.0919558320675
"SP500","2019-09-24",101.816654377717,102.369337070567,99.8034220566262,100.352872509047,49112133.2573021,92.153232026892
"SP500","2019-09-25",100.387144625349,101.553296258081,99.4354269376493,101.015885764719,43145172.7885167,92.7824073025702
"SP500","2019-09-26",101.036600818426,101.60174919346,99.9657564356383,100.809818795458,36002351.9634882,92.5841176078661
"SP500","2019-09-27",101.089160500918,101.486524416772,99.2492829760423,99.9708911348725,48515469.4770026,91.7914758944722
"SP500","2019-09-30",100.205200213262,101.144536855996,99.6650410741118,100.514041325124,31637937.9564851,92.3080074639916
"SP500","2019-10-01",100.8390069426,101.486157749283,99.0422655299369,99.4423697688753,48697169.6577162,91.3475921509643
"SP500","2019-10-02",98.8737747085822,99.2282994371943,96.9893916499784,97.6830825981426,44500830.902076,89.7285775959153
"SP500","2019-10-03",97.6374050323377,98.8824108675699,96.4756613307853,98.5757571026825,56446450.0899714,90.5790278621147
"SP500","2019-10-04",98.9014952268124,100.210861830029,98.474432262659,99.9904441754121,40629687.4730457,91.880830546107
"SP500","2019-10-07",99.6155480215645,100.485586684618,99.030788523654,99.5241124412099,54001074.0496629,91.4560700986358
"SP500","2019-10-08",98.8075395556894,99.5146690079547,97.6806184804747,98.0862842861236,52611396.3454423,90.1331321883468
"SP500","2019-10-09",98.8862170139759,99.6303017125635,98.2559116239107,99.0432334267475,36309474.2697405,91.0301919068234
"SP500","2019-10-10",99.0172296461449,100.232069898764,98.6185116541621,99.6186393904148,40863050.5063814,91.5519011892492
"SP500","2019-10-11",100.686731377159,101.905698834291,100.094600387177,100.686584285206,57980615.3501481,92.5468605586048
"SP500","2019-10-14",100.548604888701,101.304188963825,100.060266474396,100.626337218668,30933302.4490176,92.4969158150952
"SP500","2019-10-15",101.023247288361,102.457187045199,100.573084791361,101.795082165378,67616206.3303468,93.5904898700675
"SP500","2019-10-16",101.508739319313,102.272321733431,100.795444024089,101.588561033965,49128993.3093336,93.4052887890158
"SP500","2019-10-17",102.008443011772,102.778372021079,101.223031591898,101.876434420511,36438460.1033023,93.6771334783937
"SP500","2019-10-18",101.805878594724,102.505697132026,100.485351299349,101.291251585698,43730021.1605495,93.1204356563452
"SP500","2019-10-21",101.717643877783,102.502182014145,100.924528303311,101.908014781691,35704303.9597413,93.6861787940731
"SP500","2019-10-22",102.106792305981,102.976927122408,100.629219624236,101.239995041176,41153899.1776118,93.0377543284121
"SP500","2019-10-23",101.185057339479,102.168050050574,100.360394326198,101.539925751815,36873807.1434248,93.3309855132653
"SP500","2019-10-24",101.990886286976,102.812509207916,100.980883697699,102.102786510594,41636352.8332859,93.8852839374214
"SP500","2019-10-25",101.757053314281,103.197406182861,101.199605996746,102.58881229255,59481311.1219238,94.3435107766716
"SP500","2019-10-28",102.997252226324,104.06324971912,102.363246366182,103.309041358519,49640993.3433412,95.026551852451
"SP500","2019-10-29",103.224535339051,104.183754352464,102.328331619333,103.089553987205,39082505.871717,94.8052586320475
"SP500","2019-10-30",103.145465169606,104.05660577753,102.170167861723,103.517672567937,36471582.0353799,95.2093305593707
"SP500","2019-10-31",103.595994773913,104.270847473889,102.06214342689,103.200845767224,37944318.6666435,94.9370628566947
"SP500","2019-11-01",103.681468171591,104.759050689222,102.903342598166,104.107150188652,44422842.4031405,95.7708836681786
"SP500","2019-11-04",104.69449899081,105.38713176105,103.493077474342,104.252210694509,48325628.3766317,95.8954868864693
"SP500","2019-11-05",104.415157715332,105.17475418557,103.310979376392,104.136955891674,39896503.0524188,95.7917254333398
"SP500","2019-11-06",104.139360776796,104.832735459955,103.319745436135,104.251124923398,36357254.7291899,95.8918288360591
"SP500","2019-11-07",104.496994131331,105.376116908855,103.460328597722,104.154780019738,42465462.443805,95.8115118063593
"SP500","2019-11-08",104.199630162543,105.17569168252,103.372952407403,104.526205679879,28936116.3498571,96.1685295760249
"SP500","2019-11-11",104.00986215192,104.957741110759,103.488114825541,104.479477500301,33335485.2326022,96.1436240255707
"SP500","2019-11-12",104.606024411173,105.530458030088,103.976955299813,104.737036719003,37765787.8950983,96.3944122578625
"SP500","2019-11-13",104.401162010131,105.43534547793,103.859698180189,104.827630935404,40857478.1744843,96.4753053036401
"SP500","2019-11-14",104.668546022276,105.544399536226,104.102233258311,105.016265705303,56073634.3627565,96.6814860321458
"SP500","2019-11-15",105.495853588129,106.338022060023,104.720543196706,105.814573150363,98693111.5143134,97.4255052527546
"SP500","2019-11-18",105.695104708205,106.574626541553,104.943971955183,105.924086606509,60154183.0665852,97.5328964569484
"SP500","2019-11-19",106.155143818746,106.861157358168,105.254880386798,106.036983827775,48555026.3144057,97.6674904577655
"SP500","2019-11-20",105.853599751174,106.625455227514,104.703653095399,105.612078318506,55809669.6432004,97.2949902829713
"SP500","2019-11-21",105.560006729783,106.225180222972,104.663395231433,105.409314626048,41038388.1663449,97.1075252288059
"SP500","2019-11-22",105.628228094459,106.237651720349,104.827579219626,105.5657005956,34551197.4871411,97.2536943367028
"SP500","2019-11-25",105.932773960899,106.959016533489,105.470946853362,106.469642646286,57518698.1558171,98.1160161717999
"SP500","2019-11-26",106.525575280175,107.248477458895,105.827816868185,106.70409402828,49457749.9245783,98.3323226839745
"SP500","2019-11-27",106.882517541349,107.624388317651,106.256619225076,107.188160285901,30354792.7121624,98.7992764450233
"SP500","2019-11-29",106.959688237032,107.465049962316,106.422868265848,106.786801668406,19617965.6544966,98.451127162586
"SP500","2019-12-02",106.860436746175,107.184200827684,105.09232628057,105.705493113096,46654805.7414934,97.4486949296982
"SP500","2019-12-03",104.644006154302,105.520599583174,103.80920281357,105.08622607314,54693702.3480053,96.8833217982227
"SP500","2019-12-04",105.522907499716,106.499151378309,104.946896632497,105.784903945023,35873678.4840289,97.5268265063005
"SP500","2019-12-05",106.022790598236,106.53689751785,105.150141750721,105.93864638635,28550581.8554444,97.688509299721
"SP500","2019-12-06",106.688097851637,107.487041748494,106.178709368931,106.893291430752,36140172.8792976,98.5771027754998
"SP500","2019-12-09",106.752580714143,107.470123952981,106.051704913453,106.516638256743,35923111.8663328,98.2232454543176
"SP500","2019-12-10",106.621428157555,107.262359288072,105.930731448847,106.537191278112,36418104.2064585,98.250133890027
"SP500","2019-12-11",106.68247832633,107.415916128456,106.086109791566,106.958829042019,33127686.3318491,98.655970955747
"SP500","2019-12-12",106.936214445804,108.404034964376,106.210595286248,107.637481908719,53579585.548559,99.2732048258928
"SP500","2019-12-13",107.564955434523,108.585454391451,106.725603470577,107.72590920441,56826564.8029784,99.3781531095674
"SP500","2019-12-16",108.291489028433,109.319511288906,107.782728936364,108.563807604821,49320604.3726629,100.159281461478
"SP500","2019-12-17",108.768752566699,109.391023712344,107.890339037765,108.584792176348,46027150.4913779,100.176816787247
"SP500","2019-12-18",108.709171541091,109.442519514807,107.9395029156,108.52547067157,49558043.4586041,100.132657451143
"SP500","2019-12-19",108.589355811025,109.536621111461,108.102030642796,109.094280450202,56153514.8675738,100.673413730812
"SP500","2019-12-20",109.943587897197,110.580513804718,108.83154234135,109.709626059239,88550441.5994561,101.246721973138
"SP500","2019-12-23",109.97165904505,110.527345813921,109.241241824446,109.783703573148,45386832.2062202,101.317856320665
"SP500","2019-12-24",109.849330925589,110.2003792897,109.344142644014,109.793988601887,19520940.782805,101.331767425938
"SP500","2019-12-26",109.961396389675,110.736257838713,109.572065975529,110.462747160937,32302681.5451864,101.978308222753
"SP500","2019-12-27",110.709965859769,111.080666395463,109.919239732198,110.434532997855,41642259.5320667,101.990028747731
"SP500","2019-12-30",110.439226869743,110.760565432997,109.160747247376,109.727168575629,40629693.9162668,101.334201754118
"SP500","2019-12-31",109.478818830131,110.205371496407,109.049342550137,109.961106111602,34358672.3965132,101.550520123853
"SP500","2020-01-02",110.550269474125,111.563027161048,109.769632488169,111.16592146733,40246387.312155,102.70421521607
"SP500","2020-01-03",109.841259829375,111.256219732589,109.462808199224,110.490063404897,40161034.8182605,102.083500217957
"SP500","2020-01-06",109.765414569146,111.207464192871,109.281395929558,110.911485593104,42203661.5929969,102.488718893061
"SP500","2020-01-07",110.822545008004,111.586939206803,109.950339712147,110.747703064442,47127697.6075261,102.359466422838
"SP500","2020-01-08",110.840365040069,112.239567656997,110.294196484317,111.432475978035,50063143.0344701,103.00904544534
"SP500","2020-01-09",112.153373142554,112.950092962275,111.441756723374,112.35314119651,49507999.3997141,103.875220937958
"SP500","2020-01-10",112.673226887918,113.116998810174,111.623899533403,112.090744658958,46791474.0569158,103.640383138109
"SP500","2020-01-13",112.370606973095,113.375076638966,111.824900695228,112.98688412748,49698583.2966659,104.4849938247
"SP500","2020-01-14",112.908714027761,113.656883803376,111.991557647784,112.704398240179,57466676.7105362,104.214967187983
"SP500","2020-01-15",112.734251455761,113.851766371061,112.20012975961,113.055293704847,42690071.8719472,104.539972623715
"SP500","2020-01-16",113.631194883725,114.392840387094,112.940317096409,114.003951819137,44539482.9327128,105.419286934746
"SP500","2020-01-17",114.31376614324,114.966544236864,113.456428536808,114.414712721334,46026339.9982899,105.809337444482
"SP500","2020-01-21",114.023565600532,115.038062367234,113.199402156988,114.114402293585,42256812.853037,105.534192145018
"SP500","2020-01-22",114.584011922393,115.309748812447,113.750895877632,114.219103097968,45391276.7172091,105.638359220492
"SP500","2020-01-23",114.03755175746,114.962090845158,113.121212297577,114.450579882397,41915129.1915503,105.856949078626
"SP500","2020-01-24",114.795674340354,115.23069183312,112.686438675618,113.361700049582,55462397.1862777,104.84596120055
"SP500","2020-01-27",111.194849438631,112.460072310843,110.285053843417,111.483313654158,62581953.8659834,103.084585115605
"SP500","2020-01-28",112.075453292966,113.405779065166,111.405136364854,112.775284285828,48201066.2701378,104.302390532926
"SP500","2020-01-29",113.433238774105,114.240790137339,112.146504478931,112.946186268426,49720061.3304113,104.482851506345
"SP500","2020-01-30",112.192339932424,113.712553545623,111.237299079998,113.195228753974,54030862.2553037,104.702677420261
"SP500","2020-01-31",113.002032647227,113.42811898915,110.425315111625,111.03090763053,68134840.1192246,102.710956172642
"SP500","2020-02-03",111.524975055523,113.237891232495,110.858970197711,112.123564594302,59469651.2467666,103.760984425045
"SP500","2020-02-04",113.555886863523,115.15558574887,112.700097023565,114.057428087673,63413134.0256804,105.580595154562
"SP500","2020-02-05",115.227689507124,116.353068243358,113.518657162879,115.082095043337,50739968.9074663,106.489853667848
"SP500","2020-02-06",115.466054340698,116.512796656384,114.398345904749,115.705878979578,45589339.4579367,107.102695922931
"SP500","2020-02-07",115.276844674597,116.256869392432,114.286960585172,115.125246918814,38731840.9686294,106.583018685855
"SP500","2020-02-10",114.807994940287,116.489678602265,114.308931984604,116.069490092526,66266253.5150503,107.485453819648
"SP500","2020-02-11",116.608576896567,117.466006129658,115.341066092551,116.128965429131,71345324.0246373,107.524670669803
"SP500","2020-02-12",116.613958731454,117.737056566992,115.70449359423,117.043122619881,50740516.0518121,108.394460430086
"SP500","2020-02-13",116.424857900796,117.90270912956,115.878588552442,117.010883984673,63619255.7154458,108.406921235316
"SP500","2020-02-14",117.231269757472,118.051353830354,116.309465340453,117.342367018427,96918069.1133044,108.739865467397
"SP500","2020-02-18",116.93614384176,118.024844126224,116.186488240864,117.269961851816,71860289.6047054,108.70567374041
"SP500","2020-02-19",117.79664119032,118.713526467821,117.049134880967,117.884084076768,74964662.8461515,109.321338811324
"SP500","2020-02-20",117.661933069989,118.546929750517,115.8643207371,117.306304484675,83442714.2334087,108.769433176257
"SP500","2020-02-21",116.77658690157,117.451093682869,114.941030153449,115.918653884435,84214766.2325954,107.441219312581
"SP500","2020-02-24",111.840614957568,113.686788302296,110.207231146033,111.752614457465,102715870.285988,103.544204239026
"SP500","2020-02-25",112.435277665373,113.000893769529,107.853242991688,108.43679419226,119299383.357973,100.482769354034
"SP500","2020-02-26",108.931939877445,110.777881576271,107.325437588033,108.128408487267,90799560.2147247,100.206828769169
"SP500","2020-02-27",105.66150278873,107.908048980862,102.753712029633,103.344157315185,121347854.607955,95.7853602299641
"SP500","2020-02-28",100.104222852157,103.88589779222,98.4422602806333,102.837776569909,151295893.79598,95.4040575620158
"SP500","2020-03-02",104.018255657612,107.929348934069,102.133424675903,107.674410965911,117487981.934245,99.8866771510366
"SP500","2020-03-03",108.021071147856,109.798205886621,103.383290925954,104.667529799105,100658644.018894,97.0728344476161
"SP500","2020-03-04",106.746378848118,109.46531456341,105.236907098782,109.162463445538,80494571.5565039,101.24121602071
"SP500","2020-03-05",106.42840765398,108.004749238317,104.313803448618,105.43889115567,73856669.8860795,97.7805444123643
"SP500","2020-03-06",102.296714641142,104.823945293119,100.523650225143,103.597606045588,78893998.3974214,96.0778849131022
"SP500","2020-03-09",96.3658160021853,100.208609168789,94.3277693749419,96.1650745146091,95901696.0812178,89.2284800455424
"SP500","2020-03-10",99.6812817167341,101.683647829622,95.7375888309416,101.015540556181,90187791.9648624,93.7389513866055
"SP500","2020-03-11",98.4269135576294,99.6039383836452,94.646500250592,96.1190782058219,79392087.5034091,89.1993281663685
"SP500","2020-03-12",89.4433908520704,93.7304339018616,85.7334958050922,87.0122072891031,128051189.732155,80.75996790278
"SP500","2020-03-13",91.9031432585213,95.9495782458465,86.7872160338926,95.0919517213877,108875634.036931,88.2865380574743
"SP500","2020-03-16",84.5838206434809,90.5769845430308,81.3994348409838,83.4337253871355,111539095.439507,77.4651332703123
"SP500","2020-03-17",85.4636085825403,90.222696614139,81.8679494352821,88.2424401397867,121303091.464922,81.8978782801259
"SP500","2020-03-18",83.0423748147883,87.1347896173005,78.1039990352334,83.5613523139774,124672421.143412,77.593733579143
"SP500","2020-03-19",83.288587492972,88.1309234140875,79.7740098085827,84.5159257236278,113896269.188557,78.5233610640504
"SP500","2020-03-20",85.6579490315619,87.5307277920577,79.5526166896785,80.7972879956416,126129306.130966,75.1018657949363
"SP500","2020-03-23",80.0674811536077,82.2976952685908,75.859440055069,78.6304488814346,103314482.426417,73.1568768428771
"SP500","2020-03-24",82.8184983395608,87.3432208428933,81.1492788841147,86.2319200319956,135392686.600884,80.2285911383206
"SP500","2020-03-25",86.6159322855742,91.7504884565762,84.1281243936863,87.4715825640835,112936186.405443,81.352376261969
"SP500","2020-03-26",88.4046832856954,93.6256250146425,87.399149650046,92.6599966783547,98153221.5119189,86.1144902442816
"SP500","2020-03-27",89.616126126971,92.3705033045624,87.6267492447917,89.2202211715331,86062573.5515833,82.8831543706591
"SP500","2020-03-30",89.9955053518525,93.2851233223533,88.4881922155044,92.3709189600252,80345474.643341,85.825458865668
"SP500","2020-03-31",91.8466257073363,94.1216475594024,89.795648218193,91.1394519357416,111190671.784434,84.7224268122311
"SP500","2020-04-01",87.9016078857197,89.9120552846105,85.7210357246442,87.1100791998397,83058951.0340681,80.9650638438674
"SP500","2020-04-02",86.6068660860142,90.0882797317604,85.4650297754549,88.8605605846793,85226448.9794271,82.539968626793
"SP500","2020-04-03",88.4005285354383,89.724677315206,85.9818053010101,87.4370010682608,80708417.7218369,81.2289854263964
"SP500","2020-04-06",91.0456297211586,94.6713560414053,89.8523141972333,93.9158685701628,93753355.4908576,87.2971130575827
"SP500","2020-04-07",97.0842088748632,98.3411286139968,93.1376338038089,93.7287485907165,98097288.4777018,87.1297831001985
"SP500","2020-04-08",94.7243749910077,97.6235882956772,93.486343838028,96.7057601166451,71527085.4886038,89.8675601373401
"SP500","2020-04-09",97.7410658096065,99.9039965967431,95.9988027090014,97.8861879074524,73637042.9526746,90.9339923706791
"SP500","2020-04-13",97.4121083095714,98.6195771028686,94.8732883509423,97.04472116352,61934356.2660737,90.2156073252708
"SP500","2020-04-14",99.154279711758,101.411617115229,97.8230008046615,100.265794829847,82045190.2673086,93.2560359631925
"SP500","2020-04-15",98.2239951661428,99.7657640897381,96.6324601214076,98.3421478168597,60548137.0631597,91.5125863840152
"SP500","2020-04-16",98.9653255450521,100.499128992464,97.0485883029092,99.1311957791742,95856336.7330679,92.2739309014478
"SP500","2020-04-17",101.19220496802,102.627861933484,99.274331412234,101.617806035138,79298216.5478146,94.5381336384151
"SP500","2020-04-20",100.302575855889,101.95394863874,98.9136645065356,99.7794807753302,62659815.0895807,92.8520413675176
"SP500","2020-04-21",98.1840475856814,99.2590715496139,95.401071219094,96.5389305065007,93767384.0018535,89.8075828041218
"SP500","2020-04-22",98.5381084555473,100.226268252997,97.3969854950199,99.0730425141761,64020004.2910249,92.1995730761327
"SP500","2020-04-23",99.4462753017996,101.0876435125,98.2224210433849,98.9673100456761,59047903.5786658,92.108262774621
"SP500","2020-04-24",99.5508816538252,100.969696765544,98.1335818340852,100.381102845228,52317833.3011483,93.4270033611013
"SP500","2020-04-27",101.210308137155,102.918259718449,99.9822030674553,101.697991225377,64653094.1589521,94.6214079297192
"SP500","2020-04-28",103.028661000133,103.919356089257,100.16930549371,100.952588866913,62105707.8452014,93.8826231662893
"SP500","2020-04-29",103.207728800561,105.239826374367,101.793515376289,103.880226125953,63066598.1130927,96.6659641214485
"SP500","2020-04-30",103.675363479689,104.952188830692,101.707317995569,103.247774221164,70240871.1486474,96.1394551930922
"SP500","2020-05-01",101.314573151895,102.691577168375,99.3251824115598,100.47453798753,70362099.9295337,93.554667413903
"SP500","2020-05-04",99.7619547084276,101.6230571932,98.5898239477203,101.013444948313,51718922.5235985,94.077101083392
"SP500","2020-05-05",102.153691176112,103.922906071361,101.021621754984,102.076640334649,55645864.2801254,95.0733438258632
"SP500","2020-05-06",102.659809740727,103.651029042522,100.933888134768,101.617071997715,49477191.0566954,94.6891819538401
"SP500","2020-05-07",102.751210057243,104.107876911069,101.629454172006,102.767174096033,51304025.4275267,95.7961145056584
"SP500","2020-05-08",103.847279920114,104.94346341893,102.644537082734,104.232683559654,50795618.3042343,97.1589148380932
"SP500","2020-05-11",103.420610172578,105.391223926833,102.690483090256,104.464146045394,62052574.4775235,97.400075199203
"SP500","2020-05-12",104.731895677786,105.415358230592,102.099983951953,102.263439965938,64892494.0713014,95.3601424653647
"SP500","2020-05-13",102.127005671267,103.23553238517,99.2484492501778,100.728508421889,82739689.9813797,93.9410726693286
"SP500","2020-05-14",99.6649303696119,102.13921802763,98.1316340462005,101.75614116751,74989353.142997,94.9140024896964
"SP500","2020-05-15",100.842204197295,103.215916598885,99.9645505331109,102.320474375908,104243352.488792,95.474419954717
"SP500","2020-05-18",104.551469603272,106.727542105586,103.467665430404,105.430501721575,86601557.6561195,98.3630428375228
"SP500","2020-05-19",105.288733220953,106.801601166985,104.008794588905,104.599744736691,76961290.2406004,97.640515312963
"SP500","2020-05-20",105.963633773915,107.44772773736,105.053496090853,106.391330892631,67684453.8332753,99.3697907603782
"SP500","2020-05-21",106.373853591732,107.382842006483,104.8596757925,105.708016409114,81414011.8469959,98.7338159121918
"SP500","2020-05-22",105.682803898294,106.775612524182,104.638232349733,106.127756692902,96635118.0076309,99.1518767630298
"SP500","2020-05-26",108.495555215969,109.532515390804,106.364374308693,107.257998586066,83967549.7421847,100.161349055021
"SP500","2020-05-27",108.062573145196,109.287467971458,105.522013283016,108.494614569877,116075459.25931,101.262087220428
"SP500","2020-05-28",108.761672522771,110.550029560132,107.261437749482,108.284371168866,79635511.410725,101.066775951773
"SP500","2020-05-29",108.187548038542,109.681448772301,106.888896068393,108.84146255406,85990240.8124557,101.629339463073
"SP500","2020-06-01",108.687959988675,110.28323942717,107.868173439986,109.42292266241,49340558.6191008,102.188697152758
"SP500","2020-06-02",109.818652301624,110.837269447195,108.448139621952,110.162654439593,50722631.3235722,102.87381588053
"SP500","2020-06-03",110.932646826929,112.480219949165,109.954929455591,111.60680583135,48943277.5742354,104.198274095571
"SP500","2020-06-04",111.091800735638,112.572463267788,109.634112161174,111.01878599325,53226290.8021076,103.640229154245
"SP500","2020-06-05",112.917470613215,115.210082410545,111.596142094789,113.796171654669,64640115.7599695,106.22306998518
"SP500","2020-06-08",113.857517733087,115.561947746751,112.757618229279,114.778622820407,53577098.7509353,107.125135577715
"SP500","2020-06-09",113.849401815052,115.595257132539,112.717272610693,114.242011850567,62604158.4520645,106.674435552751
"SP500","2020-06-10",114.713041491525,116.185605667743,112.911630686344,114.20513832014,79353019.7299178,106.703491806855
"SP500","2020-06-11",111.509339262911,112.658274792948,107.161840033362,107.541764572782,82038519.6749182,100.503822942616
"SP500","2020-06-12",110.355332891162,111.155580191877,106.656680048871,108.862068918618,77728221.8064547,101.742215384766
"SP500","2020-06-15",106.591948105463,110.549418617486,105.915824338316,109.853307776506,57503501.5628771,102.686272783187
"SP500","2020-06-16",112.969308446098,114.000712227968,110.241825402187,112.182650039956,69856794.0866371,104.858697561619
"SP500","2020-06-17",112.696169127092,113.436106732362,111.197542029082,111.913281298626,52434710.7464059,104.632539437223
"SP500","2020-06-18",111.416371838052,112.781913897622,110.563156803441,111.952097486667,39236700.4705048,104.672114976846
"SP500","2020-06-19",113.418619972213,114.058795488677,110.47789355438,111.523237102791,81215896.7691171,104.313232623233
"SP500","2020-06-22",111.350480173842,112.96127287785,110.447524674935,112.367023580361,52770769.8617054,105.133756710237
"SP500","2020-06-23",113.33607013965,114.501088610397,112.174389968516,112.973703494902,57158494.1876923,105.727149019284
"SP500","2020-06-24",112.255781518098,112.960469329414,109.177398898386,110.025392120443,64207176.9667524,102.967196051118
"SP500","2020-06-25",109.817100675588,111.667580131946,108.631262108442,111.316031359469,51380535.2374667,104.171234974529
"SP500","2020-06-26",110.856730182796,111.432800083427,107.719265971821,108.426728164444,85407130.3811551,101.442915839766
"SP500","2020-06-29",108.840917219722,110.496035044432,107.454340398821,110.044342903986,50687833.7810495,102.965098375506
"SP500","2020-06-30",109.953012677119,112.417595315332,109.342288619934,111.844281196769,55899336.7272544,104.67118234723
"SP500","2020-07-01",112.080603421195,114.098292756191,111.001329818866,112.770172866608,51023710.057283,105.581178568729
"SP500","2020-07-02",114.113087735148,115.266845995524,112.704096051921,113.369280707379,54867769.6740263,106.163134638188
"SP500","2020-07-06",114.948798014155,116.606264685141,113.85113802762,115.601314464038,52550845.2972362,108.314144774067
"SP500","2020-07-07",115.083535041169,116.683160678829,113.805171450467,114.450920372601,54687125.8130719,107.248053382541
"SP500","2020-07-08",114.883564547292,116.325586095004,113.739512209825,115.486665004544,53147556.7501711,108.250543074739
"SP500","2020-07-09",115.942658416808,116.820648253725,113.468136088985,115.203869830144,64252516.27428,108.051429116032
"SP500","2020-07-10",115.167930376337,116.752243448576,113.913940681279,116.156463966932,64867891.9686221,108.929313544292
"SP500","2020-07-13",117.168191236894,118.964526307669,114.121492852868,114.752172882033,76089090.639307,107.549675723866
"SP500","2020-07-14",114.357154646708,116.92396942098,112.79713549252,116.387236928014,75911127.7233434,109.080076735137
"SP500","2020-07-15",117.735561624231,118.868845520777,115.770367260047,117.439130956903,59603559.2085756,110.062535098603
"SP500","2020-07-16",116.540223435253,117.807674402398,115.274203928461,116.77003441152,51812732.3309612,109.411301681363
"SP500","2020-07-17",117.288979814407,118.260534610029,115.901316183668,117.14521273029,42460065.6794669,109.764161481532
"SP500","2020-07-20",117.164002446722,119.600038985341,116.048812818101,118.698690877028,47236334.8404541,111.319988628755
"SP500","2020-07-21",119.494753309776,120.530955819306,117.551556967341,118.410401930317,46508409.3765401,110.988421772596
"SP500","2020-07-22",118.494317273134,120.026044491558,117.468496798492,119.220179546284,50534507.953366,111.751463037796
"SP500","2020-07-23",119.136741915634,120.258557960236,116.480759720662,117.298324609835,67166934.0737528,109.900565372406
"SP500","2020-07-24",116.428251802878,117.918881491655,114.861782434092,116.582091323059,68157651.9179994,109.234152544178
"SP500","2020-07-27",116.764280079491,118.541869684376,115.950466387535,117.799115984597,46809900.1432141,110.406958793831
"SP500","2020-07-28",117.594685567655,118.645683832994,116.20550231645,116.765212788278,42681774.9087365,109.403457915781
"SP500","2020-07-29",117.198885602272,118.962595312403,116.51024012065,118.233021264185,40712076.2550402,110.798571670055
"SP500","2020-07-30",116.899157732873,118.675189262442,115.740614991002,117.785800932058,50067793.869938,110.419378455779
"SP500","2020-07-31",118.998301120504,119.862341826293,116.438155753642,118.773571809791,78282331.3031961,111.406879625089
"SP500","2020-08-03",119.603381226517,121.212652352013,118.46382514608,119.901307990022,70202290.3746103,112.484947933218
"SP500","2020-08-04",119.641222500706,121.102913222336,118.538020544557,120.21333333522,51416339.6847884,112.765292472018
"SP500","2020-08-05",120.841991781334,122.16333135989,119.688489797719,121.102189582404,40307737.3114854,113.610964474611
"SP500","2020-08-06",120.801226921497,123.004930617201,119.914859451385,122.237473658261,46102609.3569842,114.728712465522
"SP500","2020-08-07",122.070080875404,123.679306254102,120.360020380611,122.042605905022,54371075.2682749,114.517793000515
"SP500","2020-08-10",122.19948673779,123.502754834267,120.364822182404,122.012902349211,60016004.0919934,114.453613679364
"SP500","2020-08-11",122.415748903868,123.742781970001,120.411912839839,120.971521936313,55397126.941984,113.439425847547
"SP500","2020-08-12",122.035242108989,124.128191253735,121.138716220073,123.016697905665,63551378.0373787,115.400495026293
"SP500","2020-08-13",122.832941675814,124.279152209274,122.063780386441,122.957102177841,58254647.1944079,115.40577666191
"SP500","2020-08-14",122.83680424668,123.807486388135,121.826892913347,122.91136097677,50833620.5340154,115.362664270707
"SP500","2020-08-17",123.401373525398,124.673291280662,122.373801556495,123.539150742912,69576138.1249921,115.979195443341
"SP500","2020-08-18",123.85750483876,125.12567068069,122.72536751816,124.074695425272,61456527.2904271,116.541590273883
"SP500","2020-08-19",124.18831493677,125.313968893459,123.015372215318,123.587140701273,71519131.6823342,116.110009084107
"SP500","2020-08-20",122.912544972422,125.040105498491,122.373637746583,124.385982019461,94087481.0471351,116.919105796795
"SP500","2020-08-21",124.377926723624,125.86890738262,123.484763627029,124.865377885955,115110928.981959,117.383731876004
"SP500","2020-08-24",126.062877189782,127.362471531062,124.239530864596,125.974387409447,77238065.6344111,118.428408783435
"SP500","2020-08-25",126.158340171269,127.527468290621,125.006139691853,126.721226816249,50736496.1359424,119.16262724755
"SP500","2020-08-26",127.029403407419,129.354615284318,126.137167660253,128.603193841936,56918924.6139945,121.023023109887
"SP500","2020-08-27",128.934084635742,130.677016079022,127.147338980475,128.826683212786,56188696.0433994,121.210403216443
"SP500","2020-08-28",129.350841802027,130.629405106552,128.085730539813,129.669542981521,69234414.2793926,122.01053210955
"SP500","2020-08-31",129.584337072823,131.241886396085,128.270831323936,129.695322975969,72208395.6606398,122.102111720979
"SP500","2020-09-01",129.910445512166,131.677067976552,128.681895482029,130.702650861656,66080484.8089654,123.087822374706
"SP500","2020-09-02",131.467117825619,133.796083697666,129.168845020243,132.502689511962,99161747.7473929,124.774451852112
"SP500","2020-09-03",131.396948677308,132.309563159558,125.864012010015,127.27710994418,114386908.554948,119.792149233839
"SP500","2020-09-04",127.217360247699,128.805668819758,122.20320593099,126.050097689718,159507496.666023,118.594728763842
"SP500","2020-09-08",122.945796413342,125.132391797502,121.043864458992,121.922743472908,99583895.9589756,114.639267184894
"SP500","2020-09-09",123.795905300009,126.192349764069,122.503535988285,124.663938661318,86375801.460155,117.255860166417
"SP500","2020-09-10",125.452873270617,126.609567621362,121.7770499749,122.390770050796,83619140.1215513,115.110889901268
"SP500","2020-09-11",123.180677282462,124.325799148216,120.805235119692,122.366548285436,76280623.6643165,115.05580101915
"SP500","2020-09-14",123.70712887498,125.615464954315,122.563065537852,124.075963685739,117749350.068028,116.69613858743
"SP500","2020-09-15",125.302860844673,126.674168588686,123.861736390883,124.987489597963,84042617.7185548,117.594030989033
"SP500","2020-09-16",125.447796471244,126.955926614746,123.465762114076,124.310563947769,68998766.4702759,116.904992371177
"SP500","2020-09-17",122.33225286056,124.321206813032,121.017422666168,123.038328618825,91206637.6664413,115.680838978365
"SP500","2020-09-18",123.235216835756,124.22639332632,120.366321885924,121.725941153787,99372349.714268,114.432589119475
"SP500","2020-09-21",119.840325091706,121.532682308927,117.389170887643,120.454793607247,90842198.9038397,113.286748683328
"SP500","2020-09-22",121.10918040282,122.742743376683,119.393701085714,121.845912966589,79991919.5691871,114.637827655319
"SP500","2020-09-23",121.890599440308,122.630305471491,118.267946671431,118.65022186515,77762540.8591082,111.595983052257
"SP500","2020-09-24",118.025432599692,120.662827460922,116.900367769518,119.122492600399,84840154.1843656,112.047943837736
"SP500","2020-09-25",118.817004848242,121.603606145732,117.960479561681,121.123373439725,69737909.4756508,113.962322447968
"SP500","2020-09-28",122.971657475059,124.285529450635,121.734877513536,123.108953440159,67518381.8282678,115.83927375184
"SP500","2020-09-29",123.111089134584,124.109107239488,121.768843968285,122.613746277468,66603964.8114482,115.399936430462
"SP500","2020-09-30",122.935105393104,125.326834727564,122.115082924231,123.727995645115,80275409.1388294,116.458600319079
"SP500","2020-10-01",124.982848467386,126.01973583947,123.424622469176,124.706514305344,64097846.6271002,117.42826659798
"SP500","2020-10-02",122.461817326573,125.036705362486,121.52097099067,123.071154994922,68605124.3263487,115.815333561502
"SP500","2020-10-05",124.006736142929,125.78051805736,123.246666716174,125.266353149569,56135612.7554317,117.906185129989
"SP500","2020-10-06",125.256483277137,126.472581550066,122.805759813893,123.413386679811,85639251.301819,116.130779966299
"SP500","2020-10-07",124.540006103231,126.284116629725,123.809869497765,125.563351909008,52644908.9607072,118.161010436318
"SP500","2020-10-08",126.402370512419,127.588738176511,125.201998129058,126.653451997488,46729575.399593,119.192896803897
"SP500","2020-10-09",127.365924082654,128.778193347166,126.422070131686,128.025907078153,46576104.7282657,120.525006852121
"SP500","2020-10-12",129.255619913267,131.548119701301,128.264746080832,130.284565510636,67784211.6445965,122.703070943169
"SP500","2020-10-13",130.394899311789,131.492502176416,128.437662778944,129.62140248311,59087810.1899146,122.090223964695
"SP500","2020-10-14",129.849037814213,130.947965122823,127.913050740853,128.798855828648,47155749.2177117,121.307724918036
"SP500","2020-10-15",126.982049198808,129.050688692316,126.095750408516,128.26331217306,41629065.949697,120.775532598669
"SP500","2020-10-16",128.788071121017,130.164074579373,127.327102477804,128.161229488729,41154640.1712258,120.658813167663
"SP500","2020-10-19",128.633417531486,129.508820158496,125.477286612439,125.949560514487,45076956.4939428,118.569036219609
"SP500","2020-10-20",126.622707067198,128.262909470049,125.561340166896,126.575275371218,39898703.5241679,119.174064720871
"SP500","2020-10-21",126.664335543925,128.30476012044,125.574722355206,126.439165467293,38322178.5393543,119.075528432812
"SP500","2020-10-22",126.675717363968,128.272250865257,125.0275308634,126.961419639365,42799119.6985237,119.561860948754
"SP500","2020-10-23",127.484075782947,128.452488633363,126.018895753155,127.59844089872,35428875.6231014,120.181967498754
"SP500","2020-10-26",126.2208264243,127.393427124562,123.496021741245,125.093686378044,48888343.7536776,117.818926339689
"SP500","2020-10-27",125.220680400583,126.489805038175,123.659669698267,124.829216874051,39018295.1398984,117.622367824291
"SP500","2020-10-28",122.496050174571,123.533294844106,119.714719692597,120.248016737295,56410950.984167,113.271700772396
"SP500","2020-10-29",120.774069179411,123.405217280777,119.514192398221,121.817151180718,51518901.0641622,114.785014703784
"SP500","2020-10-30",121.02214626364,122.19924019124,118.110456450758,119.980750425973,67415353.838326,112.989436064021
"SP500","2020-11-02",121.414096334231,123.091619719523,119.507860488662,121.289715072343,48045115.1430303,114.176610572468
"SP500","2020-11-03",122.608050867738,125.141911261277,121.641988606658,123.775476953413,42407307.1603085,116.53137184286
"SP500","2020-11-04",126.111305337575,129.499263530279,124.732535630826,127.395476742528,60988651.9348702,120.04904567407
"SP500","2020-11-05",129.612209762885,131.653210372665,128.324783737688,130.102166253753,49123716.4429186,122.635724859636
"SP500","2020-11-06",129.955592898878,131.349624525987,127.945279730913,130.147210963208,49885237.1661311,122.709195710874
"SP500","2020-11-09",134.458834872782,137.050811444525,129.789740191182,131.07708716544,78950646.4333434,123.495423317311
"SP500","2020-11-10",130.531506577269,132.474510809948,127.846786712253,130.19445216028,77690233.7236839,122.578198760366
"SP500","2020-11-11",131.060752560873,132.854735791509,129.439024961138,131.468965666853,51419672.339458,123.828119196061
"SP500","2020-11-12",131.212034978107,132.371972047883,129.274640428898,130.298260865688,47446322.8340812,122.760246984196
"SP500","2020-11-13",131.118169539825,132.704675859708,129.916563696117,131.922025778612,43538517.5457554,124.289180686959
"SP500","2020-11-16",132.802678228689,134.333449239204,131.256690813915,133.222166672956,51277487.7361415,125.494820960832
"SP500","2020-11-17",132.851998672151,134.102889505456,131.304182842302,132.676612673791,43337541.9644832,125.010509323156
"SP500","2020-11-18",132.753207010767,134.278863409752,130.96016569627,131.535623176392,59267277.1146526,123.976845147315
"SP500","2020-11-19",131.247512609678,132.892910187307,130.045671335927,132.045879325126,61383196.0194169,124.472985093046
"SP500","2020-11-20",131.953160761903,132.867373369761,130.428938022213,130.965495177459,43858096.5132729,123.441195874259
"SP500","2020-11-23",131.745234056419,133.208789177474,130.080544537443,131.754368234379,51335167.3139984,124.174783819221
"SP500","2020-11-24",132.702380249191,134.916210873421,131.457575621794,133.914760637296,50503745.0318533,126.209579374515
"SP500","2020-11-25",134.038109195115,135.121325240173,132.410693444221,133.870139627488,38655930.3061714,126.197445681851
"SP500","2020-11-27",134.479178380957,135.595255259546,133.375080506387,134.41616494287,25294124.8219175,126.740442686942
"SP500","2020-11-30",134.299929683299,135.456001762426,131.907973606857,133.77393676041,51886551.2689888,126.169796277085
"SP500","2020-12-01",135.101480998413,137.002118259561,133.661897715152,135.280856025393,47192526.2722892,127.689127223605
"SP500","2020-12-02",134.656777993111,136.328435241966,133.149475019209,135.205020865411,41613568.7621794,127.616139533793
"SP500","2020-12-03",135.370363947509,136.754838999352,134.080619680529,135.122046503559,33942651.7416094,127.565601012561
"SP500","2020-12-04",135.296010886729,137.009386694662,134.466740946563,136.165111923243,33305045.363066,128.529165938657
"SP500","2020-12-07",136.023096318762,137.58229082189,134.786181318767,136.3517479897,36642624.1133622,128.751364236502
"SP500","2020-12-08",135.851602130544,137.579545359717,134.823574626227,136.59534249394,40604412.381468,128.966398499838
"SP500","2020-12-09",137.150962823271,138.266862543223,134.039796096668,135.416434175718,55568367.9137983,127.811893764782
"SP500","2020-12-10",134.756062947374,136.768836930212,133.600275978128,135.499271204707,36662384.1069955,127.923148153659
"SP500","2020-12-11",134.765705329348,136.098765019592,133.4134647274,135.203476797944,35214855.9097906,127.642160560873
"SP500","2020-12-14",135.969773594475,137.565985424145,134.137163538794,134.945180160797,41653434.4346439,127.452796505033
"SP500","2020-12-15",135.911404743194,137.341066162381,134.364645788853,136.485386475138,39286574.3876738,128.896313741246
"SP500","2020-12-16",136.668101749363,137.966259130776,135.242778174034,136.747700612386,38289817.5280525,129.153387684641
"SP500","2020-12-17",137.502254420505,138.878706269576,136.266986101595,137.784172696713,38869609.2520515,130.148117439929
"SP500","2020-12-18",137.998189007583,139.079965624142,135.780945113408,137.734166110466,74882831.2706865,130.132650436228
"SP500","2020-12-21",136.038768381216,138.066635799152,134.377789294477,137.218484735449,47970124.7465011,129.641107237957
"SP500","2020-12-22",137.29338277517,138.348774204172,135.59233476338,136.951315900675,37823896.7346292,129.412390489849
"SP500","2020-12-23",137.257377330894,138.62682618873,136.055776461369,136.929460393285,29712167.4870044,129.373883409771
"SP500","2020-12-24",137.166652005353,138.365356919573,136.394773537076,137.53568827237,16445999.8090352,129.961151233153
"SP500","2020-12-28",138.676117715095,140.297073853444,137.286033122601,138.86680744902,37178945.4559658,131.248239335475
"SP500","2020-12-29",139.637441972235,140.458803805785,137.809404236618,138.630088163802,32307995.604272,131.034411250138
"SP500","2020-12-30",139.192772602697,140.353712266752,137.9431839824,138.87084679797,34444450.7327566,131.262508283486
"SP500","2020-12-31",138.886954276985,140.425568982438,137.808928581257,139.718281162749,32768951.5543557,132.050105019808
"SP500","2021-01-04",140.280638057419,141.107604349548,135.84822912957,137.691984639025,68740142.5293944,130.143329142494
"SP500","2021-01-05",137.420111444657,139.643250992127,136.577535138752,138.592467639758,43019895.1768706,131.005023015996
"SP500","2021-01-06",137.565213889758,141.105490709008,136.535708994005,138.91508804547,72268000.0197851,131.231617597154
"SP500","2021-01-07",140.002502056714,142.594340444766,139.048201234181,141.370831874732,58080008.373649,133.623535472613
"SP500","2021-01-08",142.160822650993,143.543956238337,140.350536373647,142.466459344262,45430031.8864147,134.695332319823
"SP500","2021-01-11",141.314350267844,143.106828978383,139.737226063501,141.269999047682,60864510.8171327,133.49981733889
"SP500","2021-01-12",141.343408203924,142.971918472325,139.447710955393,141.19684647034,43142315.330596,133.406137238197
"SP500","2021-01-13",141.13582283821,142.920308026361,139.99940552086,141.585384681968,34650675.5962815,133.785635306085
"SP500","2021-01-14",141.788591447869,143.244752845326,139.851542932153,140.65921027729,41638556.5673524,132.884334784612
"SP500","2021-01-15",140.373974660508,141.817037669936,138.461510636322,139.803827480924,44850357.5066876,132.081119364882
"SP500","2021-01-19",141.024800398924,142.734473139271,139.465998995385,141.331255181613,38324731.9723302,133.572463294704
"SP500","2021-01-20",142.377789905053,144.725291727161,141.013568198614,143.480308190342,44998466.8903167,135.661509977219
"SP500","2021-01-21",143.745034937058,145.459902050521,142.178288896562,143.675307157169,49277969.9258879,135.886224186092
"SP500","2021-01-22",143.178284761629,144.935269458485,141.962878765073,143.399243989947,39641815.2270859,135.637098409198
"SP500","2021-01-25",144.020124257263,145.62125207495,140.944939080992,143.997883397667,46460906.4805019,136.222680956986
"SP500","2021-01-26",144.531898447624,145.860482737054,142.53878312656,143.848136645468,32742228.2685051,136.090933391574
"SP500","2021-01-27",142.68986378019,144.220916088618,138.519899446578,140.061003609293,59706915.3941891,132.490321179807
"SP500","2021-01-28",141.059472277689,144.568048558021,139.343767985499,141.486260191748,43279421.4755413,133.820390852012
"SP500","2021-01-29",140.71721146082,142.116087893907,137.214088081765,138.548956319831,50012963.1531609,131.036896287961
"SP500","2021-02-01",140.023976109356,142.404029928889,138.29586456889,141.09591312621,37709663.6188029,133.49364611293
"SP500","2021-02-02",142.390998945891,144.906070974259,141.329943015214,143.19165581231,39497990.2749808,135.492150249633
"SP500","2021-02-03",143.684271994068,145.131642188058,141.685269060431,143.014866325964,42501587.0721639,135.307870298838
"SP500","2021-02-04",143.471808564692,145.37533580822,142.071772118268,144.474145283857,33951335.9141864,136.697398234642
"SP500","2021-02-05",145.129806217579,146.356651206953,143.583644983429,144.880809806007,29430619.2859921,137.100379633659
"SP500","2021-02-08",145.606957196247,146.967182825655,144.055866388437,145.800922986647,49322598.9626797,137.964900994988
"SP500","2021-02-09",145.469510575755,147.019351592075,144.245470048494,145.658493748577,36654182.7059491,137.842729914082
"SP500","2021-02-10",146.495850039764,147.396070784549,144.14690047808,145.589634802822,53732356.870338,137.770263222627
"SP500","2021-02-11",146.120776299609,147.447297996241,144.326125024427,145.961403541813,48208781.2307957,138.172814934864
"SP500","2021-02-12",145.424649824425,147.318305991247,144.430117218241,146.538114281857,41759452.7317524,138.720766160965
"SP500","2021-02-16",146.935832442281,148.462217389752,145.175514625126,146.40404932322,42003626.1872718,138.597183382158
"SP500","2021-02-17",145.422343379098,147.284560714141,144.152193155694,146.38149766123,39451182.9810566,138.588980808971
"SP500","2021-02-18",145.113545151316,146.825488789184,143.772515101989,145.708576707727,36821948.2199701,137.949305492939
"SP500","2021-02-19",146.298657176828,147.576110001407,144.370978333637,145.466414802826,41602410.8575702,137.697477786356
"SP500","2021-02-22",144.147400094398,146.323981631208,142.142959472242,143.880978016844,46842523.6407723,136.13535773865
"SP500","2021-02-23",142.771342768562,145.330600201311,139.854212505245,144.032870562465,58540721.6059167,136.27843843123
"SP500","2021-02-24",143.502699738802,146.747250199503,142.036701522009,145.76405179968,55124083.3775578,137.923707112302
"SP500","2021-02-25",145.050626755831,146.458677782294,140.76584824422,141.615308230378,89566390.7811248,133.936598914913
"SP500","2021-02-26",142.665346890874,144.274182744264,139.933164976516,141.500938390048,67014002.7317966,133.902591242404
"SP500","2021-03-01",143.527498124519,145.993882362004,142.386709184354,144.875253830503,47460356.2160565,137.127477268364
"SP500","2021-03-02",145.093659989965,146.109321468482,142.715042105056,143.422389591621,38466739.1736085,135.718169508511
"SP500","2021-03-03",143.12676659579,144.689324951547,140.433338647869,141.164637742449,51493245.462461,133.524781952438
"SP500","2021-03-04",141.067925823179,143.176213886738,137.072319386507,139.105213581404,77679935.692735,131.580121290472
"SP500","2021-03-05",140.518292745367,142.86876853784,136.702989117368,141.838245562624,74584169.4264353,134.152974516662
"SP500","2021-03-08",142.158502072215,144.701097113489,139.298365507543,140.620288294116,69419415.9002121,132.92515625293
"SP500","2021-03-09",142.697048634291,145.647396388248,141.31592450905,143.411409093161,66263141.0099341,135.673936836047
"SP500","2021-03-10",144.668263811228,146.452744553996,142.378565501586,144.034393468143,52271344.1913527,136.235258023114
"SP500","2021-03-11",145.446854306781,147.544179003729,144.138234356166,145.827417673494,43732318.0516411,137.99367633727
"SP500","2021-03-12",144.883048087148,146.569237509327,143.634452882311,145.827776905146,37107504.8585929,137.964981954629
"SP500","2021-03-15",145.750994023917,147.502956911272,144.090222027121,146.675429273932,35937212.6837137,138.782825134699
"SP500","2021-03-16",147.006011477138,148.450450634983,145.160231127632,146.456221451866,41622434.4780908,138.581660873119
"SP500","2021-03-17",145.744871837123,148.304321210735,144.303820176811,147.091823325281,40093787.3058613,139.201517945681
"SP500","2021-03-18",145.869744944753,147.534440380283,143.526586493982,144.320346624256,45737604.349772,136.504182645523
"SP500","2021-03-19",144.192382820666,146.113082234892,142.322867557809,144.369636420674,60557281.7375638,136.588776366023
"SP500","2021-03-22",144.598050940491,147.061455170757,143.311732935214,145.483926486018,44618069.0871653,137.670016344465
"SP500","2021-03-23",145.504365612545,147.008714522527,143.591471563042,144.4727474423,37646075.953455,136.719819476575
"SP500","2021-03-24",145.045638872593,146.607908454377,142.965053406493,143.614479393668,37653247.5819507,135.85369389616
"SP500","2021-03-25",143.053720684258,145.510563727899,141.412679984001,144.29682440766,43830346.3857177,136.477403492457
"SP500","2021-03-26",144.604473517305,147.398496161751,143.185269250987,146.774452123507,47943133.7030629,138.799457988084
"SP500","2021-03-29",146.364192768025,148.214969233728,144.792682445909,146.895995676491,38849625.8222515,138.92917670106
"SP500","2021-03-30",146.326448378115,147.733753836158,144.892734003898,146.313409367327,33063516.4357161,138.393569827298
"SP500","2021-03-31",146.824175404502,148.992546540552,145.838739392622,147.28372312113,46684354.9589251,139.369940259831
"SP500","2021-04-01",148.455100373697,150.226548368358,147.260539104219,149.185945546299,42130832.8564133,141.197411227255
"SP500","2021-04-05",150.444926634567,152.748725067325,149.421434134898,151.698312176779,40803492.8820252,143.636443909604
"SP500","2021-04-06",151.468621449818,152.857123797281,150.335920707125,151.444210309722,31651470.183881,143.40220088892
"SP500","2021-04-07",151.466165885171,152.897808450614,150.217685827649,151.680547031409,35991122.2705009,143.635253848292
"SP500","2021-04-08",152.304216164669,153.585117253868,151.219903006439,152.651026779226,35885355.3856276,144.592097404805
"SP500","2021-04-09",152.622435555004,154.370816754034,151.671921339657,153.916846330828,33793418.9989675,145.805954038851
"SP500","2021-04-12",153.537724881427,154.883922279489,152.419642523101,153.846290433692,83752243.02458,145.73689233745
"SP500","2021-04-13",153.974973951333,155.600974533897,152.830960525991,154.586571798999,69979625.6306416,146.482946864705
"SP500","2021-04-14",154.794358205333,156.320937449551,153.02292578632,153.973138610823,48327565.0987211,145.881599919579
"SP500","2021-04-15",155.263660012911,156.906532003686,154.182849929442,155.975349349664,63949484.6557271,147.811308166129
"SP500","2021-04-16",156.513238074717,157.639356182278,155.124633924331,156.578663344054,43511706.6096823,148.379894545177
"SP500","2021-04-19",156.110475742444,157.213182832273,154.323525334508,155.563045144625,49464737.1473389,147.398074329915
"SP500","2021-04-20",155.188379418285,156.544484997507,152.973101022266,154.459440445421,44081290.6704714,146.336996827778
"SP500","2021-04-21",154.332081381296,156.4285525491,153.180333797078,155.836336612154,33768546.9751609,147.641770128136
"SP500","2021-04-22",155.634612538251,156.852669027766,153.452941046725,154.272055129761,39956247.7819023,146.162831012102
"SP500","2021-04-23",154.6497685381,157.009276324517,153.940172585783,156.187168622674,34797856.9848302,148.002702935206
"SP500","2021-04-26",156.620170053865,157.946185665148,155.367098303262,156.646359595798,32369620.6771222,148.468584167337
"SP500","2021-04-27",156.745253273522,157.743478167058,155.304773085578,156.520377282515,30096009.2408409,148.330020058175
"SP500","2021-04-28",156.56997789035,157.894388054122,155.149080939728,156.205845381867,39670789.0517333,148.04252357252
"SP500","2021-04-29",157.74405141332,158.922262978733,155.212549467229,157.288412636403,41553661.7358918,149.065208065688
"SP500","2021-04-30",156.308364247672,157.991097705407,154.927268638673,156.283273467058,39958155.8325094,148.119350820265
"SP500","2021-05-03",157.13207143808,158.422418283622,155.326814775332,156.455291220394,34370416.0174482,148.232769921412
"SP500","2021-05-04",155.670118026453,156.850118448337,153.019260445751,155.180275907368,55981519.8923083,146.963938487725
"SP500","2021-05-05",155.97731701463,157.110539920042,153.849973704972,155.041158862894,39683670.9900272,146.799613652712
"SP500","2021-05-06",155.053182477586,156.869780477921,153.438538959043,156.192343693842,33307975.162952,147.880810399533
"SP500","2021-05-07",156.715753385123,158.686435454981,155.635488055526,157.407954159878,35548645.4111417,149.05550533653
"SP500","2021-05-10",157.279541162406,158.44002194749,154.65974035376,155.186910573067,42218916.565653,146.870440650186
"SP500","2021-05-11",153.121968445666,155.375242884067,151.31485734684,153.88593381227,46816515.676948,145.663941422038
"SP500","2021-05-12",152.485801084265,153.776348771794,149.68485103429,150.331910309675,47245991.8032726,142.279587103434
"SP500","2021-05-13",151.231473141761,153.84352218206,150.034949689145,152.227272446948,42784656.8695074,144.07875245524
"SP500","2021-05-14",153.539109470786,155.655542383325,152.708318428541,154.849553781459,37368108.9972095,146.611968921719
"SP500","2021-05-17",154.259042724859,155.369579866492,152.623743342091,154.134545690097,34223500.6600785,145.913075676567
"SP500","2021-05-18",154.411634584726,155.435973613113,152.283307593418,152.773200785802,31360942.2432292,144.641441520238
"SP500","2021-05-19",150.640925337055,153.059268668595,149.467207001283,152.59181097777,45690173.5480218,144.520928391939
"SP500","2021-05-20",153.079728916797,155.350331959756,152.383054376912,154.442113998413,41798807.7097674,146.312853103053
"SP500","2021-05-21",155.146114170099,156.206829269879,153.479686651773,154.124063058405,68674428.157513,145.988289913221
"SP500","2021-05-24",155.052685385363,156.971919820805,154.267577026262,155.987642730792,56979947.9452472,147.80647685482
"SP500","2021-05-25",156.550158259447,157.521605972201,154.982106614242,155.923288174317,49095897.6398995,147.77446837717
"SP500","2021-05-26",156.273555655021,157.355471554906,155.083606443253,156.172767237041,42027351.3417351,148.017115674331
"SP500","2021-05-27",156.572684522423,157.741816280103,155.156549721809,156.424207095763,65495682.5219424,148.258350020431
"SP500","2021-05-28",156.88812269876,157.893390507113,155.727042529193,156.466550805699,63844998.8762756,148.315088265981
"SP500","2021-06-01",157.534601958285,158.241340439019,155.311828770536,156.209211783946,50564182.3935967,148.054557133093
"SP500","2021-06-02",156.544701236657,157.66014538797,155.155283254268,156.329671231575,58592653.5179618,148.168353074253
"SP500","2021-06-03",155.343103710341,156.778488889922,154.003276874123,155.517000079757,59944336.5236137,147.37726235598
"SP500","2021-06-04",156.285198883439,157.929218649811,155.444551346969,157.138507640793,61946968.6549915,148.946698013351
"SP500","2021-06-07",157.130668422103,158.848215784307,155.620355147016,157.32498451241,58513961.3418549,149.146641684536
"SP500","2021-06-08",157.784288520473,158.873779416216,156.068763996771,157.365931289436,41318677.9878676,149.193736421736
"SP500","2021-06-09",157.719567706849,158.691193181914,156.429512080436,157.132065689212,41970840.3249923,148.984462420432
"SP500","2021-06-10",157.628529876526,159.396935285275,156.226692482832,157.985589852219,38408899.1030677,149.820070576693
"SP500","2021-06-11",158.135827170392,159.022316543549,156.934868287224,158.1506434921,44824075.6950472,149.982142513025
"SP500","2021-06-14",158.165811906787,159.498677266123,156.799815425702,158.774746190667,40868030.4573161,150.626449122502
"SP500","2021-06-15",158.851896957367,159.676412537652,157.360380887068,158.358570024913,32563265.5033157,150.218228676961
"SP500","2021-06-16",158.562785299061,159.497985204699,156.129266217817,157.489016235323,42838323.6498757,149.405621675054
"SP500","2021-06-17",157.306941363611,159.669201332548,155.66484991663,157.992082923113,82076636.3334223,149.956138145638
"SP500","2021-06-18",156.789358248847,158.161085004692,155.22630857286,156.099382956615,100085316.853153,148.20404090481
"SP500","2021-06-21",156.685018389305,158.797463896256,155.539780570918,158.098589705278,68363103.6969644,150.072797542491
"SP500","2021-06-22",158.168342045185,159.790452519467,157.246756268669,159.097052682451,59763854.9150111,151.045043931336
"SP500","2021-06-23",159.208024813071,160.307226200325,158.095267538927,159.039788605971,39794527.4746633,151.006427814726
"SP500","2021-06-24",160.211463288752,161.463156708384,158.947598838439,160.115724493869,41393211.6267691,152.038571606827
"SP500","2021-06-25",160.38634972416,161.651379226255,159.144630601584,160.367361153099,41297649.2010715,152.261071056754
"SP500","2021-06-28",160.635454833414,162.277475344799,159.104323662429,161.035857521378,52080384.1805677,152.938325077921
"SP500","2021-06-29",161.174260083917,162.425830403086,159.882880353208,161.143734611004,41996079.3799307,153.058562099634
"SP500","2021-06-30",161.00870543301,162.289608198938,160.106908438411,161.207973872077,39530570.920382,153.102305193885
"SP500","2021-07-01",161.344749479137,162.82451594682,160.438312706802,162.02300921195,49131443.248416,153.882665312899
"SP500","2021-07-02",162.542825556091,164.178498108348,161.664230733371,163.446702629323,42404889.5480665,155.273259800053
"SP500","2021-07-06",163.598071830382,164.862547513884,161.413743634889,163.406472320647,55092868.9809048,155.278529691991
"SP500","2021-07-07",163.824653992371,165.230065735757,162.193213464919,163.870497092823,50847138.0848586,155.708154072107
"SP500","2021-07-08",161.630604753362,163.63398517942,160.328073153681,162.514672516003,57762768.986292,154.434381449851
"SP500","2021-07-09",163.095478604906,164.829862738864,162.234788392336,164.206966012613,39570293.0347029,156.023774614915
"SP500","2021-07-12",164.279843315062,165.856589983746,163.052699434872,164.748461194972,39699963.1711469,156.537784501663
"SP500","2021-07-13",164.502627418875,166.227427331035,163.221215171848,164.292145017435,39476640.1473173,156.112470192197
"SP500","2021-07-14",164.987270205745,166.207971285004,163.245060194097,164.33506052207,48547622.7542807,156.166848603648
"SP500","2021-07-15",163.997945325193,165.308601792743,162.212615445777,163.78104996072,59412947.4166443,155.623357681259
"SP500","2021-07-16",164.322590132035,165.150136356496,162.028816565773,162.694777935065,69217973.1239839,154.592486898974
"SP500","2021-07-19",160.713720113597,162.001014984996,158.333573689624,160.201628949809,78472079.5540698,152.246680945235
"SP500","2021-07-20",160.75375620899,163.971966646727,159.688201973529,162.79182820455,51067249.6640477,154.714396497308
"SP500","2021-07-21",163.21403455737,165.024366768059,162.062733140001,164.098765923873,43294569.999076,155.951587213797
"SP500","2021-07-22",164.291964942666,165.710598209856,163.156861132533,164.75057783313,39364406.4041551,156.616364529443
"SP500","2021-07-23",165.663657376215,167.689977879265,164.640887797472,166.823796381349,30199830.7054071,158.621395199686
"SP500","2021-07-26",166.605545618839,168.045224865047,165.457339022747,167.107467529612,30639061.7448827,158.894982522059
"SP500","2021-07-27",166.789877302534,167.985931834379,164.097939125415,166.296317203133,40097951.0913122,158.099092988631
"SP500","2021-07-28",166.784292850693,168.1718732526,164.7316824899,166.333245558247,37745448.8982741,158.155386022557
"SP500","2021-07-29",166.570351026492,168.362103872784,165.424572378102,166.892289637885,31961094.238943,158.683491043007
"SP500","2021-07-30",165.819256215395,167.633353940854,164.729711064296,166.140197650691,35185283.721008,157.955335465766
"SP500","2021-08-02",166.960641121966,168.363405674748,165.017293698014,165.924116303263,32311737.1990595,157.757163112346
"SP500","2021-08-03",166.309370006286,168.171873495259,164.378483661419,167.169069972807,38841846.0504911,158.930351033747
"SP500","2021-08-04",166.827661853199,168.566218804259,165.490049602345,166.777045689844,31702371.6555601,158.599013026515
"SP500","2021-08-05",167.411850958386,169.037623950389,166.102321723375,168.035397653061,27986443.1794008,159.813284595111
"SP500","2021-08-06",168.022499604815,169.26943713891,166.767469145511,168.022832373032,26674609.376609,159.795364527809
"SP500","2021-08-09",168.137165285454,169.262115561755,166.709913547262,167.83337076969,22805755.2906141,159.632330096283
"SP500","2021-08-10",168.017947994348,169.451308353903,166.391359617548,167.82767332181,27758682.8142039,159.600064508047
"SP500","2021-08-11",168.295872321937,169.461419675486,166.700138317743,168.123141337246,26682671.3158851,159.85783174766
"SP500","2021-08-12",167.935852993734,169.400328182176,166.668755009196,168.602921443671,26013209.4523506,160.36411372464
"SP500","2021-08-13",168.709418924672,169.798384168231,167.671050849742,168.911071033731,26361005.3730796,160.668118002143
"SP500","2021-08-16",168.471640136068,170.080551356281,166.45576167644,169.357858044392,33573046.5747188,161.083914283931
"SP500","2021-08-17",168.265489838563,169.433971110161,166.334952744645,168.041697453858,32916143.0452374,159.824363994743
"SP500","2021-08-18",167.631836340703,169.21030318136,165.825037473066,166.364954021693,38069851.9527475,158.280828089586
"SP500","2021-08-19",165.14219719345,168.146966070758,164.260861407497,166.803570226414,75688624.0133834,158.719260506458
"SP500","2021-08-20",167.155676072419,169.108203286593,166.13614024314,168.191325760159,66145966.6930031,160.054462927451
"SP500","2021-08-23",168.719957346617,170.793400709266,167.794494896278,169.653852347921,58295632.2438134,161.485007536933
"SP500","2021-08-24",170.001914618346,171.415437732011,168.805671372221,170.046115798345,34675190.0103109,161.878790094976
"SP500","2021-08-25",170.282136797152,171.782379358554,169.014354604101,170.507234994561,38586760.4279745,162.322706139508
"SP500","2021-08-26",170.386721364477,171.399136624282,168.859945491384,169.592113302144,29733194.9791536,161.448935646199
"SP500","2021-08-27",169.935229302841,171.892302959466,169.152387240246,171.056210084816,36641134.8347994,162.8541673664
"SP500","2021-08-30",171.399226856686,173.350112594975,170.385338219428,172.115522969328,35630487.6054215,163.907086645235
"SP500","2021-08-31",172.193791976359,173.133743264468,170.590446942272,171.767664922273,38547583.3354956,163.595784980253
"SP500","2021-09-01",172.058626663425,173.446684734803,170.627481393775,171.825222542917,31464315.5823699,163.676900092521
"SP500","2021-09-02",172.361249833884,173.514729059649,170.861506938487,172.064852706541,29508651.9472634,163.886580792165
"SP500","2021-09-03",171.735335896317,173.065801280719,170.716153636256,172.092706002033,33871214.9093004,163.94054756801
"SP500","2021-09-07",172.013000391951,173.281845120775,170.300613963668,171.762714098731,30457035.0360737,163.675537184503
"SP500","2021-09-08",171.596096469852,172.800942694252,169.885350286789,171.51065517939,34114326.7339764,163.428354148675
"SP500","2021-09-09",171.491761850052,172.896377174152,169.963805934634,170.665061189771,27962397.9095803,162.640139721338
"SP500","2021-09-10",171.610623738627,172.504584395767,168.997689640977,169.461168528164,38460662.5383618,161.488272890243
"SP500","2021-09-13",170.595992079267,171.577825118261,167.863747210353,169.698403766303,40176210.2153783,161.688458921684
"SP500","2021-09-14",170.352606382622,171.250567627153,168.171082517945,169.102267657979,32295046.1319081,161.163368063726
"SP500","2021-09-15",169.402672378741,171.305293514775,168.007395019677,170.489156143562,29777214.460462,162.483750795892
"SP500","2021-09-16",170.307167014275,171.408510300172,168.591112455924,170.249230641985,26636512.9464981,162.274328046199
"SP500","2021-09-17",169.852386733414,170.888231213484,167.659165183081,168.710721263604,52057086.2447401,160.798532708845
"SP500","2021-09-20",166.109877622718,167.656690666681,163.515065192061,165.874223609984,51045067.6605195,158.08291804406
"SP500","2021-09-21",166.860258477003,167.897960568341,165.054650768351,165.95599288418,31218246.0026746,158.183594119231
"SP500","2021-09-22",166.592859205794,168.657964823134,165.433183510771,167.376324372322,36908656.7953143,159.531957084998
"SP500","2021-09-23",168.164892770801,170.413862610157,167.383530993128,169.274561882635,32975357.7755772,161.340190628335
"SP500","2021-09-24",168.622854769304,170.656156455619,167.87817617994,169.820035695783,29001594.2104402,161.874044013639
"SP500","2021-09-27",169.157710857812,170.834354296782,167.415602189185,168.994233285647,35272693.3824547,161.05596433121
"SP500","2021-09-28",167.540793572324,168.492684066223,164.23804597496,165.130579049395,49326038.6743687,157.327348204405
"SP500","2021-09-29",165.785433144224,167.335266208713,164.230123458205,165.264086936049,32956681.9263677,157.454737891317
"SP500","2021-09-30",165.940964466901,166.957125668221,163.068138976842,163.425476915155,35729402.8066594,155.736590860538
"SP500","2021-10-01",164.087985610085,166.411476783789,162.091456000031,165.328769240035,36833880.5922859,157.545652038099
"SP500","2021-10-04",164.779777658834,165.90217593927,161.213039988461,162.678371822223,48722023.4541161,154.966359306683
"SP500","2021-10-05",163.284506158513,166.054484391029,162.376160542682,164.411900546534,39092671.6987727,156.644631936378
"SP500","2021-10-06",163.079384020761,165.773020174209,161.881368573177,165.28793475001,39491213.4710084,157.492075482142
"SP500","2021-10-07",166.622045872489,168.565127032172,165.739758612843,166.703114963615,34024173.4101107,158.862923544117
"SP500","2021-10-08",167.086649383411,168.012736974168,165.517756304556,166.422543191853,24405211.2754124,158.583890314634
"SP500","2021-10-11",166.178420928989,167.985179446383,164.874043123231,165.416054587438,25354787.920732,157.623650822342
"SP500","2021-10-12",165.885308416388,166.78945429099,163.930381582277,164.980979978135,28187545.6290092,157.212044026545
"SP500","2021-10-13",165.571283787026,166.788285698004,163.875107306381,165.659550987772,28995486.1391366,157.867373443636
"SP500","2021-10-14",167.208149672402,169.238799046297,166.310435973568,168.456131225461,33826717.0043131,160.547359761582
"SP500","2021-10-15",169.348358687406,170.804765623585,168.134406675933,169.854608423433,35152521.6244813,161.882967408976
"SP500","2021-10-18",169.367207332691,171.724471340977,168.426873895939,170.81901033534,31254023.3232513,162.846496745885
"SP500","2021-10-19",171.507596591075,172.924077727945,170.395071628256,171.997880403984,27114761.8076791,163.960595619708
"SP500","2021-10-20",172.369843531682,173.729115589526,170.790257769988,172.266195590535,24559737.3725185,164.188168305146
"SP500","2021-10-21",172.078530946012,173.893387190331,170.73497535056,173.130393026952,28688922.6340361,165.046671561894
"SP500","2021-10-22",172.786045434547,174.482624612795,171.327466143291,172.863695522497,35056931.0326495,164.752785113655
"SP500","2021-10-25",173.284468501144,175.324561788596,171.753930633818,174.104513648825,33835702.5282374,165.973433059979
"SP500","2021-10-26",174.754665753938,176.794203486059,172.720145675442,174.258978969456,56578426.5359519,166.120327244813
"SP500","2021-10-27",174.557683260699,177.034689157449,172.588760308762,174.003597198422,39295153.0760116,165.924184893665
"SP500","2021-10-28",174.783166620455,177.294645988552,173.264671783002,175.811579921651,39328579.3771366,167.669883985335
"SP500","2021-10-29",174.868494510855,177.75704917474,173.857342106529,176.685568540454,46787901.0639966,168.541035899863
"SP500","2021-11-01",177.164709630198,179.014726838218,174.761251089395,177.091510765461,39796171.895853,168.943414952532
"SP500","2021-11-02",177.120696081739,179.410308566485,175.557986802732,177.683767178873,39779219.2102048,169.487866910088
"SP500","2021-11-03",177.705351745995,179.74490408292,175.771415419757,178.865885818315,33714254.8128012,170.640829665141
"SP500","2021-11-04",179.514963528698,181.918749671613,177.569502072765,180.151802321318,105130464.192032,171.923854886376
"SP500","2021-11-05",181.170909103204,183.268394113272,179.080945341872,181.051942244679,82538258.1475494,172.801576960067
"SP500","2021-11-08",181.486546340555,183.177871444077,179.422846454074,181.087928254704,53745177.3249229,172.825284469494
"SP500","2021-11-09",181.399855216869,182.80444069306,178.521358811889,180.287412689937,66925686.662637,172.031396544077
"SP500","2021-11-10",179.520795187202,181.402536768721,176.995783363349,178.582793268506,66225469.719616,170.401984931205
"SP500","2021-11-11",179.363481643741,180.584864387558,177.381513014247,178.533103326231,37043274.426961,170.354788981416
"SP500","2021-11-12",179.079996134373,181.041480359718,177.680957025663,180.011395804899,46518707.8111293,171.811396013079
"SP500","2021-11-15",180.40203806524,181.82051061788,178.389407441497,179.805986203723,44115716.6762405,171.613660996117
"SP500","2021-11-16",179.71576640494,182.214139126686,178.595363259435,180.685630153009,34776829.6099458,172.479959872947
"SP500","2021-11-17",180.634560867402,182.514205486474,178.663796381795,180.289877562299,49210096.1338871,172.15075160989
"SP500","2021-11-18",180.868614190895,182.61101837201,178.728456146079,180.97013789941,81644748.1607672,172.840543076411
"SP500","2021-11-19",181.318020746485,183.347846280423,179.273666477911,181.139536290023,62140022.1380076,173.053306021502
"SP500","2021-11-22",181.897332528733,184.508349836332,178.995170612493,180.087246489336,80055782.557153,172.009031817742
"SP500","2021-11-23",179.94644491656,181.889094720813,177.42111357918,180.295362118104,60077382.8847585,172.161953886281
"SP500","2021-11-24",179.382319433953,181.77623172963,177.907396045044,180.813799060522,47174060.2192978,172.677002535146
"SP500","2021-11-26",177.789889759905,179.640386609077,174.955520329529,176.318109324351,37253121.7092128,168.384659309211
"SP500","2021-11-29",178.366748301324,180.937093517051,176.53968079452,179.00633179964,53224910.2943763,170.996513925606
"SP500","2021-11-30",177.884747532562,179.742723610744,174.204042645653,175.639822989657,77803443.6272229,167.809381016457
"SP500","2021-12-01",177.888325012125,180.0762795412,173.08894396218,173.560377279634,62082792.5279117,165.799607548053
"SP500","2021-12-02",173.462628246363,177.39360501706,172.064706116682,175.700229914685,58814635.2536004,167.837288701157
"SP500","2021-12-03",176.56617789169,177.639439062857,171.243473555298,173.711504520566,65129023.7860336,165.879807576103
"SP500","2021-12-06",174.757301650906,177.735542136011,172.423853510538,175.968820911851,70606867.5565513,168.041063277555
"SP500","2021-12-07",178.472545719662,181.237696141708,177.328704925612,179.926167836642,66146570.9555756,171.874473601364
"SP500","2021-12-08",180.300956254375,182.109300726474,178.190107503611,180.837752638503,54158068.6100913,172.781311948828
"SP500","2021-12-09",180.291254022299,181.987519271174,178.291940624357,179.359690054071,54776091.9127227,171.341330775758
"SP500","2021-12-10",180.511641509104,182.668872697235,178.524188133362,181.251209965795,57517505.5508995,173.151926257836
"SP500","2021-12-13",180.91963917152,182.530763735383,177.989420122757,179.409442717184,68534337.3178824,171.360756967577
"SP500","2021-12-14",177.871808452612,180.059090068462,175.329626931947,177.728898341609,74002447.0491585,169.74825065041
"SP500","2021-12-15",178.055161286699,181.631975462839,175.552289891648,181.055824424998,76279084.1059142,172.965047407815
"SP500","2021-12-16",181.888716878209,183.482562691433,177.345311331442,178.857717336152,78541505.2980762,170.781815853984
"SP500","2021-12-17",177.515354391907,179.961977086392,175.013187694332,177.269168411595,89458039.778787,169.303678509923
"SP500","2021-12-20",174.999399705204,176.667139783153,172.659360150947,175.128576554603,54647589.9308523,167.242641383892
"SP500","2021-12-21",176.643406158261,179.503840551553,174.704788234682,178.671698234772,58136769.4013302,170.688599920918
"SP500","2021-12-22",178.670027586407,181.437549336635,177.567583671623,180.774325441018,47316120.9783264,172.733113991614
"SP500","2021-12-23",181.146813848624,183.430650682714,180.387732269773,182.188913971613,40268915.803243,174.102430994739
"SP500","2021-12-27",182.759731955978,185.584856734154,182.058258632249,184.922570072123,44959246.4844482,176.731469219863
"SP500","2021-12-28",185.17910225768,186.538579701406,183.594676073055,184.643418972783,45833695.5055075,176.446227658126
"SP500","2021-12-29",184.8433680229,186.316804908103,183.470082165783,184.923904327117,37829207.9981135,176.708089527499
"SP500","2021-12-30",184.982381029465,186.370135568,183.643689288025,184.250159364484,34636041.1012711,176.066012256317
"SP500","2021-12-31",184.081129328996,185.36956118694,182.844021556811,183.609596459058,32427464.5456731,175.430060032191
"SP500","2022-01-03",184.330484980526,186.640159679576,181.806480084168,184.849767898793,49707792.0279282,176.65926198892
"SP500","2022-01-04",185.210004113419,187.283719642049,181.93437666157,184.28474287143,61518094.1420071,176.048490697542
"SP500","2022-01-05",183.97899038123,185.512684369522,179.610906039617,179.997556469303,60758589.4740472,171.888437009449
"SP500","2022-01-06",179.556163856522,182.114005889785,177.383218787469,179.747167698604,55327790.7860372,171.650197462045
"SP500","2022-01-07",179.760433393759,181.418200273549,176.913240873227,178.5372376392,49520995.4392127,170.463637204448
"SP500","2022-01-10",176.920682248536,179.358931288267,173.456365229315,178.284657813924,68938730.9724279,170.24111864429
"SP500","2022-01-11",178.048468416009,180.708352696176,175.964168369839,179.9097190863,48158624.4216375,171.816957025973
"SP500","2022-01-12",180.710424865623,182.547442445647,178.900773806726,180.520299166377,46113198.8046314,172.418192240606
"SP500","2022-01-13",181.114222348325,182.507636361719,176.646343633006,177.41029354833,60427273.3067075,169.398339415121
"SP500","2022-01-14",176.087774325456,178.846311971237,174.376190351066,177.577130873765,49328388.1720149,169.594828972054
"SP500","2022-01-18",175.147720661151,176.840161664154,172.570532808498,173.920532997707,53637034.6772639,166.07159236677
"SP500","2022-01-19",174.712094830534,176.879900752099,171.820584083424,172.350028055478,57312507.8327739,164.56899799474
"SP500","2022-01-20",173.437431984554,176.025653205372,170.231447042727,170.746321492471,53472575.2875355,163.037870013384
"SP500","2022-01-21",170.480873057038,172.269085589332,166.680173263169,167.327444254045,88758713.5040096,159.708887535695
"SP500","2022-01-24",164.541819734356,168.61583588813,159.635281176563,167.971729477102,109564023.326151,160.332470314164
"SP500","2022-01-25",165.245022303753,168.254373070578,162.233420809896,165.422727524741,78409667.4513138,157.821912674961
"SP500","2022-01-26",168.627223076034,170.908397806661,163.61562815333,165.693235624115,86875383.9136012,158.097448480673
"SP500","2022-01-27",167.502331810094,169.777991214888,163.274706107298,164.515688231639,71491282.054807,156.941497909961
"SP500","2022-01-28",165.136364265423,169.310834031115,162.289333731521,168.98503028818,71312538.2544533,161.275185519013
"SP500","2022-01-31",168.885375362722,173.018143741193,167.659348867706,172.531676581974,68798103.6112096,164.736650002286
"SP500","2022-02-01",172.934046863668,174.586444154922,170.270783009716,173.620287233647,63004856.7891183,165.775614516158
"SP500","2022-02-02",175.010283260455,177.208131913433,172.480806270825,175.518747411642,68007492.3311757,167.596390772173
"SP500","2022-02-03",171.767643322314,174.084393637525,168.87096603191,169.99937168295,63672190.9398936,162.211199399671
"SP500","2022-02-04",169.796745709538,172.988687621943,167.779249044972,170.847909234892,56087929.5094909,163.08914850921
"SP500","2022-02-07",171.183649539066,172.934567821825,168.625306561942,169.925066011402,50883678.0919062,162.175680325716
"SP500","2022-02-08",169.655338032793,172.557573717349,168.220499854767,171.439104510123,52213869.3258588,163.638233160922
"SP500","2022-02-09",173.360341364569,175.495689092785,172.100927568526,174.264169345878,59625177.2951317,166.382335643465
"SP500","2022-02-10",171.678947872065,174.74029213046,169.647270095614,170.898107729827,61282375.5042902,163.173809177419
"SP500","2022-02-11",171.201555660315,172.722940358657,166.150286013231,167.239406160414,69497652.1430308,159.620212043123
"SP500","2022-02-14",166.823424359472,169.002215533325,164.597178647197,166.767028985475,54594587.3870002,159.215413999861
"SP500","2022-02-15",168.772056836182,170.973983022867,167.297517471067,169.865844167605,70328206.1225849,162.230041574396
"SP500","2022-02-16",168.906497162902,171.125120052306,167.193698323039,170.12581699465,72113225.3258996,162.506117813099
"SP500","2022-02-17",168.87399942015,170.003144312464,165.392422914603,166.185720119945,80399315.7922766,158.694937751054
"SP500","2022-02-18",166.42813055886,167.789795279848,163.561507048809,164.877624215922,78363282.8791905,157.438716469709
"SP500","2022-02-22",163.59704068042,166.075819313104,160.956311419909,162.789403820205,70633525.1326104,155.42663049728
"SP500","2022-02-23",164.05232588321,165.128773342298,159.058769080146,159.500424304743,64055461.4078363,152.2380971823
"SP500","2022-02-24",154.490443690095,162.960728302281,153.152225555474,162.335314559946,87659377.8797871,155.042043291436
"SP500","2022-02-25",162.796474605081,166.295634360244,161.063466152774,165.494445232602,61178728.6207508,158.036506463537
"SP500","2022-02-28",163.493786565354,166.529829902959,161.992509409107,165.342460580171,59000449.5795222,157.936930692133
"SP500","2022-03-01",164.800766284896,166.640536019019,161.138528208738,162.845331114105,51408086.4434406,155.541576098178
"SP500","2022-03-02",163.613710892329,167.26358771208,162.242735801947,165.980255177481,48890626.9457098,158.533120284531
"SP500","2022-03-03",166.959552960509,168.23550779273,163.290163953384,164.751638000383,46378023.4334567,157.317947532758
"SP500","2022-03-04",163.233134858295,165.339963011763,160.212251264522,163.003514823922,53665364.3242854,155.620787699647
"SP500","2022-03-07",162.7374111733,164.245789873462,156.976967502802,157.788859464493,59565514.6397826,150.576238197416
"SP500","2022-03-08",157.651991145201,162.08928571004,154.526437177911,157.022267413343,70293262.3249398,149.870326115305
"SP500","2022-03-09",160.618120077333,163.395842397197,158.794219876124,161.786823467969,59409286.4078776,154.513412638711
"SP500","2022-03-10",159.805134937328,162.317000836628,157.866449605138,160.9216277448,55393912.4931421,153.680078958341
"SP500","2022-03-11",161.935008867078,163.266292227031,158.250643108084,158.717649052616,47887840.71702,151.551286420476
"SP500","2022-03-14",158.970803352079,161.270840672399,156.176123491992,157.448109952238,51493087.7615124,150.314506819772
"SP500","2022-03-15",158.762767463165,162.283843268254,157.332279897603,161.452790789074,58348197.1199635,154.196094319569
"SP500","2022-03-16",163.02302010169,166.450522621462,160.658764745064,165.349201614393,74489954.2120663,157.991852468741
"SP500","2022-03-17",164.625222031594,167.940990276263,163.437209086772,167.424844999318,54455329.6282247,159.984669468026
"SP500","2022-03-18",167.285347926304,170.613216452375,165.601802422446,169.750270480431,85285924.172927,162.264993925358
"SP500","2022-03-21",169.466958618403,171.452170032709,167.293186729905,169.437562530983,65011590.6878504,161.966855281593
"SP500","2022-03-22",169.960871904025,173.062880696176,168.763288080919,171.631799819326,60836180.6560207,164.109407296488
"SP500","2022-03-23",170.491742089503,172.449199275422,168.455735079542,169.536575014347,57292291.2753235,162.101431401246
"SP500","2022-03-24",170.253109027229,172.841304378801,168.878409619401,172.270244164786,84001735.5375803,164.754294493105
"SP500","2022-03-25",172.627909867305,174.134929636474,170.563534492509,172.796547664561,59960584.3928236,165.234921614014
"SP500","2022-03-28",172.899895560095,175.16719646638,171.404119845473,174.620152569259,50948526.1564072,167.033992262801
"SP500","2022-03-29",176.328366867015,178.33081999946,174.205306215438,176.979599147916,57670267.8270588,169.311663396378
"SP500","2022-03-30",176.522911317551,177.956662886325,174.507120206054,175.907135483735,53063802.0996323,168.275043190667
"SP500","2022-03-31",175.88335877347,177.219547966735,173.084940507995,173.35407467819,60519394.8836995,165.835927858349
"SP500","2022-04-01",174.032589045966,175.656035143008,171.641872855687,173.960635281592,56254772.8377936,166.406493969637
"SP500","2022-04-04",174.07295918053,176.772369219754,172.588796361085,175.73973671779,47225350.3489016,168.167782371677
"SP500","2022-04-05",175.006780775562,176.977979421824,172.314862582837,173.270808394081,49810789.7598321,165.778033310607
"SP500","2022-04-06",171.289055255848,173.353573866072,168.59970561274,171.153096129303,74198146.9311347,163.669838206297
"SP500","2022-04-07",170.73322673849,173.577016218447,168.790838056086,172.132784198954,60555645.5417299,164.617507304005
"SP500","2022-04-08",171.812249707952,173.481110593289,169.838602350041,171.250976580422,55717840.582792,163.732704621855
"SP500","2022-04-11",169.848980120406,171.422595786016,167.233330874579,168.010324581582,61000214.3885119,160.596658354342
"SP500","2022-04-12",169.406843915614,171.235102383889,166.407035372757,167.434740124443,67563092.3877464,160.043124393957
"SP500","2022-04-13",167.332583815343,170.529430278941,166.245147176844,169.533890272879,54986335.6171717,162.10796119308
"SP500","2022-04-14",169.738328135566,170.969749326229,166.513616980127,167.167907484717,60434694.0574732,159.793769792036
"SP500","2022-04-18",166.668887348845,168.975827184362,165.28503130178,167.15898161724,54521409.5165414,159.792475198971
"SP500","2022-04-19",167.185541984621,170.862064947951,166.287269366918,170.005822356499,55530903.8362482,162.542966351432
"SP500","2022-04-20",170.981412107221,172.683120505247,168.450759127688,169.8054901854,61592596.2520839,162.2825554385
"SP500","2022-04-21",171.667792777268,173.38186157426,166.34270576779,167.123531123738,73527117.7624079,159.701940380872
"SP500","2022-04-22",166.685405410219,167.774604762624,161.957468403159,162.415146862342,70229379.0052954,155.193765368936
"SP500","2022-04-25",161.42873752493,164.347416716564,159.172829628136,163.730085198784,71518904.2962778,156.481458439748
"SP500","2022-04-26",162.731742340531,164.007644955022,158.290214817082,158.69306302718,75271068.2861363,151.594599488754
"SP500","2022-04-27",159.325577172354,162.774075525865,157.48948064051,159.415834586372,64519040.7858795,152.280449231155
"SP500","2022-04-28",161.858010213145,165.252704189164,158.978361096353,163.750152881511,72579434.6779065,156.48378568163
"SP500","2022-04-29",162.384723196732,164.334005078307,157.158578389822,157.800780699303,70817288.5336418,150.780020274709
"SP500","2022-05-02",157.660665762591,160.422003863166,154.445557219305,158.887967191042,70479311.741094,151.850913347061
"SP500","2022-05-03",159.080733251237,161.288780155136,157.014299067742,159.205470414293,56092524.5955824,152.133039553489
"SP500","2022-05-04",159.272154002868,164.541649794302,156.731649577551,164.030200026786,74783160.2393015,156.758977719332
"SP500","2022-05-05",162.692811630862,163.579476081496,155.937920661981,157.85601546567,76284535.3167309,150.79173069531
"SP500","2022-05-06",156.825396491761,159.186346363052,153.689713394261,156.850771839652,73745726.3191375,149.825269646969
"SP500","2022-05-09",154.203795382241,156.002839945901,150.082538430891,151.173371112234,78052757.4325918,144.347891739801
"SP500","2022-05-10",153.958591573972,155.402366228809,149.58860249211,151.830067295915,83358953.5622647,145.013828093912
"SP500","2022-05-11",151.23150787403,154.523372577371,148.013785438945,148.965169063438,78759379.1779581,142.214470508539
"SP500","2022-05-12",147.378571507303,150.937045494474,144.772768012761,148.702186844248,87750204.4619913,141.980888392203
"SP500","2022-05-13",150.600851794182,153.806129390889,149.170698553825,152.480722912014,74253707.1226994,145.667737450385
"SP500","2022-05-16",151.753563992471,154.065474673105,149.603424428256,151.550199042335,59360544.4624324,144.746349028332
"SP500","2022-05-17",154.204367557584,155.886082567063,151.729817161498,154.769260389554,64682173.2082564,147.861689061539
"SP500","2022-05-18",152.737008219184,153.818316775807,147.23511636095,148.132532242816,66108623.8909596,141.514141261105
"SP500","2022-05-19",147.147648829442,150.190953476657,145.360602960567,147.534798364064,72825589.8183562,140.974532596751
"SP500","2022-05-20",149.056662517835,150.285885405623,143.403498857112,147.403607785125,84747158.784844,140.828701895924
"SP500","2022-05-23",148.509255682771,151.269191661781,146.770535251663,150.119737157008,73560840.8867281,143.437412910203
"SP500","2022-05-24",148.309807989853,149.986819318742,145.246729031204,148.533729073926,69715246.7167851,141.830449565114
"SP500","2022-05-25",147.966498426607,151.538536450108,147.023187332287,150.219695329215,80394218.1434552,143.460037305208
"SP500","2022-05-26",150.657609738786,154.900323973641,149.870202238837,153.652767493308,96818888.2791331,146.790661931565
"SP500","2022-05-27",154.786874153706,158.150687291407,154.061561329573,157.846120635924,76761743.897743,150.862471296704
"SP500","2022-05-31",157.099375684287,158.862316862465,154.489243434669,156.701221104268,78935130.9658511,149.797314641211
"SP500","2022-06-01",157.547288114872,159.009352524215,153.768911224298,155.381034646145,61619313.5272514,148.543693388937
"SP500","2022-06-02",155.101344159208,159.447019635032,153.33468635314,158.78652534066,69743222.6048289,151.869269846716
"SP500","2022-06-03",156.613137479015,158.170118681108,154.771492611673,155.87666511022,64976898.2233826,149.044976252114
"SP500","2022-06-06",157.725743529454,159.192455513484,155.269257845739,156.479652740175,51159818.2822703,149.638612585003
"SP500","2022-06-07",154.94934698246,158.417290847146,154.193193386825,157.947631358845,46626470.1525659,151.033830522748
"SP500","2022-06-08",157.230251443401,158.841738261674,155.480722690263,156.425047147305,42781090.5389794,149.603473810603
"SP500","2022-06-09",155.692063351062,157.519482898463,152.508647723229,152.750213381197,47307362.8556385,146.071987288329
"SP500","2022-06-10",150.150885943843,151.292084646258,146.887887589646,147.764043847926,57167069.4306307,141.257533461259
"SP500","2022-06-13",143.587899749275,145.456784617632,140.828955881029,141.956616110981,72378209.0983489,135.66433799915
"SP500","2022-06-14",142.496719670667,143.936822305851,139.896916085341,141.613570522842,55972896.7116442,135.379499590334
"SP500","2022-06-15",143.128777091829,146.09792604745,140.914693422391,143.969767010933,65260753.4705839,137.67824582636
"SP500","2022-06-16",140.661550387615,141.647210851617,137.432718025776,139.008422945898,66050888.1898698,132.900736305583
"SP500","2022-06-17",138.882429931558,141.863928535955,137.428015813419,139.700630240665,79170233.2034966,133.611264561598
"SP500","2022-06-21",141.912529696542,144.888693417413,140.44684915673,143.121059953825,58757193.2157792,136.889918122676
"SP500","2022-06-22",141.533565409552,145.288365011,140.846375446425,142.982565346552,52436350.8540967,136.76202389997
"SP500","2022-06-23",143.817324078353,145.760588453624,141.526455819484,144.464857522102,54254994.4828326,138.208650865845
"SP500","2022-06-24",145.909963415844,149.737812138491,145.122471996692,149.28005283394,60106789.8456713,142.85218933687
"SP500","2022-06-27",149.788241156442,150.850894396541,147.378752484522,148.597766433588,50140022.5694035,142.177598041366
"SP500","2022-06-28",149.187194711752,150.865588583753,144.708457922057,145.062179257617,53161059.6654929,138.732036441102
"SP500","2022-06-29",145.167922988724,146.84069300274,143.099841697563,145.178902327616,52666598.328722,138.87344859606
"SP500","2022-06-30",143.431038384578,145.677698715059,141.154083389042,143.919870943569,74757509.3963729,137.660347625343
"SP500","2022-07-01",143.613852965978,146.009656357646,141.927131268573,145.27078629405,61533830.2080067,138.950810016911
"SP500","2022-07-05",143.212902882253,146.6575611304,141.001942750585,146.035982971004,68513382.6558875,139.773104084248
"SP500","2022-07-06",146.117613916026,148.248766299999,144.493920377357,146.657763896257,57743186.1436652,140.381459019456
"SP500","2022-07-07",147.247368858984,149.670941508805,146.417543918439,148.890765295601,54195743.2017848,142.552341357782
"SP500","2022-07-08",148.072146986363,150.240614358314,146.927052149994,148.967941458687,50714074.6535158,142.640526885886
"SP500","2022-07-11",147.861255473982,149.080007983613,145.897741387391,147.046064467856,48453690.5822642,140.760112361361
"SP500","2022-07-12",147.03422098002,148.929975532877,144.365955623284,145.446473271333,52319222.8636307,139.219467640986
"SP500","2022-07-13",143.212226145876,146.472813854882,142.269038472926,144.92309279252,57646855.0559567,138.72991921566
"SP500","2022-07-14",142.958593484179,145.46097370917,141.165543850742,144.620786544641,52519872.412879,138.467963395955
"SP500","2022-07-15",146.53444204524,148.365630397984,144.999328769476,147.25694966951,49607908.2312616,140.994542787199
"SP500","2022-07-18",148.533254830392,149.935090711009,145.377477792225,145.997551490016,69247419.7269244,139.786191829765
"SP500","2022-07-19",147.622820295669,150.713446229603,146.406331598494,150.193439447457,73175625.1452675,143.837085760627
"SP500","2022-07-20",150.22863352021,152.62441749904,148.860727784439,151.268565367769,78258745.9232918,144.903370650258
"SP500","2022-07-21",151.212907257584,153.567693058394,149.539216203933,153.136151227547,61385593.6752143,146.737063176088
"SP500","2022-07-22",153.126530172237,154.356617114919,150.358094266774,151.486502986532,59253120.2548739,145.113334723002
"SP500","2022-07-25",151.670777567263,152.90737847273,149.809116889971,151.482192439936,51141636.223768,145.080021100772
"SP500","2022-07-26",150.767367795568,151.843548782564,148.195053961671,149.310426426563,48344384.5304865,142.957120647729
"SP500","2022-07-27",150.861552546559,154.661480641603,149.443255088246,153.616512341016,64424687.7661774,147.151817631665
"SP500","2022-07-28",153.899239948846,156.669019263092,151.614971638365,155.821834066609,56664195.9606679,149.271735445248
"SP500","2022-07-29",156.401864213741,159.296461151048,155.200645762988,158.286814027111,58018203.6907202,151.685635694485
"SP500","2022-08-01",157.311174384242,159.829709031614,155.842408849669,157.674831960584,54122627.7661352,151.097527091546
"SP500","2022-08-02",157.024733938137,159.225393188159,155.387871495341,156.806759499195,53484367.1747694,150.279682538322
"SP500","2022-08-03",157.628566539449,160.573866180408,156.311379308013,159.424819558976,50576472.7833951,152.827285441982
"SP500","2022-08-04",159.309913313299,161.011993133576,157.65404600033,159.575180296444,47095415.8634295,152.998626709774
"SP500","2022-08-05",157.738532279893,160.293963368677,156.649805944848,159.07294815812,44473393.6283792,152.504443632337
"SP500","2022-08-08",159.776006730651,161.839346563165,157.810992184113,158.925500724054,89827413.0174522,152.359318117697
"SP500","2022-08-09",158.587308321638,159.776910963006,156.578300551057,158.057326321664,65470061.9307128,151.502654905977
"SP500","2022-08-10",161.078403460039,162.740066133468,159.532408580309,161.744704269349,62710076.4329573,155.074407716564
"SP500","2022-08-11",162.757932757108,164.111445624098,160.542094067228,161.247816079184,53398320.1041695,154.599636645695
"SP500","2022-08-12",162.218953323637,164.505962481219,161.200313792895,164.225747807307,51226311.4375784,157.502193340408
"SP500","2022-08-15",163.456626881923,165.915128903424,162.681601963541,165.160131836187,47956191.0264578,158.415808019138
"SP500","2022-08-16",164.678994878467,166.700910423721,163.485406255842,165.397030869498,49151110.6991038,158.640041342793
"SP500","2022-08-17",163.85440012543,165.814525189813,162.728047342943,164.263487191659,49216547.7879487,157.57576792663
"SP500","2022-08-18",164.193175608624,165.546548254169,162.925450481634,164.524908914496,44541192.1879301,157.859716345694
"SP500","2022-08-19",163.415430628223,164.282510168446,161.239191309878,162.121262655664,48757910.6829984,155.522352615521
"SP500","2022-08-22",160.090532957263,160.880492551915,157.743406134736,158.457001409568,46210948.0997264,151.992083188672
"SP500","2022-08-23",158.24620473611,159.860888847274,157.058386378411,158.049528811563,40298639.1874432,151.604344606095
"SP500","2022-08-24",157.948223377582,159.683722601181,157.085275446192,158.50236634189,51808080.2131557,152.04347339849
"SP500","2022-08-25",159.240143002778,161.272224015705,158.000246239608,160.834731079815,70153630.0010794,154.29501314853
"SP500","2022-08-26",160.91641515227,161.619182553578,154.976814406352,155.170048051139,75038502.1583571,148.832177433959
"SP500","2022-08-29",153.894747992352,155.740420928791,152.74981386208,153.983323530484,51968598.261256,147.68144794972
"SP500","2022-08-30",154.6830038454,155.199843556976,151.130535990181,152.301113673231,55632718.5017644,146.078042917766
"SP500","2022-08-31",153.218406716218,154.187240840114,150.706690012055,151.211312436281,61961237.3043029,145.070968536361
"SP500","2022-09-01",150.262946512325,152.235673179216,148.261978906342,151.65957711088,105622306.891563,145.507828911602
"SP500","2022-09-02",153.098338908409,154.054677020631,148.966523411527,149.801361003121,72566009.3799762,143.710849979775
"SP500","2022-09-06",150.140361272005,151.474635497818,147.87081083369,149.357373479342,56193005.1345138,143.294219506312
"SP500","2022-09-07",149.444587409279,152.763839915618,148.66839176379,152.234079130617,55274274.6170005,146.077149608389
"SP500","2022-09-08",151.316491257445,154.116002456986,150.165486969043,153.459315277073,63634395.8999849,147.271351656096
"SP500","2022-09-09",154.361208335338,156.794684362309,153.810926152018,156.026306739728,51972381.9797643,149.771488231344
"SP500","2022-09-12",156.778126276538,158.551655197317,155.884105341156,157.50395168262,53949515.7254113,151.202242937696
"SP500","2022-09-13",153.734156558213,154.813576346316,149.778892949589,150.321546702095,77037383.8585797,144.269555902296
"SP500","2022-09-14",150.790123972922,152.363580669548,148.745949609385,150.900305573504,62544325.934475,144.851880135175
"SP500","2022-09-15",150.316012312631,152.094035526747,148.082639732698,149.144498259998,59833864.8704944,143.162150448168
"SP500","2022-09-16",147.821150624489,149.071118857233,145.767499557216,148.037494471767,83886228.1233347,142.086161844639
"SP500","2022-09-19",146.752374863274,149.540523754631,145.806593965281,148.982123801732,59852237.0934591,142.997223456005
"SP500","2022-09-20",147.752844921742,149.046628621585,145.925467836294,147.571960342715,58410532.9763787,141.656300222119
"SP500","2022-09-21",148.308089306138,149.995166573359,144.793968159427,144.895204478912,80718973.5619279,139.08120391857
"SP500","2022-09-22",144.549033876946,146.144317996633,142.269641108033,143.630665178914,76266337.6706755,137.851371174112
"SP500","2022-09-23",142.191013857499,143.060553086852,139.313950375665,141.277926711032,71041765.7245733,135.605075004628
"SP500","2022-09-26",140.663094663687,142.946632071273,139.132176595003,140.093276041175,60530942.1066395,134.486022109024
"SP500","2022-09-27",141.71957739007,143.037836251559,138.639082480574,139.95004462554,60129753.1159235,134.370812888425
"SP500","2022-09-28",140.523230315806,143.910834673695,139.155144215823,143.010088810628,64374329.4041096,137.321723814077
"SP500","2022-09-29",141.477441706275,142.182362184405,138.272556209016,139.935251297688,63406554.4225599,134.357208881401
"SP500","2022-09-30",139.605602232336,141.71236514065,137.491066191601,137.90414468653,66233123.4467227,132.408570250998
"SP500","2022-10-03",139.147366909492,142.390899202957,137.69914181072,141.144035651144,62378604.7796861,135.499084808094
"SP500","2022-10-04",143.542848015139,146.26904689927,142.836785123209,145.431144417965,64994718.0365154,139.623971273117
"SP500","2022-10-05",143.646265156339,146.250753409933,142.25201858834,145.065167892724,55385409.2066686,139.288812007774
"SP500","2022-10-06",144.486887729531,146.250665204221,142.926968556951,143.767509054597,64586601.2108616,138.069532762913
"SP500","2022-10-07",141.955919485937,142.592020959237,138.621213488948,139.576256769539,70695303.5930335,134.009008684813
"SP500","2022-10-10",139.978239379325,140.931072981568,137.098269482396,138.525655118885,69334673.8079291,132.993782184152
"SP500","2022-10-11",137.747695376995,140.010709851862,135.891244127021,137.51815175843,70099191.5258855,132.002240485817
"SP500","2022-10-12",137.635754633309,139.089571395837,136.007190507845,136.972679176683,53529644.3534853,131.485709515206
"SP500","2022-10-13",133.815180493683,141.330129734326,132.774348608365,140.367195949082,89409927.8469516,134.744974491936
"SP500","2022-10-14",141.390619261574,142.402407084943,136.513795951207,136.926768474958,74218925.0373388,131.423231410948
"SP500","2022-10-17",139.564555181856,142.038578549807,138.849927703821,140.796650584797,64115376.4299289,135.172630525662
"SP500","2022-10-18",144.078940842289,145.131309900864,140.636705476731,142.514846574798,70816965.0924963,136.818678945126
"SP500","2022-10-19",141.69345205667,143.522061567209,139.962009902931,141.546648520196,57603884.221297,135.88520236915
"SP500","2022-10-20",141.206826216619,143.583029918374,139.435702419572,140.377428724323,67349693.4709986,134.764969893434
"SP500","2022-10-21",139.903345043496,144.354355203172,138.978747779748,143.87198894718,67461826.8195165,138.128074064855
"SP500","2022-10-24",144.388974163741,146.88356518171,142.797642480265,145.725068448918,58302069.6770936,139.906290504703
"SP500","2022-10-25",145.779401442837,149.117853714092,144.989122254136,148.401027613032,57801983.4783912,142.504323969262
"SP500","2022-10-26",146.611061283884,149.645673556687,145.126118259079,146.71054872192,67748854.1940025,140.820231060406
"SP500","2022-10-27",146.616150413654,148.449162857454,144.269929991113,145.447085349443,74234933.4338346,139.560961957856
"SP500","2022-10-28",145.55484696422,149.961611309983,144.485002442655,149.225422505911,72275705.9771345,143.203231251551
"SP500","2022-10-31",148.165543039274,149.73927367551,146.492578869598,147.971275390902,60070824.9212767,141.987334761124
"SP500","2022-11-01",149.16555630751,150.399668229556,145.867699935089,147.200225121759,56897104.7516627,141.222747952332
"SP500","2022-11-02",146.87388758015,148.938294658987,142.879547818702,143.224672962394,76287884.2515653,137.366497647042
"SP500","2022-11-03",142.074176419142,144.522586923983,140.042696215147,141.972379334057,62256870.2529996,136.139459314105
"SP500","2022-11-04",144.215060974782,145.914219152898,140.658675410908,143.910584196374,74492636.4903108,138.00839145763
"SP500","2022-11-07",144.433605149604,146.531744777456,142.656422798684,145.404697769304,52043010.5551542,139.437218249115
"SP500","2022-11-08",145.859925632697,148.01851205626,144.032443231179,146.214957721936,66445484.6917802,140.203057864036
"SP500","2022-11-09",145.549278734149,146.863097297101,143.014343024995,143.543666525173,56079208.9641248,137.652740020497
"SP500","2022-11-10",149.124570393725,152.745811748968,147.133513536603,151.935383101737,83935205.6480445,145.782637472556
"SP500","2022-11-11",151.870254633844,155.052175914958,149.408025482278,153.106974129347,73836243.9019797,146.942828084171
"SP500","2022-11-14",152.289427695971,154.385675961347,150.346107318947,151.642646260051,61201944.8583955,145.564417044311
"SP500","2022-11-15",154.103856641712,155.722203181592,151.051376118927,152.981346893725,65025541.6544573,146.874466428355
"SP500","2022-11-16",152.317528298756,153.822806379118,150.622199344317,151.970163576003,66757786.3565326,145.936235200476
"SP500","2022-11-17",149.954263328098,152.40034176448,148.702389456884,151.354195001803,71632594.6291943,145.349208511754
"SP500","2022-11-18",152.823253160845,153.67317682015,150.287941222957,151.9830290672,54792540.9818794,145.939071628961
"SP500","2022-11-21",151.506636696121,153.037342139839,149.855394800616,151.232221914712,47199181.8124007,145.19839378964
"SP500","2022-11-22",152.043153238904,153.797749738043,150.68660252522,153.273954062545,50274628.7002062,147.166579728972
"SP500","2022-11-23",153.328000571974,155.380712797857,152.578788086843,154.385165307665,46722150.6298056,148.259507711568
"SP500","2022-11-25",154.272775658542,155.362118814011,153.42233251932,154.446055160583,20493751.9590064,148.314249490373
"SP500","2022-11-28",153.318236102882,154.790251525254,151.385915882304,152.157612148005,39819272.9540824,146.123683189881
"SP500","2022-11-29",152.086674835352,153.294647456455,150.389718789923,151.831477253389,38678562.1604115,145.794919948266
"SP500","2022-11-30",151.846515901653,157.108533976176,150.400218462825,156.765017396488,70838345.375277,150.628875441338
"SP500","2022-12-01",157.146065840749,158.351285923972,154.721903369542,156.523145784017,53897704.350584,150.417202685378
"SP500","2022-12-02",154.393853746524,157.201417212731,153.71945093426,156.472280637914,44772226.5049505,150.380895175741
"SP500","2022-12-05",155.132101445194,156.469110122586,152.769980022918,153.832376345626,44195355.0635332,147.835186184366
"SP500","2022-12-06",153.613253604557,154.454514089212,150.231751466903,151.556347629725,44510476.9853176,145.638047433228
"SP500","2022-12-07",151.012340188157,152.838158206713,149.742449356772,151.160950743431,45330326.8423893,145.244392112361
"SP500","2022-12-08",151.79385136569,153.578528339231,150.375756750341,152.385660737775,55981705.1652355,146.44288308787
"SP500","2022-12-09",151.850557300235,153.708765478793,150.426450258574,151.296349019805,53423499.9961554,145.403830307474
"SP500","2022-12-12",151.573814620366,153.853564470017,150.413174923354,153.387237760827,52600034.9451711,147.406281837241
"SP500","2022-12-13",157.721915648998,158.755955119283,152.886723194079,154.313311704279,75327222.9908633,148.301540523331
"SP500","2022-12-14",154.196004335767,156.358260337596,151.858959819277,153.42092873215,58324710.4049663,147.450655306639
"SP500","2022-12-15",151.359743010769,152.325854524309,148.234493032138,149.534710389056,59470044.5171746,143.697890129129
"SP500","2022-12-16",148.7374248762,150.097065086786,146.594071912301,148.106102088171,74940955.528112,142.333944897997
"SP500","2022-12-19",148.0981799763,148.943286900838,145.588440772363,146.657188489011,46479722.483301,140.931987080607
"SP500","2022-12-20",146.243148657558,148.111603014586,145.107533525914,146.84918276203,49592300.8879373,141.116596019118
"SP500","2022-12-21",147.739639919455,149.961894929384,146.85692132138,149.05401070364,42926581.3300563,143.248027819824
"SP500","2022-12-22",147.704197316372,148.321356872532,144.270159423533,146.62402720929,63555822.4662361,140.881460525241
"SP500","2022-12-23",146.161738998237,147.940313816298,145.147753529561,147.418257367242,41664180.7287899,141.639634630896
"SP500","2022-12-27",147.383417871603,148.2683914233,145.622436198812,146.688323228,51649619.2379599,140.916407255431
"SP500","2022-12-28",146.726254295372,148.030728746743,144.71489062307,145.112737793449,44429970.822853,139.4021217142
"SP500","2022-12-29",146.305821118925,148.619163482727,145.711778225067,147.772759302518,44599034.3305843,142.001904251501
"SP500","2022-12-30",146.635410161122,147.855464972693,145.409814453293,147.390846151538,40417866.308483,141.643865324573
"SP500","2023-01-03",148.21003720265,149.423672748862,145.112322060753,146.739610209134,53265407.5261069,141.011905422784
"SP500","2023-01-04",147.46958845118,149.216382240165,145.576739733555,147.622906555732,54946821.1208605,141.867016029591
"SP500","2023-01-05",146.655528596936,147.776006205878,144.504905400877,145.751220333877,49035787.4425749,140.070085068092
"SP500","2023-01-06",146.866978079229,150.153979874363,145.146759418295,149.167708134462,54205489.7287115,143.359889678557
"SP500","2023-01-09",150.02402232501,152.207689599077,148.247147895314,149.162458614483,58046385.7484778,143.385208703755
"SP500","2023-01-10",148.896119631706,151.064023744391,147.756375792634,150.323731725444,47984817.4365972,144.512790410415
"SP500","2023-01-11",150.934224041536,153.166340062107,149.803057499087,152.459263316557,47080415.9002835,146.592432453724
"SP500","2023-01-12",152.714065301196,154.135586730239,150.572563547371,152.947729617478,61533348.0415971,147.077831956349
"SP500","2023-01-13",151.580637010707,154.210283645271,150.817096194296,153.616643235626,52215278.2863034,147.735885508532
"SP500","2023-01-17",153.563152205212,155.099621702994,151.994975743413,153.412785895594,58059705.656452,147.560240354503
"SP500","2023-01-18",153.968152188534,155.158108914028,150.865889440968,151.22982550513,53185984.700859,145.474620316681
"SP500","2023-01-19",150.245988791506,151.994094084195,148.631972180857,150.008622657843,53764105.1371759,144.319092475539
"SP500","2023-01-20",150.609853832617,153.25960132147,149.411728310707,152.854829943446,65973509.5475696,147.092201197566
"SP500","2023-01-23",153.075013855535,155.975021053041,152.023029632545,154.744291538719,71778374.7140459,148.93849708919
"SP500","2023-01-24",154.304702658091,156.388604371298,152.444235645704,154.786477152661,56260326.5501431,148.97061446759
"SP500","2023-01-25",152.632803593884,155.35435178188,151.132470613124,154.600566258813,56378698.4220927,148.785226393589
"SP500","2023-01-26",155.863349522234,157.53478475199,154.097613365281,156.656245349058,56743604.0341598,150.789928675553
"SP500","2023-01-27",156.239551066511,158.887217289451,155.169200562972,157.246564950039,63965660.0731584,151.392224455987
"SP500","2023-01-30",156.189732829713,157.574932998802,154.475707458944,155.146667689795,56420938.5147749,149.354454620809
"SP500","2023-01-31",155.350171849456,157.802933701741,154.418184376799,157.425000701111,57671330.2400943,151.55717153489
"SP500","2023-02-01",156.997292362931,160.67417745239,155.27942039652,159.282654256317,73205803.2492359,153.383167401716
"SP500","2023-02-02",161.496028513679,164.320608652953,159.15657916199,162.202030765043,76192535.2208872,156.282701498615
"SP500","2023-02-03",160.04413314183,163.645852157063,158.528230587073,160.708781777001,64374015.6638961,154.830335893382
"SP500","2023-02-06",159.835479383038,161.47873332798,158.38725290894,159.900664539626,53577614.1898093,154.043487894467
"SP500","2023-02-07",159.477538454653,162.840931862852,158.119230742017,162.112916520471,74792437.0703028,156.202705830984
"SP500","2023-02-08",161.367729151866,163.008756442785,159.117540297001,160.195256343894,65803968.7313793,154.331701439712
"SP500","2023-02-09",161.873532552358,163.052082353682,158.351891422675,159.086235693143,63762782.019427,153.285220452415
"SP500","2023-02-10",158.403641566735,160.267736932089,157.014866326795,158.915733487924,61034128.5077692,153.100494560424
"SP500","2023-02-13",159.466129403375,161.825510075729,158.564867732726,161.069520825084,55563736.2424845,155.204408813312
"SP500","2023-02-14",160.529609386464,162.760962739049,158.803819906729,161.228021272787,71755780.4779833,155.40718852358
"SP500","2023-02-15",160.410901653756,162.435095108118,159.304233072198,161.781856610021,50578754.3033617,155.997372656312
"SP500","2023-02-16",159.541422857824,161.801601629661,158.288930343584,159.255868761572,51259396.357093,153.546533906245
"SP500","2023-02-17",158.357255108677,159.909858716503,156.729341763591,158.91104730935,54209573.6459158,153.220737111904
"SP500","2023-02-21",157.26481512162,158.553294184226,155.140801001613,155.783808709772,49979804.4803699,150.192831414509
"SP500","2023-02-22",156.061037104074,157.261785398785,154.397385387923,155.652481510406,56425907.4017701,150.080820996117
"SP500","2023-02-23",156.832698822056,157.901982844802,154.357190700647,156.521719947141,101370318.53547,150.938519394133
"SP500","2023-02-24",154.550357296983,156.017937330759,153.144572470126,154.892619329773,61175043.2318496,149.355598854523
"SP500","2023-02-27",156.29911946055,157.376066710801,154.74130304378,155.618868266043,49276031.8077246,150.079235389526
"SP500","2023-02-28",155.43347168488,157.072908697578,154.247877735864,155.229938274242,51529463.6147177,149.730256135623
"SP500","2023-03-01",154.868905905588,156.290508355077,153.270538946324,154.55375881735,51337028.7848179,149.082738077029
"SP500","2023-03-02",153.640818239435,156.355674001604,152.795878992168,155.741412320338,46545329.4379083,150.239736147735
"SP500","2023-03-03",156.603234432161,158.827557129097,155.637665077494,158.384715934714,50733836.5327952,152.817799938761
"SP500","2023-03-06",158.635190810976,160.497187659764,157.636903604486,158.692004942471,51690035.6808014,153.135843428948
"SP500","2023-03-07",158.726985141929,159.617352060745,155.865788693956,156.426231279495,55518709.285708,150.9592185672
"SP500","2023-03-08",156.419689781421,157.816189772077,155.075200825162,156.706983206778,53815279.4574952,151.25055786826
"SP500","2023-03-09",157.050356071558,158.579457936606,153.552724242519,154.077445451841,56291640.2963241,148.728880157212
"SP500","2023-03-10",153.919597868531,155.353075850752,150.780594643652,151.858448302406,58080126.8026674,146.594249673341
"SP500","2023-03-13",150.515181343217,154.584395767983,149.237254494952,152.097452719642,56347408.0140104,146.848460615109
"SP500","2023-03-14",154.217057217629,156.299928189553,152.43997661858,155.018688106469,57860662.2725842,149.716451935236
"SP500","2023-03-15",152.930789013388,155.132907074677,150.976871856628,153.965556563666,63938747.8550773,148.722833782124
"SP500","2023-03-16",153.291719515141,157.685503547776,152.200780804758,156.866310722035,69500816.5937334,151.570190096109
"SP500","2023-03-17",156.754142724093,157.85486031683,154.019146539054,155.359440650559,97379529.313483,150.128798148842
"SP500","2023-03-20",155.520088310613,157.760625539238,154.259733201729,156.628661811907,53157953.915176,151.343418639435
"SP500","2023-03-21",158.113938363298,159.751503043724,156.404628030854,158.733964478464,62033420.4614786,153.410776043716
"SP500","2023-03-22",158.691238445659,160.838383214929,156.329223694966,156.458782342365,80396641.9977002,151.228839479733
"SP500","2023-03-23",157.694162904805,159.899517812276,155.742190773702,157.21957067718,63391038.5438642,151.991070582931
"SP500","2023-03-24",156.506238724209,158.405930019606,154.921004663645,157.840664081533,52284863.8512135,152.579135946932
"SP500","2023-03-27",158.609288149522,159.778438412991,156.663307066859,157.802284572138,43631788.5290853,152.519757394255
"SP500","2023-03-28",157.658007923524,158.694520630068,156.021154494032,157.565747888387,40790075.85702,152.281827027927
"SP500","2023-03-29",159.128880726353,160.330474531171,158.039592600534,159.634454283918,46003476.896827,154.287821138827
"SP500","2023-03-30",160.589163403338,161.635080016332,159.379212123101,160.68508409914,43345537.2195939,155.323542468739
"SP500","2023-03-31",161.165718407216,163.552384401456,160.581793450355,163.168181018045,52350855.5151128,157.744209217991
"SP500","2023-04-03",162.646887052449,164.612519069362,161.496020253374,163.645418434286,46687017.0154685,158.184806429776
"SP500","2023-04-04",163.824599511768,164.950974788082,161.631645129009,162.733938053487,42770195.0512452,157.315974898629
"SP500","2023-04-05",162.429732320002,163.653851294589,160.422575246259,161.976006459234,54613075.0640865,156.575755147237
"SP500","2023-04-06",161.414788257362,163.508663894301,160.102803524711,162.58748066016,45897953.9888914,157.188758878069
"SP500","2023-04-10",161.50594068899,163.205982718639,160.13603648331,162.694151081186,44124419.9305314,157.284677239922
"SP500","2023-04-11",162.842830177754,163.921792197024,161.535676308994,162.50513890824,38769398.0561396,157.086677490214
"SP500","2023-04-12",163.497300703304,164.559663197921,161.273323173774,162.044699280626,49356692.8780615,156.637084070226
"SP500","2023-04-13",162.672728045499,165.019894084763,161.655619062176,164.519608646356,43715403.5377574,159.080951116222
"SP500","2023-04-14",164.109939431639,165.729670127196,162.807331599257,164.366244872291,44945456.4725442,158.936145457972
"SP500","2023-04-17",164.298046511681,165.705398045871,163.065183308585,164.870897856097,38928406.3174207,159.419619120028
"SP500","2023-04-18",165.592601693207,166.540979056675,163.867479301269,165.044443261716,60519460.2856715,159.587239310328
"SP500","2023-04-19",164.227923916222,165.854760113374,163.222442044189,164.891420675468,42796149.5352119,159.43916394959
"SP500","2023-04-20",163.673674058354,165.779518690346,162.720742315289,164.25373046446,50513371.3277906,158.823351338344
"SP500","2023-04-21",164.401551174387,165.52783595047,162.954853001399,164.476607773332,43277578.4990171,159.053149725638
"SP500","2023-04-24",164.400248509941,165.644925252763,163.061283755118,164.488928118468,40750874.9571094,159.054998629944
"SP500","2023-04-25",163.852847404827,164.848584838686,161.399470736762,161.856595741418,46615999.1181576,156.494214270724
"SP500","2023-04-26",162.693814119245,164.103001613653,160.371954511653,161.480082616942,51119663.555542,156.160003077954
"SP500","2023-04-27",163.090661372387,166.009176754904,161.637399936044,165.272073543621,52255540.0076496,159.872259165629
"SP500","2023-04-28",165.017238308846,167.553605523935,163.985838506151,166.669327131626,42439660.3186671,161.230079387168
"SP500","2023-05-01",166.565817852366,168.328114111012,165.343424454685,166.722614030608,58973493.2741262,161.285247734149
"SP500","2023-05-02",166.547122548905,167.596238954962,163.572125488486,165.295824821004,48123462.1107342,159.923765272992
"SP500","2023-05-03",165.755136704497,167.518284123026,163.611466375332,164.457313095346,46515243.1717865,159.129307599248
"SP500","2023-05-04",164.161988318024,165.336997329665,161.992789661703,163.337958492473,41965961.0618863,158.057238326695
"SP500","2023-05-05",164.653526202655,167.010022962962,163.447849189461,165.949794670943,47560657.2359973,160.596348392663
"SP500","2023-05-08",166.018003492112,167.431725229369,164.578344074257,166.252792012212,41223191.6967074,160.904537329636
"SP500","2023-05-09",165.662862318524,167.228861150113,164.537970834,165.686424417558,38763382.5761116,160.359324727042
"SP500","2023-05-10",166.724711559246,168.282331500922,164.483862876782,166.633450218028,47095922.4533746,161.297128399175
"SP500","2023-05-11",166.407409453344,167.653268539561,164.813172008633,166.591678480538,43086885.6886961,161.295481473273
"SP500","2023-05-12",167.162318248611,167.97477049032,164.944618774336,166.286130192582,36317994.2606056,161.030200780182
"SP500","2023-05-15",166.445960692284,167.7815244133,165.117189918781,166.845955055154,35979406.1022775,161.591750984176
"SP500","2023-05-16",166.416991810167,168.058261943664,165.096824877613,166.194146511682,49646873.4701829,160.99635258285
"SP500","2023-05-17",166.900472734274,168.946429242407,165.600158935117,168.150051334775,50314316.0913412,162.932104040079
"SP500","2023-05-18",168.076468104233,170.566990389725,167.147095195267,170.012950985601,76882154.0177065,164.786413343514
"SP500","2023-05-19",170.445569870857,171.572798833863,168.722103759338,169.799265927999,54222406.801685,164.579329352886
"SP500","2023-05-22",169.782744477267,171.770480398949,168.146901768457,169.610902410892,44996883.0536855,164.420396668008
"SP500","2023-05-23",168.661393603356,170.156675601699,166.366264144263,167.091699426256,45872768.4396307,161.957762049406
"SP500","2023-05-24",166.313265921773,167.467943263566,164.618077991176,165.987919574102,71067518.7264297,160.897884406921
"SP500","2023-05-25",167.665633903607,169.404311314365,165.533415931078,167.976856339194,136292127.473094,162.87927560519
"SP500","2023-05-26",168.243265401548,171.877831495311,167.468706228286,170.510614178164,76286279.2424726,165.363838619634
"SP500","2023-05-30",171.434025333362,173.043776046404,169.017942508942,170.379966040056,90799947.8841363,165.25712217405
"SP500","2023-05-31",169.551653412712,171.349438133625,167.409001351684,169.389643347395,104149054.489219,164.331440002474
"SP500","2023-06-01",169.38206263707,172.225424470258,168.150493064905,171.250662205087,68524653.4075403,166.17345758604
"SP500","2023-06-02",172.327227222805,174.951255922413,171.239547178771,173.688675917313,56181035.5799356,168.529655600884
"SP500","2023-06-05",173.770884400733,175.4845883531,172.07027407131,173.523844493082,51118038.7132145,168.380339369387
"SP500","2023-06-06",173.456570547658,175.400886757645,171.824155801644,173.937644441562,46438919.4658637,168.787148066459
"SP500","2023-06-07",173.976191571077,176.014302850947,171.055516486777,172.585597050575,62167983.3608101,167.43395152802
"SP500","2023-06-08",172.471611381631,174.851839799422,171.409723181237,173.900802069885,48893026.7498642,168.739968315223
"SP500","2023-06-09",174.437067705013,175.989744897056,172.971247348659,174.125457075014,49363610.6730604,168.973559490188
"SP500","2023-06-12",174.735490361479,176.659553160625,173.353141084873,175.99958004653,47033265.2316992,170.819245127042
"SP500","2023-06-13",176.752717604962,178.464792412458,175.143715567951,177.139537967821,64106620.4356943,171.933959290749
"SP500","2023-06-14",177.147362756815,178.990780051902,175.17642596666,177.382751412679,74599088.0475837,172.197602237804
"SP500","2023-06-15",177.007947915303,180.823876805183,176.331238449634,179.89993654837,63155878.8195265,174.665661647144
"SP500","2023-06-16",181.08739776502,181.915517462086,178.208847807918,178.960667968326,79267520.417888,173.747876484172
"SP500","2023-06-20",177.990030909566,180.114901769856,176.57836083022,178.455527498377,51450643.4878511,173.279406165719
"SP500","2023-06-21",178.026081272153,179.555949441961,175.887791960579,177.505975656965,59535869.6046905,172.342753296209
"SP500","2023-06-22",177.042668630911,179.43358700919,175.844170384324,178.539882403834,49357498.0469596,173.38437099896
"SP500","2023-06-23",176.987233871101,178.7536759165,175.725843448086,177.3340560293,47950291.7648967,172.215890382817
"SP500","2023-06-26",177.175865467552,179.004398888629,174.903417624573,176.096877315663,61746923.7982173,170.975479902593
"SP500","2023-06-27",176.801745606372,179.484683629072,175.563430872629,178.483494799363,51710314.7952161,173.310097539755
"SP500","2023-06-28",178.046441022403,179.919540960095,176.757230962618,178.415393062809,60218094.4919926,173.252451363925
"SP500","2023-06-29",178.366929167051,180.134420891147,177.177627974116,179.194165526123,43576657.6689287,174.005510444669
"SP500","2023-06-30",180.548032589588,182.592188367284,179.762432801191,181.4852911051,56607433.9878431,176.249375157176
"SP500","2023-07-03",181.267281146048,182.727897963199,179.934332681063,181.519687195251,24736590.1693565,176.280330155891
"SP500","2023-07-05",180.674167082713,182.819375831888,179.49968304436,181.268962408664,39062590.674388,176.064365395647
"SP500","2023-07-06",179.817651613859,181.164432356443,178.12543800195,179.919629511033,38531816.1121287,174.769828745893
"SP500","2023-07-07",179.443443921271,181.437281525385,178.2488585518,179.086905169291,41207466.5473159,173.965013277324
"SP500","2023-07-10",178.992513179615,181.224022380619,177.43890130152,179.847147534944,44686566.5465519,174.696867590554
"SP500","2023-07-11",180.119910726229,181.786867918676,178.569268371801,180.833557110609,37375794.399102,175.647099345477
"SP500","2023-07-12",182.401156816773,184.200488589426,180.899110751703,182.396822449981,53503167.5818006,177.18783050515
"SP500","2023-07-13",183.390483958553,185.092866858827,182.108840101735,183.936165726514,52422637.9192573,178.716256248374
"SP500","2023-07-14",184.513852519287,186.362694584711,182.861905539426,184.373308681945,74531029.4185832,179.155149582116
"SP500","2023-07-17",184.449490460815,186.662779215809,183.267846574971,185.548353805634,55116063.8276312,180.315671662991
"SP500","2023-07-18",185.324038182126,188.379367851752,183.77257973027,186.908791417167,62424179.5985144,181.638098787016
"SP500","2023-07-19",187.280548965911,189.194696228204,185.244297489643,186.805804589353,53828345.7514309,181.531513268013
"SP500","2023-07-20",186.240302662807,188.353632145533,183.479867505714,185.086000088066,61403800.7992538,179.802211350206
"SP500","2023-07-21",185.969242397999,187.230088014476,183.406023149203,184.855843838719,102286940.847734,179.563667200645
"SP500","2023-07-24",185.195469909471,187.100195905034,183.71714237546,185.515596462132,44694368.6730363,180.199916322274
"SP500","2023-07-25",185.462262742695,187.668937339021,184.345969154571,186.316755881464,42479965.609319,180.993637860149
"SP500","2023-07-26",185.88347321418,187.729214487243,183.803249079204,186.002240169154,46791416.4678536,180.688858047351
"SP500","2023-07-27",187.751029533191,189.208573440901,184.038079945901,185.044594520972,53463238.0460184,179.762906549863
"SP500","2023-07-28",186.53270536641,188.661465394385,185.035476611568,187.318855045814,41985797.6263214,182.012939530325
"SP500","2023-07-31",187.423733367429,188.541890921196,185.75514284358,187.279287125588,33914994.257685,181.970339339595
"SP500","2023-08-01",186.716212688012,188.484026051249,185.307896932412,186.991112016911,31774182.6014814,181.689277744836
"SP500","2023-08-02",185.729304008653,186.922182200717,182.982054558892,184.332186385944,56579418.1231507,179.082645934626
"SP500","2023-08-03",183.25632542871,185.518615880058,182.075552485976,183.989244377581,40949149.9913996,178.760475635144
"SP500","2023-08-04",185.376563397655,187.221736101003,182.563794189249,183.524270861375,50619664.2860424,178.323755699176
"SP500","2023-08-07",184.394859258011,186.724309941074,183.122520111304,185.719662250747,42789550.3205963,180.461628013881
"SP500","2023-08-08",185.195682483996,186.917798936469,182.967343873401,185.504207481071,42989283.2577096,180.261003469529
"SP500","2023-08-09",185.711012618655,186.797256497116,183.047969608658,184.091933134816,60224230.1178883,178.876852853935
"SP500","2023-08-10",185.138988739232,187.111811549171,183.305143913484,184.190537165009,52674968.043848,178.988299617006
"SP500","2023-08-11",183.35220437233,184.995323333769,182.257119404926,183.932923701677,54205434.1363326,178.74349412809
"SP500","2023-08-14",183.676511364405,185.889601457994,182.63971564612,185.220735446703,65918702.8132271,180.046725978418
"SP500","2023-08-15",184.584319693421,185.654439986398,182.542768100195,183.390161325458,64206750.9471109,178.284633056834
"SP500","2023-08-16",183.058545554352,184.737591333341,181.519963467283,182.016212974287,54408138.657021,176.971695386077
"SP500","2023-08-17",182.35489999977,183.469245980368,179.531470465314,180.066699911856,52090246.890731,175.083641356693
"SP500","2023-08-18",178.491500424825,181.061610849248,177.459116799431,179.886507461227,61303574.9265672,174.902378665449
"SP500","2023-08-21",180.401985708284,182.368821638452,178.874391076388,181.322125076542,68466092.361901,176.339215321102
"SP500","2023-08-22",182.175099208665,183.127532174814,180.069948401679,181.110699235776,70114990.2874604,176.149021592908
"SP500","2023-08-23",181.593917203083,184.256934635799,180.730034931497,183.265062743605,74440179.6333678,178.266530146193
"SP500","2023-08-24",184.105659462531,185.29044108166,180.195917934204,180.536238481453,103094542.520722,175.596029592619
"SP500","2023-08-25",181.105979525637,183.083435312621,179.275560471762,181.857321110066,84210811.9423708,176.906629016074
"SP500","2023-08-28",182.777192230919,184.149699469998,181.411778222335,182.973560933448,63479401.4958382,177.996069281959
"SP500","2023-08-29",182.757080784856,186.509318731062,182.130267812147,185.871846647552,68288654.1406215,180.845813942444
"SP500","2023-08-30",186.007182448091,187.778994783337,184.935212664592,186.601950353089,69844679.5228986,181.596658916095
"SP500","2023-08-31",186.739740862814,188.402227226662,185.397341157589,186.476363782999,57983390.5768228,181.511795026643
"SP500","2023-09-01",187.736355397779,188.652935403757,185.452421952579,186.804411281512,49606197.9204485,181.832479452683
"SP500","2023-09-05",186.601665750373,188.439585630534,184.799589287931,186.412642659924,43089170.8586761,181.474878311978
"SP500","2023-09-06",186.070044179232,187.29982410838,183.695734039754,185.396924914758,51340994.9683284,180.483691787419
"SP500","2023-09-07",184.114487722147,186.35869762547,182.60804447629,184.971667508395,51917810.6322829,180.082634851152
"SP500","2023-09-08",184.995522494688,187.021912921561,183.8367559859,185.392647494714,50454026.1524281,180.502434905409
"SP500","2023-09-11",186.621667311947,188.309589096607,184.929010609385,187.06322830777,51803330.8521163,182.154013506997
"SP500","2023-09-12",186.291949128624,188.072564752369,184.415767058789,185.683160816803,43352135.7152004,180.788025655023
"SP500","2023-09-13",185.627328119428,187.661234832485,184.193838786811,185.926418053361,47258843.0964061,181.033249625966
"SP500","2023-09-14",187.016081625147,188.705480675778,185.380100070218,187.591278569093,44492793.258624,182.66878065443
"SP500","2023-09-15",187.139003423777,188.093800007567,183.991987017061,184.930866565956,67080755.3503871,180.066121173535
"SP500","2023-09-18",184.734389839629,186.582743884913,183.424926626632,185.166103093174,52046991.1834504,180.295394379863
"SP500","2023-09-19",184.610244951787,185.994921523081,182.902237439927,184.832406687289,42218473.1920075,179.974592297622
"SP500","2023-09-20",185.367291257408,186.627073477019,182.506864749638,182.986871026779,42764598.7003354,178.168188796506
"SP500","2023-09-21",181.683019725447,182.987679376685,179.038359807511,179.901897262847,52948550.2300283,175.154429440371
"SP500","2023-09-22",180.383836902514,182.064272646821,178.842236634142,179.741350105188,52143855.4596216,175.003311738845
"SP500","2023-09-25",179.119002752675,181.110134841468,178.154331318664,180.569853681467,44539140.2014098,175.818718733171
"SP500","2023-09-26",179.370345352212,180.414221539642,177.1608042659,178.028421345643,46708962.4763275,173.34526566396
"SP500","2023-09-27",178.50360980085,179.829697137577,176.060062792562,178.254254693708,50933367.0378213,173.567504629523
"SP500","2023-09-28",178.060881053748,180.805258677053,176.970239470709,179.447707483928,47687485.0425997,174.752712638629
"SP500","2023-09-29",180.808466074179,181.700272979856,177.851784066808,178.713886155388,46667167.9413162,174.047291908407
"SP500","2023-10-02",178.485257795486,180.640648973367,176.791242179535,179.233333997956,47444209.5651798,174.587639277289
"SP500","2023-10-03",178.265953817011,179.493914952549,175.14188751761,176.354010005291,50655319.1269506,171.76788873561
"SP500","2023-10-04",176.632142747833,179.124251557335,175.538326281821,178.365159004025,42640158.8427498,173.754427729596
"SP500","2023-10-05",178.162042996149,179.560282951788,176.199099182515,178.35465757974,43689892.5754922,173.774632011298
"SP500","2023-10-06",177.25179988097,181.923739163284,176.149397859112,180.882382173528,49657340.0160623,176.264660887204
"SP500","2023-10-09",179.992718746239,182.658870299123,178.720500992065,181.978651440715,44171520.7838592,177.315414324298
"SP500","2023-10-10",182.272369116867,184.666336671744,181.306352426311,182.982612212148,42618843.0036868,178.301180230493
"SP500","2023-10-11",183.764876282264,185.464814040178,182.060452529354,184.319298734549,43258979.3736015,179.624798963344
"SP500","2023-10-12",184.503646243158,185.911338596215,181.790480620314,183.322820004458,52805730.6915212,178.666339642897
"SP500","2023-10-13",183.858744815447,185.348575754577,180.655804170933,181.906430036897,51392828.0427009,177.253937245644
"SP500","2023-10-16",182.851341044587,185.147211297625,181.807191283439,183.782247367688,42862123.5398201,179.088348678435
"SP500","2023-10-17",182.517931213015,185.096099779617,181.044828272356,183.658380138397,76712299.7529366,178.960885111149
"SP500","2023-10-18",182.786019800265,184.157120822139,180.040677771757,180.89655750899,63235312.9310906,176.252413811526
"SP500","2023-10-19",180.931514618309,182.489031594529,177.842256003088,178.744724943742,57653021.6133902,174.153160888614
"SP500","2023-10-20",178.649750498353,179.62047347114,175.736187781316,176.495965480401,54793758.8953481,171.957275200998
"SP500","2023-10-23",175.922156883495,178.71099064006,174.337346752972,176.532093536456,52772185.6852267,172.016052918773
"SP500","2023-10-24",177.384417652171,179.154949489913,175.760759695559,177.62105358076,46714748.7335286,173.084321856861
"SP500","2023-10-25",177.056714858794,178.405534506069,173.955225132091,175.211481283785,52009070.9731098,170.703042623155
"SP500","2023-10-26",174.693987612328,176.457208336954,171.250875403292,172.686078739538,63833369.074914,168.211657925272
"SP500","2023-10-27",173.323614869529,174.972927007948,170.941824501292,172.259200034011,51949222.0671839,167.83466928711
"SP500","2023-10-30",173.590498690806,175.982330010989,172.016113843377,174.42395918442,46549526.8833181,169.953354103912
"SP500","2023-10-31",174.634191198819,176.184251461118,172.690681359569,175.207188371889,54415784.8267635,170.716265356878
"SP500","2023-11-01",175.67170412541,178.309260902352,174.273873373857,177.337261481062,50850248.2127028,172.817333797728
"SP500","2023-11-02",179.298928858054,181.997199820457,177.818404446382,180.76434814585,50031146.0777621,176.163876248235
"SP500","2023-11-03",181.460969767033,183.974133883951,180.13947386789,182.313790403204,50056445.1492752,177.686135837768
"SP500","2023-11-06",182.726452082223,184.809520499144,181.229349460954,183.415788206692,45512026.2971326,178.777102258445
"SP500","2023-11-07",183.595229816273,185.527885965339,182.347656368385,184.385914142894,42786318.2238193,179.750771718419
"SP500","2023-11-08",184.880086657463,186.325006487569,183.236970916557,185.001644259746,40687819.2047715,180.367958909805
"SP500","2023-11-09",185.309896730589,186.549680667074,182.646311065905,183.541451981039,56507802.9921443,178.945924622322
"SP500","2023-11-10",184.399560383342,187.309699024808,183.099417262114,186.864005724559,49332544.2976837,182.229625544261
"SP500","2023-11-13",186.270938029884,188.189120284742,184.973048242982,187.031518593711,42664075.4698741,182.40307672894
"SP500","2023-11-14",189.474301499403,191.648138680247,188.208193517815,190.315552297464,49754657.4609613,185.650890440065
"SP500","2023-11-15",190.848580681559,192.423836412516,188.566002362425,190.071451637449,53205374.856224,185.441818392422
"SP500","2023-11-16",189.939405858444,191.821690563415,188.307250006198,190.449341763074,43327791.8630634,185.850155581825
"SP500","2023-11-17",190.616697345815,191.754239784672,188.667376524547,190.458638512797,41796688.7254487,185.897903999386
"SP500","2023-11-20",190.304234349332,192.929729715474,189.613156954019,192.059949651838,47668408.7027914,187.489270462549
"SP500","2023-11-21",191.756266940514,193.03957020406,190.253147354478,191.707915188108,58427897.6821,187.14318410154
"SP500","2023-11-22",192.505992879842,194.043901721505,191.053694822878,192.464803931575,81240997.9343742,187.887939449636
"SP500","2023-11-24",192.472293660914,193.440839729399,191.375827400129,192.547354391983,29521886.3455762,187.963867377668
"SP500","2023-11-27",192.240676924346,193.666296302559,190.935959177249,192.088673519695,45793611.6694253,187.519277438924
"SP500","2023-11-28",191.848711977766,193.489384399387,190.67229271869,192.358684980108,44606831.1745479,187.789113921579
"SP500","2023-11-29",193.173390062526,194.498032830903,190.967385212885,191.935324181579,44509136.2278925,187.400707583313
"SP500","2023-11-30",192.155492680225,193.704682741788,189.993068101209,192.467164852028,59738813.16443,187.931180139414
"SP500","2023-12-01",192.121048386534,194.449092730797,190.647060124045,193.260189825729,44231622.2289634,188.707161007744
"SP500","2023-12-04",191.720411595285,193.375316441327,189.878103029927,192.15755405191,49408671.4252608,187.612259789883
"SP500","2023-12-05",191.431635380811,193.731231258676,190.002840798099,192.348299069703,45288330.5158345,187.822300656949
"SP500","2023-12-06",193.351070292006,194.44571014338,190.885201224013,191.667719118518,43666982.8981698,187.165219822697
"SP500","2023-12-07",192.519522196486,194.35865227774,191.142904433684,193.355355508013,43880272.8496483,188.84933955891
"SP500","2023-12-08",192.809334747027,195.179260701622,191.92979919126,194.341526212807,43678471.6057925,189.821292235962
"SP500","2023-12-11",194.044114833741,196.207871616449,192.310167217079,195.020452936094,57652293.1070402,190.468784898971
"SP500","2023-12-12",194.97607800336,197.063914406913,193.92229403286,196.437722364942,45632934.4134849,191.87001947334
"SP500","2023-12-13",196.637635991326,199.729984662719,195.163298190173,198.839754372033,54722836.6500838,194.21130846497
"SP500","2023-12-14",199.490646597032,201.661231100524,196.088192716606,198.685516532024,53267942.7819514,194.065806499221
"SP500","2023-12-15",198.023352388962,200.626033481142,196.739876049592,199.159716863322,74172298.106456,194.544965213267
"SP500","2023-12-18",199.531165979999,201.69117474413,198.202492068936,200.243549128594,48945762.4515963,195.616485721687
"SP500","2023-12-19",200.452522660306,202.322569290354,199.532097093614,201.412498280761,49762449.0555409,196.773470886574
"SP500","2023-12-20",201.110964324647,202.646966574664,198.333684341442,198.559378064062,47731087.8806982,193.997076989052
"SP500","2023-12-21",199.994939978974,201.434430670544,198.543022550408,200.641677760353,36648572.7076249,196.03855135766
"SP500","2023-12-22",201.10224068902,202.371490740756,199.823663631235,200.93349150845,30776540.2246294,196.315158510829
"SP500","2023-12-26",201.119522440047,202.563909179254,200.464748781702,201.669328067156,27941504.3131655,197.029999446911
"SP500","2023-12-27",201.551659184619,202.903241586709,200.613331327497,202.015122893635,29908761.0055573,197.496949380981
"SP500","2023-12-28",202.308073485095,203.356005925779,201.210811082313,202.02852039823,29458024.0150067,197.519023711409
"SP500","2023-12-29",202.052055003785,202.915635416306,200.4027832049,201.516486774459,41887141.6336621,197.019404731703
"SP500","2024-01-02",200.127762913891,202.137764599572,197.494308686281,199.85899611683,48980059.8573704,195.363934599451
"SP500","2024-01-03",198.960483849318,200.788156109982,197.074199598657,198.468338254342,40722185.8645721,194.003051169356
"SP500","2024-01-04",198.293254505031,200.36378498945,196.898428290673,197.907172352842,39874681.3158305,193.466452783491
"SP500","2024-01-05",197.995466720662,199.878018829317,196.670425437757,198.161007848671,46177703.3886099,193.717280462866
"SP500","2024-01-08",198.520927553264,201.456511018784,197.369973909063,201.090718284757,63860567.2330627,196.608930851597
"SP500","2024-01-09",200.02417445587,202.204352210167,198.75343308338,201.009082580087,72017442.017244,196.546935929978
"SP500","2024-01-10",201.307199468522,203.683387205475,200.309277461961,202.70936694184,54224318.7228319,198.230124179836
"SP500","2024-01-11",203.128203941441,204.540375537549,200.468357104838,202.86460759435,60469274.4723868,198.390758119058
"SP500","2024-01-12",203.44294468422,204.885726843308,201.691294298927,203.229260092815,40860102.641036,198.753375191842
"SP500","2024-01-16",202.78538092533,204.633377362647,200.77080558785,202.709932596887,50894610.384985,198.257815336418
"SP500","2024-01-17",201.486849458063,203.098760448922,199.530680001053,201.708137122645,49872615.315211,197.280485301341
"SP500","2024-01-18",202.502891346296,204.592594891946,200.980172697043,203.815992100958,54518881.7109509,199.369850860814
"SP500","2024-01-19",204.637680232155,207.198720917647,203.176139864755,206.494265795578,60396334.7859815,202.014771272361
"SP500","2024-01-22",207.306999611389,209.172553529045,205.192545765085,206.805453250812,51891435.3617083,202.319476543764
"SP500","2024-01-23",206.955047672202,208.393853816155,204.854091564954,206.943227059539,37004555.5203444,202.456751125232
"SP500","2024-01-24",208.221687144861,210.028406142047,206.114218566507,207.273158732594,60906782.3087248,202.795520388063
"SP500","2024-01-25",207.877620979881,209.771555319161,205.604628372685,207.865302746425,55420017.7503254,203.355153573442
"SP500","2024-01-26",207.841727665974,209.463234764368,206.232819527983,207.788699528533,45049909.2135189,203.280704885448
"SP500","2024-01-29",208.007482230955,210.237138532746,206.724300503841,209.637797208501,42014220.2343588,205.107203000083
"SP500","2024-01-30",209.627294319923,211.516841270399,207.853294678044,209.675402729294,48467640.1086913,205.143009503539
"SP500","2024-01-31",208.487354109132,210.767351517115,205.32895283998,206.252192931139,54910583.3356784,201.77459580799
"SP500","2024-02-01",207.297095032107,210.231795937559,205.668047774668,209.161841416895,46648631.1248093,204.641662288996
"SP500","2024-02-02",210.259866550592,214.37545452086,208.592065683352,212.771019518159,61300819.1365082,208.229069592736
"SP500","2024-02-05",212.661883950933,214.591944733116,210.095400834293,212.476230435541,70635707.9546609,207.951813957522
"SP500","2024-02-06",213.317844773687,215.172102303634,210.406975977807,212.869569126179,68356038.4900451,208.328536240424
"SP500","2024-02-07",213.928607849204,216.864699909456,212.493326708284,215.378508519747,54324207.254843,210.806585039468
"SP500","2024-02-08",215.373891305242,217.365456783083,213.698680424307,215.901315878155,46156920.110831,211.340352094249
"SP500","2024-02-09",215.968205683613,218.184696752079,214.554900265902,217.012468573059,48255042.2443165,212.465789366544
"SP500","2024-02-12",217.001435541996,218.834299847888,214.92608205289,216.469689608505,60609840.7156427,211.919154433029
"SP500","2024-02-13",213.384489228893,216.003041598611,211.08049517591,213.659974614606,62205742.4963249,209.177968673121
"SP500","2024-02-14",214.873950932372,216.853830931275,213.064630564848,215.886941893804,53064880.7756514,211.43213128132
"SP500","2024-02-15",215.963875862217,218.361212976016,214.190469915697,217.029292669516,49323913.2206157,212.566048652427
"SP500","2024-02-16",217.214242347561,218.793983574288,214.790109496669,216.128567926717,53150577.1469776,211.696762599423
"SP500","2024-02-20",215.311570625512,217.116943468088,212.608273705422,214.601205023606,69344080.9189693,210.185872123537
"SP500","2024-02-21",213.858158156853,215.73176542281,212.130577886426,214.778049704157,64575073.5585157,210.357344632005
"SP500","2024-02-22",217.972229030278,221.05602474209,216.542800898881,219.920023811744,82108613.2468836,215.445515818771
"SP500","2024-02-23",220.268352898763,221.852877274925,217.713275465538,219.081983302194,76634222.7317388,214.620072088251
"SP500","2024-02-26",219.513856953847,221.290982695083,217.432263558365,218.563924277492,52743400.7292589,214.123524389272
"SP500","2024-02-27",218.675653930807,220.34623265086,216.462505896347,218.866220693596,43552237.2592738,214.436065368668
"SP500","2024-02-28",218.341023693818,220.323631219881,216.907273136772,218.809333577978,42851736.8651607,214.396924646849
"SP500","2024-02-29",219.609832432525,221.24202552074,217.35558559984,219.658412761417,62020387.1419564,215.266354101854
"SP500","2024-03-01",219.836116916707,222.911676384929,218.468446829435,221.912018758582,52925019.2045266,217.491605603064
"SP500","2024-03-04",221.67492013662,224.0413643918,219.568438261094,221.464346119637,65967777.7083047,217.04833908867
"SP500","2024-03-05",220.476280469482,221.87863557256,216.942134311671,218.668347211324,58955685.2045619,214.290224120909
"SP500","2024-03-06",220.101303741174,221.994831172207,217.93354268602,219.747085076334,61865906.0164349,215.376376765224
"SP500","2024-03-07",221.059106089651,223.824730136512,219.196594279607,222.052722513326,63536160.4777677,217.692278914172
"SP500","2024-03-08",222.037549924748,224.520551167595,218.521202386092,220.024371958977,104178821.354204,215.694357535515
"SP500","2024-03-11",219.160922158514,221.058897888925,216.372617497392,218.793822068481,65807830.7836484,214.467917359142
"SP500","2024-03-12",219.91374152698,222.805657049245,218.050425600135,221.704385153698,65868184.0627362,217.34772655729
"SP500","2024-03-13",221.643624232454,223.225014936966,219.349875535393,221.15530874766,62504101.5373532,216.80657700214
"SP500","2024-03-14",222.16881841146,223.688059269737,218.808271522147,221.002544300338,64464862.8686665,216.686916119441
"SP500","2024-03-15",219.185129925997,221.626361499689,217.132127380362,219.184758952745,79040999.8625772,214.895897811784
"SP500","2024-03-18",221.100050307581,223.328689553865,219.084496316688,220.814196188646,68467770.5572877,216.509653547263
"SP500","2024-03-19",220.432415500797,223.03808223072,218.843344811292,222.243065876862,64288130.4988928,217.91133328244
"SP500","2024-03-20",222.309802069531,225.237211883336,220.780859945577,224.477316001743,50469055.2708016,220.135263898372
"SP500","2024-03-21",226.01527885676,228.171080573265,223.567282009485,225.526718185695,55648046.2664385,221.157308692946
"SP500","2024-03-22",225.452007838937,227.027405245325,223.450577964481,225.148856160406,58754688.8736912,220.800864077284
"SP500","2024-03-25",224.299757532379,226.09970994077,222.446787377828,224.067531287225,54584446.1664892,219.73734662571
"SP500","2024-03-26",224.764255215706,226.416648377161,222.84662235177,223.754716069409,53005208.2755332,219.430177336578
"SP500","2024-03-27",225.589021035198,227.332887001405,222.980066180813,225.778851650859,58175484.1497372,221.41693686543
"SP500","2024-03-28",225.89580626489,227.265304388196,224.207885874047,225.605378363223,48147376.6337211,221.240015996064
"SP500","2024-04-01",225.85140732224,227.703188983254,223.131947222734,225.075842958247,46813265.8354231,220.735200510311
"SP500","2024-04-02",222.981569906336,224.848967150728,221.208318951724,223.533256603025,46813305.0540609,219.219526902072
"SP500","2024-04-03",223.228970284402,226.16885748566,222.199447003726,224.364514184125,41528247.1821601,220.047706609513
"SP500","2024-04-04",226.201292443547,228.014064890994,221.111307141751,221.603915071389,49317212.4162515,217.354957141804
"SP500","2024-04-05",222.266739316263,225.820376405216,221.156857599376,224.588237029869,44474525.3664986,220.295810327777
"SP500","2024-04-08",224.885948425492,226.317569485565,223.061967564298,224.40677846374,33653630.3050971,220.120113506978
"SP500","2024-04-09",225.251369175385,226.468381847115,221.435168568822,224.294746563022,50622696.493101,220.01537934331
"SP500","2024-04-10",221.803724709686,224.277757132016,219.998302660005,222.567806495321,45770840.507292,218.334218895247
"SP500","2024-04-11",223.150223432352,225.678486423344,221.028610880056,224.347342809249,49283651.3536282,220.108606131226
"SP500","2024-04-12",222.53458430405,224.118969280105,219.773249934369,221.107630811513,49977474.6684693,216.946226692532
"SP500","2024-04-15",223.212587399775,224.441045792958,217.516946432143,218.181183350001,49897674.3888485,214.05364229625
"SP500","2024-04-16",218.200115880257,220.011329693705,216.209250574395,217.75326091558,43479030.5809232,213.63524815862
"SP500","2024-04-17",218.947158300642,220.120903953659,215.17986393389,216.51544753713,50914911.5983906,212.404738229793
"SP500","2024-04-18",216.990165965116,218.76746976804,214.467567903753,215.731187688177,47361106.8342542,211.63582689817
"SP500","2024-04-19",216.099029536075,217.454281775389,211.704663067894,213.49109997593,85370494.6889525,209.403947618709
"SP500","2024-04-22",214.672896782633,217.095918237696,212.426269601193,215.243983712336,59972389.9123092,211.124749149627
"SP500","2024-04-23",216.56689417927,219.378674427659,215.180151206907,218.263094081724,47542650.9720698,214.104478641504
"SP500","2024-04-24",219.138490536537,221.2972038789,215.892133957919,218.241519056344,54752369.0762894,214.082351437651
"SP500","2024-04-25",214.169259419676,217.799914906729,211.484684126841,216.325014281487,52080235.0151577,212.197792321996
"SP500","2024-04-26",217.80869518318,220.758642024415,215.98438880483,218.670418111985,59080033.0287227,214.529211341756
"SP500","2024-04-29",219.309423537274,221.153464756943,216.955043169022,219.127956690469,48351159.1841349,214.981068574149
"SP500","2024-04-30",218.911768016533,220.819854045481,215.350962393195,216.117617982205,46747379.5157802,212.023278324443
"SP500","2024-05-01",215.810195620937,219.638653238377,213.550908800643,215.648634011043,60151117.5844887,211.563651633708
"SP500","2024-05-02",217.031108482929,218.929082944327,214.108645142811,217.300077696346,46217320.8939282,213.197563724569
"SP500","2024-05-03",220.369688794145,222.43191732982,217.75428376432,220.173479923381,51932002.8078874,216.035552381304
"SP500","2024-05-06",221.392395626604,223.974196741903,219.62409806058,222.989320735107,44236492.4920737,218.817959860582
"SP500","2024-05-07",223.331687882047,225.380668048735,221.335451737113,223.524252661138,49063823.5258442,219.343115208437
"SP500","2024-05-08",222.729633321919,225.021051157149,221.328586254463,223.57261637247,36604818.4981572,219.384417206043
"SP500","2024-05-09",223.648489902729,226.337735796911,222.429032958862,225.141673670292,40613677.9712858,220.932404291698
"SP500","2024-05-10",225.825365662765,227.454816968223,223.969211419379,225.650031091158,37777380.3240508,221.459476904999
"SP500","2024-05-13",226.187478868266,227.466733092208,223.296413574089,224.956075164756,35654766.8144762,220.779074605505
"SP500","2024-05-14",224.716464935148,227.348804355226,223.249976227811,226.218464460937,35788658.9558402,222.043582389021
"SP500","2024-05-15",227.154220861379,230.283523111491,225.882912629238,229.308244047547,48734933.00973,225.147522926252
"SP500","2024-05-16",229.187761777313,230.882777285298,227.152169188391,228.175375138022,38705175.2588525,224.065210305285
"SP500","2024-05-17",228.766528119531,229.915028565251,226.637399822069,228.461709769444,39383017.5245393,224.346216931549
"SP500","2024-05-20",228.381277296957,230.909672443779,227.037353641108,229.092838560416,36093208.0770992,224.994270756714
"SP500","2024-05-21",228.886124527388,231.387971011103,227.315092819211,229.820528859381,38274842.8922698,225.716871645532
"SP500","2024-05-22",229.742383064202,231.398665499713,227.59831997446,229.26656608386,52949983.625515,225.177545021074
"SP500","2024-05-23",230.764698699745,231.957665311781,226.270916696547,227.499019126258,76399021.3290264,223.461571659277
"SP500","2024-05-24",228.222972436855,230.586947633574,226.707465702076,229.266753214755,42570158.6322706,225.218894402417
"SP500","2024-05-28",229.488735760313,231.132171175447,226.770688893102,229.073195816004,61551037.2266786,225.049223030729
"SP500","2024-05-29",227.186046518843,229.427707478357,225.763476128594,227.412229138334,54421378.1078857,223.431500539727
"SP500","2024-05-30",226.852188964172,228.603441809798,224.169158634194,226.02848366818,50277911.4317073,222.074555538241
"SP500","2024-05-31",226.36402135697,228.762942343394,222.6107704629,227.339370801854,68833482.3689229,223.347305208404
"SP500","2024-06-03",228.204235913329,230.08030227853,224.619347649468,227.59136910205,46319620.389581,223.63492266243
"SP500","2024-06-04",227.304637651912,229.328949599055,225.358005019558,228.029679930116,42616983.5349464,224.077693225
"SP500","2024-06-05",229.222856007878,231.964631489474,227.258769712782,231.052258788174,53046621.6834156,227.073013377092
"SP500","2024-06-06",231.188925757159,233.19991999515,228.860494536111,230.92339379879,61850106.7234,226.949600447716
"SP500","2024-06-07",230.689910786457,232.934953520122,228.976801882238,230.863029562468,42681701.9703971,226.947723373517
"SP500","2024-06-10",230.590527288949,233.32400010432,228.738026576817,231.85723196496,39426817.7731541,227.944573758873
"SP500","2024-06-11",231.486875474831,234.054150861716,229.013575891295,232.76391539589,37407243.8788053,228.856235661079
"SP500","2024-06-12",234.847780456977,238.283203817612,232.187541088629,235.20359339673,47455810.8361357,231.27897327777
"SP500","2024-06-13",235.797291565236,237.698450411357,233.197727914627,235.830291473017,38265185.9418975,231.898845371923
"SP500","2024-06-14",234.930535177996,237.072717939322,232.993498318796,235.699906475774,37743344.4323057,231.815510662804
"SP500","2024-06-17",235.538950058076,239.609362761076,234.039193896458,238.172683451491,40333058.828635,234.270015745501
"SP500","2024-06-18",238.321176427177,240.672867463015,236.157751614169,238.622832675456,39186263.8532654,234.709670285715
"SP500","2024-06-20",239.04496886878,241.027325998355,235.378458547727,237.80524675303,56765216.619497,233.891008381974
"SP500","2024-06-21",237.905708279218,239.710455090117,235.140078411706,237.366212373756,86200028.4601161,233.465436293564
"SP500","2024-06-24",237.569206257446,240.364963725675,235.200649740138,236.908592365763,52698157.4024769,233.005692370988
"SP500","2024-06-25",237.424913908895,239.943246791944,235.163480701444,238.122883922325,45659172.0618453,234.232179472502
"SP500","2024-06-26",237.578769888497,240.042822754078,235.744970634343,238.533774361826,43515147.356409,234.651510507604
"SP500","2024-06-27",238.697541552485,240.727888378539,236.898717739337,238.84726926688,33381029.4434603,234.967082024908
"SP500","2024-06-28",239.272955806471,241.635356216509,236.179553041141,237.562684657853,46401769.6994303,233.701904608811
"SP500","2024-07-01",238.344603997929,240.89135453601,234.731117916122,238.153229563506,36659998.8826245,234.303011197507
"SP500","2024-07-02",237.274652885543,240.710268337054,235.982225868925,239.905178882064,32319864.2650474,236.037196318222
"SP500","2024-07-03",239.862768906052,242.426011708841,238.242654425386,240.970760617327,27461048.3241271,237.099292603452
"SP500","2024-07-05",241.1572342458,244.447080503389,239.295008257775,243.127696508225,31986563.9498499,239.268858714179
"SP500","2024-07-08",243.477758005486,245.592004214599,241.23450448621,243.29924403357,33116939.2018021,239.441625687587
"SP500","2024-07-09",243.958796271044,246.078429322839,241.534147678717,243.515389958412,35893050.9276132,239.666030720106
"SP500","2024-07-10",244.060346192987,246.73277836195,242.380994109416,245.903643007774,33756665.3807083,242.024361151843
"SP500","2024-07-11",245.850380646972,248.221786417196,240.579881343958,243.045973144859,47283142.2046498,239.175545188401
"SP500","2024-07-12",243.261623244497,246.901711857351,241.800947649019,244.387610176896,34256168.6774057,240.497454296699
"SP500","2024-07-15",245.455275123897,248.445768950792,243.256500662528,245.457903088703,30851153.877793,241.566697870882
"SP500","2024-07-16",246.519048808935,249.198727530294,243.403386609482,246.869712730341,30029996.1145936,242.93462534981
"SP500","2024-07-17",243.899843067098,246.314203330143,240.022672358307,242.219366361921,47011922.3205497,238.30715230268
"SP500","2024-07-18",243.108623310724,245.387308280099,237.28375458949,239.907661844296,41989919.7328689,236.033703952504
"SP500","2024-07-19",240.282785222978,242.459418353273,237.032215951742,238.595134937734,31089502.1787274,234.750971504761
"SP500","2024-07-22",240.698210997595,243.168111205026,238.506177916042,241.433057394103,33685042.6685041,237.571245407013
"SP500","2024-07-23",241.711581640506,244.449384908552,239.788101998165,241.611566640784,26848418.2360131,237.752537665522
"SP500","2024-07-24",238.923067380915,240.747599629871,233.544683442831,234.978645747862,43827036.3606933,231.178689685557
"SP500","2024-07-25",235.097359738355,238.760193097037,229.976291629597,233.190416245914,52184202.4204967,229.402414130019
"SP500","2024-07-26",234.933541135459,238.167316215144,232.719544280002,235.877715749852,36160084.11382,232.056725383534
"SP500","2024-07-29",237.005433593246,239.214936871933,234.342388523751,236.267874816445,31012672.837804,232.447964873725
"SP500","2024-07-30",237.088271853874,239.350309763058,232.217145181832,235.030693715472,51430012.3927035,231.202326925419
"SP500","2024-07-31",238.124770419526,241.379460497209,235.379455920983,238.73518049041,52569622.763164,234.888406047638
"SP500","2024-08-01",240.413501527413,243.317019722309,233.476080657011,236.307894924099,58333428.6529008,232.492625143357
"SP500","2024-08-02",232.191714202248,235.62668965633,227.221935220089,231.342661096112,61653085.276788,227.59147769783
"SP500","2024-08-05",221.046593830541,229.331424590345,217.448685818571,224.840807409091,67822756.7491847,221.182825060019
"SP500","2024-08-06",225.966878629714,231.48185210785,223.877097759871,227.576728676219,49598268.9496734,223.882248063207
"SP500","2024-08-07",229.917328807346,232.850635172344,224.418938056331,225.533112443683,47239265.6516713,221.867080830162
"SP500","2024-08-08",229.063374008874,233.254173063804,226.544201235406,231.731401892913,43871640.3110859,227.986616151685
"SP500","2024-08-09",231.636384800341,235.104541834121,230.048706559635,233.584054545636,34203975.734016,229.83402213554
"SP500","2024-08-12",234.101893049834,235.927501735406,231.394713931754,233.477939266564,35942012.4327765,229.764229803327
"SP500","2024-08-13",235.071667354204,238.530967952473,233.707865098247,237.645800490512,36779461.4993117,233.887244925331
"SP500","2024-08-14",237.950442435614,240.406975970006,235.58324062705,238.657961446102,38404252.618065,234.881316443865
"SP500","2024-08-15",241.005224599207,243.670474595634,239.045740819046,242.33844499705,39151640.0619388,238.598064293149
"SP500","2024-08-16",241.74659136601,243.881393757894,240.033256310097,242.303418826144,35856354.1605555,238.585196472617
"SP500","2024-08-19",242.450122779122,245.056790227243,240.923974681269,244.338693498548,35550404.7839307,240.609973906501
"SP500","2024-08-20",244.355650408658,246.509340866845,242.61538377642,244.394972904084,33599348.6283893,240.670145851984
"SP500","2024-08-21",244.85877601674,247.016891827034,243.152335315717,245.472849853173,30553422.1771419,241.744286662946
"SP500","2024-08-22",246.240116709853,247.836945611186,242.203301499558,243.483238354433,40985772.8092832,239.769258379986
"SP500","2024-08-23",244.96520741282,247.542657356651,242.552827156895,245.778402343956,35819299.0361282,242.03129162865
"SP500","2024-08-26",245.945240728175,247.41967188503,242.915439902105,244.655574396257,34607148.1191571,240.915857055273
"SP500","2024-08-27",244.144492517486,247.058649372045,242.525369352263,245.429267822454,32691067.1513025,241.694387053706
"SP500","2024-08-28",245.391738813658,246.964330786311,242.05679021324,244.096922512026,44399535.7945079,240.373823373099
"SP500","2024-08-29",245.351009012509,248.26041380129,242.547596752989,244.389498684657,46065357.0808257,240.665984452301
"SP500","2024-08-30",245.649079771603,248.013243531712,243.459312231814,246.945711247008,39704612.9927744,243.215529562204
"SP500","2024-09-03",245.772867857058,247.616867465289,239.953912502743,241.564770982182,51288394.4655146,237.912765515713
"SP500","2024-09-04",240.535781180594,244.081815603429,238.619651822511,241.539406443803,40328050.7782732,237.893190194762
"SP500","2024-09-05",241.123948438358,243.720282304261,237.899989547109,240.245450178242,35889007.9014935,236.633272679177
"SP500","2024-09-06",240.564319570897,242.17201675964,234.70504714434,235.996322340924,47832080.1076511,232.461775013987
"SP500","2024-09-09",238.109170233695,240.683199321172,235.639286447333,238.818813849501,36614439.9431549,235.276218211712
"SP500","2024-09-10",239.729198372138,242.147101958497,236.563629147519,239.969603178827,35214543.2537395,236.424166589535
"SP500","2024-09-11",240.035341246595,243.509301503797,235.411459816777,242.664462141159,47853972.9593944,239.105972785118
"SP500","2024-09-12",242.896560023557,245.949952232865,240.755910027644,244.832631778901,40793470.6819549,241.253838021461
"SP500","2024-09-13",245.151883854699,247.895125863402,243.644088593145,246.078714463009,29576288.12601,242.495313018244
"SP500","2024-09-16",246.042103722889,248.060278236202,243.740330477743,246.428057587208,31769021.6934555,242.862108564352
"SP500","2024-09-17",247.585902561171,249.423183263208,244.679661331252,246.589478700104,29917335.0601293,243.02800568407
"SP500","2024-09-18",246.996468632557,249.654225682346,244.615668609022,245.974206775661,37522954.4070836,242.422806802784
"SP500","2024-09-19",250.389463680882,252.64851722747,247.643152671781,250.476588434254,38792462.0511318,246.897698539994
"SP500","2024-09-20",249.986883484885,252.312400466336,247.678381813475,250.145392051066,75876091.2219575,246.568615065075
"SP500","2024-09-23",250.796250317768,252.940776469699,248.548275969549,250.957806171617,29719975.3407504,247.370920302511
"SP500","2024-09-24",251.269009920676,253.274062347869,248.095456461312,251.327953836126,40754494.3925494,247.739407790311
"SP500","2024-09-25",251.494692894601,253.546814715111,249.375715570686,251.149850950763,33495611.935295,247.576274021362
"SP500","2024-09-26",253.136647365699,255.014950816127,249.74939362263,252.211946763361,35986387.7423499,248.638835572371
"SP500","2024-09-27",252.490616510328,254.179321212919,249.818730179521,251.405803313292,32021132.192763,247.835039680442
"SP500","2024-09-30",250.77338507569,253.503758621908,248.869631487105,252.45893343225,30658046.8097078,248.884364474265
"SP500","2024-10-01",252.415283851999,253.809047614991,247.564473339725,250.192110501543,37755609.4771855,246.636734908887
"SP500","2024-10-02",249.672102652227,252.057400551184,247.394631637498,250.158915821854,27471438.0628668,246.602784242631
"SP500","2024-10-03",249.311405285276,251.559907766415,247.256517314046,249.559883722538,31430121.5723257,246.019203360464
"SP500","2024-10-04",251.42862000492,253.075121032842,248.442717506084,251.661087547363,30560183.5299579,248.22074281175
"SP500","2024-10-07",250.921641456531,253.229043885359,247.840050685325,249.282061733166,38216348.7303249,245.867682229282
"SP500","2024-10-08",250.558196041152,253.299961189507,248.928789977526,252.013588226414,32292362.5261528,248.582862342798
"SP500","2024-10-09",252.070908302651,255.289881996504,250.305477946567,253.913649259705,29937286.488617,250.460490802433
"SP500","2024-10-10",253.192396432152,254.972009059833,250.920510221932,253.01929622285,28599833.399169,249.590844064126
"SP500","2024-10-11",252.955683801482,255.892529785573,251.684669259123,254.542736530375,24978519.9491618,251.083109808054
"SP500","2024-10-14",255.334111315803,258.073336026189,253.859520544494,256.289597678419,28422474.2915813,252.809397522142
"SP500","2024-10-15",256.47403951686,258.825702266968,252.264784194532,254.252891732469,43078861.4363087,250.810886205753
"SP500","2024-10-16",254.03234177297,256.310696276065,251.77291293076,254.907211670168,30387503.9377195,251.452920017182
"SP500","2024-10-17",256.668926042247,258.146462762322,253.647743620618,255.016605251797,34123129.33665,251.564364944301
"SP500","2024-10-18",255.942105510164,257.405229542936,253.768647678805,255.849358398615,25938682.1247831,252.398171684237
"SP500","2024-10-21",255.310709938093,257.234470478073,253.058415010782,255.278413254628,30102920.3644786,251.862310116137
"SP500","2024-10-22",254.05937618854,256.867414829126,252.094352280893,255.169362083358,28357834.2302299,251.756852507107
"SP500","2024-10-23",254.369648344066,256.118878535544,250.499765976635,252.648277594151,34686890.8693763,249.254773992025
"SP500","2024-10-24",253.485762970983,255.265315137989,250.962747052905,253.338930077156,26031777.1681184,249.952052769731
"SP500","2024-10-25",254.500384073745,256.887447362034,252.230467039696,253.550730685812,28604424.6984026,250.175615410324
"SP500","2024-10-28",255.195353213673,256.50490478883,252.604927799522,254.061981734459,25159411.6131919,250.677754676974
"SP500","2024-10-29",253.82104078078,256.982126730839,251.89748832581,255.161809431672,25731135.895607,251.782202692329
"SP500","2024-10-30",254.283061621891,257.374541181923,251.228087561891,253.974968552368,29800515.225771,250.60491184032
"SP500","2024-10-31",252.391253708535,254.734349372261,247.768717579297,249.27067983086,40391470.7265338,245.94739990914
"SP500","2024-11-01",250.086832211281,253.358528530107,248.222554411317,250.269745702112,32953060.6651786,246.958372545333
"SP500","2024-11-04",249.860974637167,252.12611145816,247.510556893293,249.441030507497,26673090.9676422,246.142325274067
"SP500","2024-11-05",249.886662343117,253.8116820742,248.994791444047,252.751497698848,23384707.3249965,249.417054251077
"SP500","2024-11-06",257.903021830287,261.868163087057,253.438148446572,258.857295309172,39509823.2328117,255.45396879756
"SP500","2024-11-07",260.094823660665,263.586395405786,257.573892467771,261.254074404885,31266678.5400514,257.848401768056
"SP500","2024-11-08",261.639805478333,265.771388616299,259.649201855216,263.06037432131,28305864.094437,259.660819129536
"SP500","2024-11-11",263.824276306745,266.640626555374,260.637011014058,263.520525382443,29593195.7788908,260.119796027406
"SP500","2024-11-12",263.518519604086,265.722013560243,260.135781309542,262.345107759573,29573044.7278764,258.98160848138
"SP500","2024-11-13",262.403376361416,265.182977680855,259.751394875715,261.989412738889,29409957.8651079,258.637458800289
"SP500","2024-11-14",261.974428000072,263.779610257894,258.183754095252,259.924168710255,29957483.0685121,256.615527298935
"SP500","2024-11-15",257.892071883313,259.966292460948,253.775513458134,255.937809779302,37605460.1975819,252.694756446332
"SP500","2024-11-18",256.101640300372,258.898042773817,253.661037328895,256.846918073346,31924232.897181,253.628390445637
"SP500","2024-11-19",255.28523408321,258.994814338987,253.599790903463,257.687414871882,29841125.0534482,254.479894982347
"SP500","2024-11-20",257.867022975214,259.698887634871,254.269915503577,257.984745559591,35155920.6967302,254.771769254253
"SP500","2024-11-21",259.257837529063,262.4911037856,254.791149605008,259.459260157487,45721733.5425098,256.265314041837
"SP500","2024-11-22",259.550232295664,262.674440951512,257.430012491925,260.440192413775,31422929.214866,257.232105138707
"SP500","2024-11-25",262.074887871172,264.694912581597,258.436752941843,261.189121459384,46582876.012656,257.964430161868
"SP500","2024-11-26",261.888218934355,265.359511258257,259.797792737083,263.459277996942,27294493.5400517,260.233200367639
"SP500","2024-11-27",263.199001470459,265.098226836972,260.297181352892,262.364364278867,27655701.4535888,259.161256536232
"SP500","2024-11-29",262.697260274004,265.454394187395,261.485053958308,263.885245034222,18838221.9472024,260.679069261785
"SP500","2024-12-02",264.258942328511,267.348181948228,262.108364228118,265.111647050752,26796360.3205384,261.946754735195
"SP500","2024-12-03",265.11695146615,267.790357725001,262.902348955903,265.828301529682,25038234.2815781,262.673505321241
"SP500","2024-12-04",266.613531860725,269.735219592283,264.277702182821,267.666947923896,31950091.2260367,264.511380442078
"SP500","2024-12-05",267.669743805848,270.240554426792,264.942860449782,267.093813339133,26622505.1796908,263.965275918896
"SP500","2024-12-06",267.504062242843,271.081263224344,265.544360593052,268.558543041446,27489969.6862862,265.466114713839
"SP500","2024-12-09",268.247148819959,270.881784413112,263.889669397591,266.495163866867,29602461.4799263,263.453268961657
"SP500","2024-12-10",266.919833369586,269.840231184885,263.427803380128,266.006669707016,30671809.7007613,262.977784511036
"SP500","2024-12-11",267.437149986457,271.192670318075,265.053572232591,268.727181500587,31267737.93984,265.699832711348
"SP500","2024-12-12",268.451683542923,270.432287406581,265.485779746903,267.013564319717,25379198.1857362,264.001182343612
"SP500","2024-12-13",267.670407601881,270.337645708246,264.677159404763,267.298900440957,32494217.9629166,264.299431720164
"SP500","2024-12-16",268.164119042309,271.736089389387,265.379230337489,268.798266248823,37172077.2406229,265.825368920084
"SP500","2024-12-17",267.865336821406,270.612953109301,264.920724538795,267.887546349253,37399825.5416626,264.930726075587
"SP500","2024-12-18",267.653360722798,270.076151688268,258.443660717531,259.452685486653,40207066.9833768,256.578330992078
"SP500","2024-12-19",261.634173988855,263.97434395022,257.348030219227,258.984655964355,34204842.6993868,256.12024405018
"SP500","2024-12-20",258.285607761564,265.050091800859,255.905150707382,261.299098044849,61972750.2936478,258.409514167975
"SP500","2024-12-23",261.910059285153,264.41249734813,259.292412858947,263.403802713298,26387258.887891,260.514241068114
"SP500","2024-12-24",263.921929821655,266.881198512356,262.690919027885,266.460851468289,14966340.4193,263.546448152635
"SP500","2024-12-26",265.627678061888,267.614509678959,264.128747408081,266.080969886615,17257030.641596,263.173582393082
"SP500","2024-12-27",264.42025372767,265.849057297962,260.591052902243,262.929161826651,24394009.1700304,260.063288687158
"SP500","2024-12-30",259.830113412146,262.026987229514,257.360117675137,259.83641455431,23046415.7502236,257.001363949296
"SP500","2024-12-31",260.448811428109,261.574569134168,257.310571842452,258.4712167196,22101816.1307062,255.651032657718
"SP500","2025-01-02",259.81260573312,262.081669159308,255.385737529111,257.800162291229,28969466.2751226,254.992828318792
"SP500","2025-01-03",258.988270892079,262.326924133819,257.237189023013,260.919240310149,29284124.0745415,258.096033367561
"SP500","2025-01-06",262.834031449607,266.239039623269,259.799732894409,262.507982073488,34809219.3938728,259.708598349386
"SP500","2025-01-07",263.099846689473,265.373319809924,257.787569684188,259.618238740949,39765712.0154056,256.828855798759
"SP500","2025-01-08",259.525901058528,262.336374865455,256.809458340307,260.463335777956,29350207.276561,257.662692138419
"SP500","2025-01-10",258.922407378201,261.328652328394,253.909214919951,257.042928625842,31341857.9199129,254.304553920789
"SP500","2025-01-13",254.694304466544,258.595236409815,252.592788389989,257.380338432004,28710330.3204197,254.621628295747
"SP500","2025-01-14",258.424277321582,260.457777136823,254.195619145146,257.047402720993,26948921.3965617,254.280841509206
"SP500","2025-01-15",260.982610347388,264.445652913109,258.274074630448,262.114267535248,27664144.4550478,259.328644174926
"SP500","2025-01-16",262.57105483177,265.356022889678,259.359544602842,261.766735709672,30023935.3464042,258.971863679022
"SP500","2025-01-17",265.010347447899,267.105432658646,261.49393258647,264.086879186454,32755575.7701755,261.278842481834
"SP500","2025-01-21",265.468703470706,268.538094820836,262.006360500937,265.81233557326,34622309.4155177,262.991693390417
"SP500","2025-01-22",267.182380240442,270.319830223566,264.523129990291,267.48740157997,34646658.4299956,264.671676525677
"SP500","2025-01-23",267.208962669228,270.759655441581,264.954247297833,269.365323504276,25597304.8452808,266.528053282811
"SP500","2025-01-24",269.198395046879,271.824693637675,266.273254073231,268.782188672363,31104919.0897796,265.955265728144
"SP500","2025-01-27",262.238209761038,269.125380092956,259.051490781793,265.263049051667,84208519.0464765,262.434567034863
"SP500","2025-01-28",265.974973511643,270.59500395144,262.223645760154,267.618508624065,60594373.1658211,264.794831347747
"SP500","2025-01-29",267.28486486274,269.790597548276,264.10625227641,266.69204591679,48389675.3038088,263.872076045576
"SP500","2025-01-30",268.037784203751,271.704810844412,264.568855475515,268.584032890314,47109743.9791101,265.749920852893
"SP500","2025-01-31",269.860931527475,273.06034838807,265.958741811877,267.516339801065,49118176.2334313,264.705485374696
"SP500","2025-02-03",263.256970184114,268.333268856829,260.673218630974,265.645419434677,45359522.3991229,262.851806997499
"SP500","2025-02-04",265.737026380651,269.745141886021,263.667347126993,267.706533750873,34787546.202502,264.906937967457
"SP500","2025-02-05",267.300463792178,270.656705436474,264.865383122997,268.639301472348,35685430.1512914,265.825534273126
"SP500","2025-02-06",269.12049091461,272.561872843105,266.59767145782,270.137560761559,33057892.3372713,267.316227874218
"SP500","2025-02-07",270.711015030377,273.141343545486,266.198392111952,267.892130390636,33392174.106694,265.103338872723
"SP500","2025-02-10",269.376206450909,271.703486378354,266.448660107848,269.260410476045,29329214.2549967,266.487337986582
"SP500","2025-02-11",268.217772106815,271.345019121011,265.938319838249,269.006943645017,27852731.2664753,266.227787264291
"SP500","2025-02-12",266.428124678826,270.419687790598,264.595495800243,268.621828095193,26435453.7963959,265.86777935074
"SP500","2025-02-13",269.357628802216,272.859176498579,267.049995529909,271.215508280158,29942426.943266,268.449505792366
"SP500","2025-02-14",271.31602662776,273.768093656908,268.262343395727,270.890608572153,27956379.4230164,268.188011535677
"SP500","2025-02-18",271.380493476016,273.72061763994,267.530831418682,271.113342448191,32264447.6660081,268.423112899811
"SP500","2025-02-19",270.397270784831,273.571114187507,268.09644984338,271.649627801454,25520502.8080652,268.945720683873
"SP500","2025-02-20",271.097107723653,273.083890720193,266.976532494625,269.908374727839,24256276.1864404,267.260674743596
"SP500","2025-02-21",270.333610660064,272.301929350591,263.650531388495,265.184068178256,34618622.8979136,262.575626127225
"SP500","2025-02-24",266.074407899602,268.815098716096,261.302261130629,263.998244134321,35717755.4458489,261.400115735139
"SP500","2025-02-25",264.201224125767,266.778098023903,259.018361231381,263.089651065888,39395730.5758599,260.487048109423
"SP500","2025-02-26",263.848744924564,267.504908291584,260.64248926565,263.313700337017,39080105.4169804,260.728547879749
"SP500","2025-02-27",264.571991550505,267.433631475937,258.076957744652,259.161063688168,48816219.6203229,256.592203122022
"SP500","2025-02-28",259.399800458663,264.184092973489,256.093289267673,263.402387347969,49745389.2876955,260.824935176948
"SP500","2025-03-03",264.413300599877,266.807967863567,256.64130896088,259.149121033028,48277904.3991739,256.61875502837
"SP500","2025-03-04",256.734989688723,261.425653736642,251.532809296418,256.106980898085,50947261.859165,253.617256367732
"SP500","2025-03-05",256.105461577295,260.981697620311,253.701237504427,259.630358558834,37289525.0088892,257.117716176339
"SP500","2025-03-06",256.113190035905,259.488057889606,251.65009940315,254.426720353172,41406318.3464801,251.947783925717
"SP500","2025-03-07",253.314013962166,257.509953790803,247.994061993316,254.434579067638,44827782.6441523,251.995221355948
"SP500","2025-03-10",250.229046063588,253.154749464719,243.504844394956,246.672399659863,51767281.230731,244.313895001722
"SP500","2025-03-11",246.00036707585,249.7380568481,241.441240194705,245.057002102253,49350800.013588,242.728972988724
"SP500","2025-03-12",247.97940675966,250.18896094386,243.289390065446,246.549028172295,43104060.5589538,244.228600643266
"SP500","2025-03-13",246.106362764926,247.954334050952,240.227362848828,242.366442888284,40106565.275882,240.093591178609
"SP500","2025-03-14",244.570638888882,248.753892301579,242.825432093911,247.762084205302,37315666.9985335,245.486653212807
"SP500","2025-03-17",247.344674150641,251.816408231441,245.358666058921,249.516799521334,35703825.7019328,247.224473441779
"SP500","2025-03-18",248.672879589922,249.867327325578,244.080307491196,246.404383798444,38276860.4893745,244.131742858352
"SP500","2025-03-19",247.200630530503,251.759968075963,245.404582031572,249.392237259232,37489157.6621669,247.10253955719
"SP500","2025-03-20",247.882599679563,252.261170502718,246.378604956912,248.920109690887,34208590.3454655,246.657987861359
"SP500","2025-03-21",246.879684851398,250.924750393444,244.524502692499,249.409744808091,48327065.5796797,247.156112306106
"SP500","2025-03-24",252.588266737612,255.921632379678,250.859163550325,254.500169385714,34142712.1852079,252.216875146053
"SP500","2025-03-25",255.176852393436,257.412252580195,252.554961236315,255.359800412183,26675048.98259,253.080640751128
"SP500","2025-03-26",255.119737827858,256.77865124566,250.334804975743,252.062725091734,37010907.3773478,249.790100328463
"SP500","2025-03-27",251.243276341182,254.302194381563,248.572109405683,251.167923531378,32278234.7352832,248.901292169252
"SP500","2025-03-28",250.474097274152,251.844511193779,244.475584566689,245.820659158019,33817906.0540467,243.587312223112
"SP500","2025-03-31",242.606675809357,248.839176670958,239.751705812446,246.899650782799,43951290.0786816,244.66244399166
"SP500","2025-04-01",245.959410121761,249.864671819551,243.398622865633,248.148050857029,31660058.2216009,245.913733625148
"SP500","2025-04-02",245.1501200295,251.822365786023,244.257510268116,250.053861943012,32519530.7184194,247.809698418817
"SP500","2025-04-03",240.852309316686,244.862979273387,235.823154135741,238.203332341477,53080926.2828461,236.047376157522
"SP500","2025-04-04",231.45725226339,235.923101085573,222.175842996149,224.538894460048,75526726.5979612,222.532347736662
"SP500","2025-04-07",216.853671337645,232.732839667582,212.53136886118,223.734583536947,84148636.7595564,221.744151528769
"SP500","2025-04-08",231.776215093092,234.594560058487,217.463396340454,220.749540890175,65884336.5111706,218.783182200299
"SP500","2025-04-09",219.265684501009,244.172434584362,217.242078631125,242.119927845969,87884797.1293256,240.014673788811
"SP500","2025-04-10",237.031277074826,239.749635158444,226.370254735056,233.886110776261,62109550.6692777,231.851426917124
"SP500","2025-04-11",232.977274256454,239.736930756758,230.135872904604,238.0282268174,44829794.8470576,235.965773757771
"SP500","2025-04-14",242.399640386001,244.489050605591,236.587144308832,239.576170146011,39811005.2139906,237.493255210716
"SP500","2025-04-15",239.980115738878,242.651847627729,237.182192455314,239.071822673586,32511600.1973608,237.006921863517
"SP500","2025-04-16",236.187724336978,238.775389748978,230.706223561293,233.528415307205,47760467.9653156,231.499746977748
"SP500","2025-04-17",235.73130871481,238.318317027415,232.136911721027,234.836673406266,38377571.8471397,232.799868847344
"SP500","2025-04-21",232.447168606422,233.509744583642,225.713675495374,228.888224006419,37422729.4645414,226.911069208715
"SP500","2025-04-22",231.32101126593,236.328959569762,229.649790161794,234.713507149342,35096053.4123242,232.697117054305
"SP500","2025-04-23",240.978436754899,244.497614071634,236.898400837612,238.867854363009,37548035.3264362,236.832740861103
"SP500","2025-04-24",239.300515847364,245.099370716599,237.500368534196,244.038614484735,33596262.9963901,241.972808297853
"SP500","2025-04-25",244.462263962536,247.959015134501,241.716221829875,246.357507907421,35830510.04228,244.28578989141
"SP500","2025-04-28",246.797431220596,248.947821635308,243.195014097527,246.567510469218,30438698.414651,244.489625320467
"SP500","2025-04-29",245.71631122462,249.390479117302,244.258448520666,248.129647262064,26289772.6711395,246.040831481313
"SP500","2025-04-30",244.83721082268,250.070469154933,241.685467229876,249.136333331376,36638342.4328515,247.047110868146
"SP500","2025-05-01",251.515368409006,255.005677463986,247.920318141208,250.358767960263,37530441.6376958,248.271367219957
"SP500","2025-05-02",253.532020184566,257.036154486803,250.983523525687,254.621732600758,35139432.9088136,252.515818307353
"SP500","2025-05-05",252.673229525137,255.942629512013,250.76183266454,253.322826418593,25684782.6247726,251.229674122937
"SP500","2025-05-06",250.97103441888,254.046220209747,248.467589157008,250.64698832992,25844766.1443237,248.57977841357
"SP500","2025-05-07",251.209497140706,254.44927518047,248.286693367497,251.649528957798,36350253.0643241,249.574933937172
"SP500","2025-05-08",253.379108779146,256.499144629342,250.399974438795,252.748808393249,32193808.1733624,250.66920695196
"SP500","2025-05-09",253.519685620455,255.293951208123,250.360112319878,252.15247747054,23226384.1367723,250.096995791503
"SP500","2025-05-12",259.735985867888,262.851765437539,255.539956023673,260.771613017168,37487405.3935537,258.686434039816
"SP500","2025-05-13",261.01940816065,265.568036893151,258.774377433447,262.711104942711,43776307.7485926,260.637872765816
"SP500","2025-05-14",263.208708673111,265.604089777317,259.954813558274,262.498372389567,38889648.1579316,260.444105827595
"SP500","2025-05-15",261.700745246829,265.442755081082,259.401498068759,263.573199337381,34172010.3556569,261.554833832296
"SP500","2025-05-16",264.347529704639,266.656275425469,261.734923012546,265.618445271816,34122062.3342795,263.62594373064
"SP500","2025-05-19",262.836118181839,267.028368132142,261.441813291649,266.18401589103,28712233.7230082,264.209892938022
"SP500","2025-05-20",265.075937282455,267.098508498475,262.710576403875,264.962480855271,26434702.0484719,262.998501716404
"SP500","2025-05-21",263.179777171542,266.435939398448,259.604208624182,261.02702398949,38174589.5712102,259.105053124156
"SP500","2025-05-22",260.675087151088,263.902414008816,258.925476195169,261.05253409812,29852195.1131457,259.138275007181
"SP500","2025-05-23",257.840713879005,261.206171870441,256.618887261178,259.327622101336,30488165.2688003,257.428350895217
"SP500","2025-05-27",262.127407280673,265.794389977486,260.600168955033,264.67537928785,30397987.6928137,262.758591462109
"SP500","2025-05-28",264.901821739322,266.910539490318,262.433135275475,263.523767165037,36113475.5416898,261.619830318474
"SP500","2025-05-29",265.785671050804,267.140973047559,261.757601287171,264.363346502266,41471536.8219797,262.453870359843
"SP500","2025-05-30",263.844634723962,266.759206144963,260.473156178398,264.69549591168,47789938.1649847,262.80112719278
"SP500","2025-06-02",263.466925540119,266.983864816563,261.583096152797,266.059026066434,28094303.5966495,264.186431127794
"SP500","2025-06-03",265.976875523574,269.165984512769,263.869393911228,267.105065551182,32133473.0131052,265.228831647005
"SP500","2025-06-04",267.633091539386,270.311250168356,265.622200009127,267.865136256705,26229767.0981569,266.000319916702
"SP500","2025-06-05",268.581787978596,270.359484108067,264.276054004841,266.29150659226,37799231.8424744,264.459919413321
"SP500","2025-06-06",268.608612913789,270.973980083906,266.766464027364,268.848628604313,27455391.231743,267.036169121141
"SP500","2025-06-09",268.882974515824,271.42401228411,265.884272924399,268.730256415573,30992020.0268421,266.939025885164
"SP500","2025-06-10",269.04227879224,272.02761650216,266.468962800652,270.267696462478,29269589.9162159,268.476022465205
"SP500","2025-06-11",270.788270638352,273.011372647942,267.249741608464,269.62477946019,28993239.1120297,267.834722865195
"SP500","2025-06-12",269.083906876774,271.869572054872,267.333697269884,270.510102853127,25651632.6071713,268.713299679393
"SP500","2025-06-13",267.865353812954,270.90459280101,265.128961884692,267.27649010118,29152457.4847841,265.517321608155
"SP500","2025-06-16",268.928016001107,272.003130408251,266.990935516745,269.663946846533,27825720.7788233,267.93123189839
"SP500","2025-06-17",268.501987563679,270.708575362764,265.969257286815,267.326747906411,23904324.6091711,265.609214079114
"SP500","2025-06-18",267.592718630264,270.125958925108,264.944491253947,266.94399330003,27453633.0906906,265.232980985784
"SP500","2025-06-20",268.44356157054,269.984344565923,263.699498889899,265.988021409159,46126145.9525651,264.291110300262
"SP500","2025-06-23",266.371420451914,270.807838886098,263.48462736346,269.168539988586,30728412.0451687,267.459766313477
"SP500","2025-06-24",271.170579121974,274.214760219582,268.899281907998,272.203259279952,31493414.6740812,270.48271426866
"SP500","2025-06-25",272.741501187571,275.243948242218,269.558441340978,271.927980949186,34464909.4274963,270.217180998714
"SP500","2025-06-26",272.816472951913,275.957947358604,270.746947304875,274.210242391311,30880617.5645986,272.488444875215
"SP500","2025-06-27",274.7296704102,278.198507439309,272.450758039311,275.667283341692,47479874.2152838,273.947167138935
"SP500","2025-06-30",276.882933986677,279.581604137985,274.30550001754,277.441912911637,35864093.423249,275.723994519056
"SP500","2025-07-01",276.492076992177,280.086378483135,272.653551335514,276.419131594467,35566662.2570635,274.697223138905
"SP500","2025-07-02",276.060325500186,279.207910321588,273.729262216886,277.395735215296,29174388.49427,275.671812622865
"SP500","2025-07-03",278.407129769588,281.21107052994,276.729959371314,279.706874664898,20767558.1325653,278.001140333161
"SP500","2025-07-07",278.72078523568,280.757119949783,275.483797698498,277.896928162689,25543302.285182,276.206189293139
"SP500","2025-07-08",278.161550269793,280.400953303843,274.786004761022,277.223120448695,25723233.1375912,275.534424169179
"SP500","2025-07-09",278.320440618191,281.178222721269,275.92144004362,278.981202218279,28732080.4837317,277.292981710129
"SP500","2025-07-10",279.311456251772,282.116662815444,276.335267913259,279.615201771664,26720752.1884489,277.930202817583
"SP500","2025-07-11",278.262038534331,280.884241921685,275.979855076284,278.830543324713,28244939.2565458,277.151817131869
"SP500","2025-07-14",278.461504848646,281.304782232642,276.466468296749,279.620352972236,23319832.463331,277.93708827146
"SP500","2025-07-15",280.523653508434,282.224584067201,276.456806259558,277.766888909724,31636792.7612997,276.116862996759
"SP500","2025-07-16",278.241172135583,280.476552940125,275.098899260537,278.613354026592,26939098.5774958,276.955061154943
"SP500","2025-07-17",278.492402894676,281.754272313162,276.426460283368,279.60501962505,26899819.4891437,277.940946734232
"SP500","2025-07-18",280.796108179859,282.321382467688,277.567735385998,279.923316646498,27012655.2925508,278.269376301233
"SP500","2025-07-21",280.169020418213,283.159394867275,278.294416566683,280.147562252254,23947805.9256225,278.506571522523
"SP500","2025-07-22",280.486837138475,283.325238271467,276.725495116756,280.359639333508,29233403.5436154,278.715284437054
"SP500","2025-07-23",281.582543249991,284.465031391249,278.913366822004,282.863123172708,27249359.9820164,281.207872266774
"SP500","2025-07-24",283.318859737679,286.020299223575,280.696221727425,282.867395609745,27741828.8026809,281.215699168822
"SP500","2025-07-25",283.59822337647,286.265969806112,281.771136267123,284.296157391589,24384759.9143059,282.639183353653
"SP500","2025-07-28",284.660384361814,286.962762728696,282.301335476672,284.643553964464,24125565.8418129,282.991395842869
"SP500","2025-07-29",285.079244235089,287.250719423609,281.009202767648,283.122929087495,27350777.3780396,281.474434363225
"SP500","2025-07-30",283.529047744492,286.133667827331,279.916804503038,282.905607231502,28242111.3105874,281.26232300074
"SP500","2025-07-31",286.651865373281,289.645253958445,281.084422103775,283.121188491929,40591392.6381008,281.495835894405
"SP500","2025-08-01",280.697383075825,283.65743954532,275.449407849003,279.234808922585,38718131.1081593,277.638964971503
"SP500","2025-08-04",280.971172438909,285.514939892577,279.02428264875,283.798771156302,29339828.2095627,282.186046852493
"SP500","2025-08-05",283.730796363321,285.928555744321,279.552265917154,281.766703636687,26925912.8055416,280.175485966205
"SP500","2025-08-06",282.271092205602,286.02769142359,279.410681313439,283.776507963531,29656631.4719349,282.184774235723
"SP500","2025-08-07",284.544651376057,286.657687116112,279.104919178458,281.952133839804,28762467.0479302,280.370879104843
"SP500","2025-08-08",282.970883928242,286.288850706013,280.445576380768,283.801331173855,27943373.5292242,282.228406037827
"SP500","2025-08-11",283.909364874085,286.677393937107,281.223377219015,283.308629010424,25728655.4658568,281.757550847464
"SP500","2025-08-12",284.494198355076,288.60144392389,282.309085460583,286.94290117882,25840930.6543326,285.383016178615
"SP500","2025-08-13",288.108754579815,290.846269405513,283.854715956036,287.542168072837,29342389.5046405,285.976575097471
"SP500","2025-08-14",286.845832374974,290.035609553648,284.551249319198,287.811180573574,24908364.2580805,286.251258811511
"SP500","2025-08-15",288.587640443089,290.395229451302,284.520914773997,286.847396108165,28446434.5859829,285.344627021247
"SP500","2025-08-18",286.432974660024,288.834721198876,284.137071165395,286.766012093361,22326505.7057177,285.280285690423
"SP500","2025-08-19",286.69667505075,289.099162743505,283.192223181992,285.272649283105,28253306.7880465,283.798580254922
"SP500","2025-08-20",285.083801246222,287.310016919948,280.575144597687,284.736915591601,31660028.8481995,283.27009305385
"SP500","2025-08-21",283.917251608698,286.014879671541,281.547402514887,283.637227522517,22054904.0525982,282.220780940774
"SP500","2025-08-22",284.59413901787,290.212646785186,282.460815573425,287.549760165213,28656912.5506289,286.12820978333
"SP500","2025-08-25",287.136831971691,289.502009483417,284.607228865271,286.251826956093,24444698.0164708,284.843328666902
"SP500","2025-08-26",286.246875292428,289.127144287509,284.307654263276,287.939352390345,28204170.9390281,286.539802722107
"SP500","2025-08-27",287.613446216334,290.087681356413,285.753395648029,288.219564411454,28715368.1787147,286.819539781693
"SP500","2025-08-28",288.425963239095,291.238276634929,286.181003110041,289.454079364621,33670236.0348647,288.054130992932
"SP500","2025-08-29",288.865906746582,290.425998506716,285.45745975923,287.391584812319,31399978.4426874,286.020491793864
"SP500","2025-09-02",283.941905633051,286.882091006393,280.903428758994,285.269277210463,31586488.9824795,284.051965676641
"SP500","2025-09-03",286.591609573417,288.970428697518,283.767654921058,287.00622407574,30548376.4690554,285.789910862934
"SP500","2025-09-04",287.632905628214,290.902407098557,285.462421536834,289.723049311428,25921011.1172671,288.524524813198
"SP500","2025-09-05",291.433973165561,293.820325631462,285.948733508557,288.984092947661,35324710.4361189,287.838832058166
"SP500","2025-09-08",289.860767867517,292.991145831687,287.221030097377,290.169865967262,27342762.3795135,289.037302505344
"SP500","2025-09-09",290.322430015491,293.369007413161,287.60221987841,290.99821428875,26456296.3750023,289.869284088584
"SP500","2025-09-10",292.04585411292,294.846151094927,287.91256294236,291.057849792938,36019172.7779511,289.928637540725
"SP500","2025-09-11",292.05857764073,296.218021716781,289.629443594994,293.838609511291,27166509.4092055,292.698806100945
"SP500","2025-09-12",293.776571610257,296.717542903411,291.136087641834,293.948319939183,26198170.4868551,292.817445774732
"SP500","2025-09-15",295.084465899178,298.487874977288,292.184437004745,295.750352996436,27159294.9271665,294.651285246566
"SP500","2025-09-16",296.234056663478,298.671131807893,292.873614705866,295.615786082022,26579567.5416054,294.524248144549
"SP500","2025-09-17",295.780725633547,298.666516729426,292.171634000714,295.572404112228,31584850.8281067,294.480044871737
"SP500","2025-09-18",296.881036232355,300.068118526274,293.601808538957,296.472440498725,30844923.490628,295.380096707168
"SP500","2025-09-19",297.601346367693,300.216217770235,294.407350832008,297.884488092927,52106723.0551764,296.789632956067
"SP500","2025-09-22",297.267334029242,301.589911889638,294.870781723313,298.847291964229,39714409.3420184,297.78011861444
"SP500","2025-09-23",298.82289374031,301.413792419343,294.882954865143,297.287612902567,31294104.5578755,296.220611513409
"SP500","2025-09-24",297.846175736268,299.884276210896,294.112025069948,296.726694388092,25272675.6406897,295.663448839803
"SP500","2025-09-25",295.178492911429,297.820865501373,291.281472933981,294.791205460061,30726398.589831,293.733876650359
"SP500","2025-09-26",295.636900628083,298.502619280786,292.951159606666,296.317854352838,25262140.5991389,295.256815106272
"SP500","2025-09-29",297.51682740907,299.936949763997,294.13287776578,296.834626628099,28923447.4458508,295.775989054426
"SP500","2025-09-30",296.56720884874,300.126263981346,293.56437250234,298.237430423253,33061130.765004,297.192913103286
"SP500","2025-10-01",296.736424263384,302.161883042724,293.817710212091,299.558685704873,30028305.6947822,298.515740275138
"SP500","2025-10-02",300.391976312333,303.419074837847,296.618586988831,300.013421897894,25774626.74821,298.974658701489
"SP500","2025-10-03",300.481935428861,303.709645166908,296.947283082933,299.92198933954,25981146.6713789,298.891876409995
"SP500","2025-10-06",300.663819813997,304.922385905064,296.943250308352,301.471894555221,28056906.6845037,300.461393670465
"SP500","2025-10-07",301.679038381714,303.747305883259,296.736978042819,299.457701957869,23879193.1695878,298.451136089729
"SP500","2025-10-08",299.795156747242,303.03737982776,297.247875656519,300.618292613297,23217668.8051078,299.612085518057
"SP500","2025-10-09",300.84746475563,303.293566218985,296.672417818674,300.162777737508,27303450.8393359,299.170597334545
"SP500","2025-10-10",300.457118775907,302.939640694495,291.2811041176,292.398701047818,39466165.2344554,291.43415280796
"SP500","2025-10-13",295.86950574952,299.315404812962,293.242752043761,297.12053389931,24934247.124168,296.147016790474
"SP500","2025-10-14",294.478113399086,299.66567511821,291.429939943174,296.823993067048,29027313.3819822,295.847959069784
"SP500","2025-10-15",298.717537873963,301.9089130595,294.221263528554,297.663071969465,29671216.4510433,296.701617825056
"SP500","2025-10-16",298.415212952311,301.043571064906,293.057616294273,295.532614640024,27742562.0114158,294.579345609012
"SP500","2025-10-17",294.481145062771,298.816653883102,292.299334103231,297.042916186378,28361665.7905698,296.087648541323
"SP500","2025-10-20",298.660925649601,302.383750657912,296.732465328315,300.224517521526,25446299.0866876,299.270753526091
"SP500","2025-10-21",300.139960780649,303.280347318253,296.964700505688,300.26449088565,24272477.2640329,299.311502890125
"SP500","2025-10-22",301.138240707626,303.499498156253,295.512234376293,299.008787608752,28343998.4914587,298.060895481287
"SP500","2025-10-23",299.049976692229,303.118698085808,296.430437920732,300.595919673761,22123830.404524,299.647504823458
"SP500","2025-10-24",302.675663323757,305.964475914244,299.935807469078,302.965399107618,24069485.1569937,302.018644276387
"SP500","2025-10-27",305.837805526563,308.639436085966,303.23608226296,306.692773550645,27106300.1058517,305.739996215012
"SP500","2025-10-28",307.624921665612,311.009500061693,304.041249942238,306.882706687254,37575147.7345943,305.933425939143
"SP500","2025-10-29",307.912365159242,311.547839777807,303.247095407356,307.055840583226,41162808.0792991,306.112358867168
"SP500","2025-10-30",304.79321858501,309.538665743643,300.12544047224,303.443506049421,37587669.1356513,302.504020805194
"SP500","2025-10-31",305.192610610182,308.396282850039,300.048837927554,303.530161348001,38668457.9914552,302.613069980292
"SP500","2025-11-03",304.965662984359,307.992004123771,300.259109012529,303.958677899808,31873820.8525424,303.05131847038
"SP500","2025-11-04",300.900701835464,305.49393419541,297.70370804865,301.075906759492,31489146.7498676,300.170509815701
"SP500","2025-11-05",301.097609057144,306.628142412549,298.015778699648,302.590078597948,28419180.0824278,301.682549198255
"SP500","2025-11-06",302.23074018627,305.340031124825,296.620552339765,299.792718734708,34317297.572925,298.888668511004
"SP500","2025-11-07",298.750776832048,302.122605911538,293.699224582527,299.826725240798,36978105.7423642,298.929484748421
"SP500","2025-11-10",302.465469981611,306.997861313809,299.635991370703,304.469904833239,29653355.4041205,303.596267753901
"SP500","2025-11-11",303.825018147005,307.506669331783,301.161660977094,305.20788876753,25958658.5053478,304.325678420503
"SP500","2025-11-12",NA,NA,NA,NA,NA,NA
"SP500","2025-11-13",304.741120486174,307.446356318851,298.533952777782,300.952021835008,32774209.8160062,300.089538779337
"SP500","2025-11-14",297.820780664865,304.196198508614,294.932568053754,300.807261701869,30416292.658518,299.992271939066
"SP500","2025-11-17",299.95524458624,303.887924860615,295.468652118886,298.115985617558,29731094.7847749,297.327416388517
"SP500","2025-11-18",296.237001343515,299.842880071124,291.764232498315,295.460654059791,33797219.5656598,294.687785677677
"SP500","2025-11-19",295.634180560795,300.464582887456,292.143570919792,296.64031993511,35573916.8779868,295.87881662812
"SP500","2025-11-20",300.845087423885,303.940475204109,290.932480148422,292.298371209358,44761018.9965596,291.595645119038
"SP500","2025-11-21",293.365318894274,298.935443073936,289.158919382268,295.386406132039,47725500.5025623,294.694731354769
"SP500","2025-11-24",297.125428299947,302.953937068424,294.506863280479,300.433160910586,43037023.3440392,299.738906467993
"SP500","2025-11-25",300.908770138759,305.966545341396,297.203792655906,304.074778927092,42240006.98042,303.387476916337
"SP500","2025-11-26",305.104202081129,308.435088156419,302.866131313574,305.911761826117,27790536.5315661,305.222723700686
"SP500","2025-11-28",306.45582534231,309.173881814953,304.325782485166,307.357069454937,17134222.795608,306.667309477144
"SP500","2025-12-01",305.353767788042,308.635266958184,302.427204840399,304.99741512565,28519769.7945587,304.343350944757
"SP500","2025-12-02",305.83778594287,309.845991602777,302.81876277269,306.317652996829,29151593.9936036,305.680998768696
"SP500","2025-12-03",305.463678433753,309.643904961731,302.425510035065,306.608080739657,28163834.57292,305.977404959056
"SP500","2025-12-04",307.881045449747,310.269059362264,303.743387465367,306.894382569593,27548329.7889593,306.283510239108
"SP500","2025-12-05",307.588611541053,310.850713190413,305.16131817419,308.181242039716,25711572.1568242,307.623564985206
"SP500","2025-12-08",308.387429301455,310.93133445586,304.242900917327,306.916392304972,30129306.2608935,306.384556709091
"SP500","2025-12-09",306.44883646653,309.822544132584,303.181958906978,306.10665109039,23287662.4068285,305.577093606999
"SP500","2025-12-10",305.815716346654,310.768687456794,302.768296500511,308.172655463791,28473713.5066159,307.6450527705
"SP500","2025-12-11",307.512180945754,312.16268520591,303.751115182927,309.55964837581,28371530.3873188,309.027425191212
"SP500","2025-12-12",308.957328876386,312.861734050323,303.248306330791,306.316960565483,32124782.1689527,305.797523258828
"SP500","2025-12-15",308.138009491434,310.923268023325,303.471563470193,306.70802285382,29994631.0194087,306.224708726469
"SP500","2025-12-16",305.934599812531,309.461045784809,302.472209641195,306.099026100934,27022678.3847558,305.624615894962
"SP500","2025-12-17",306.401840129493,308.816311246059,300.360107473594,301.904050064006,35173474.5611941,301.433743512783
"SP500","2025-12-18",304.870640189748,308.803143573852,301.770351614082,304.925428284792,31219938.2864748,304.455765941618
"SP500","2025-12-19",305.793400547564,310.01432691136,303.687791888359,307.381917904736,63748848.0187227,306.911657866271
"SP500","2025-12-22",309.07076516558,311.766156747878,306.254172887927,309.297996329459,22861211.4934122,308.841895662899
"SP500","2025-12-23",308.783744392844,312.161616965749,307.379643424973,310.615656904852,23844376.3037201,310.15908383495
"SP500","2025-12-24",310.507921101253,312.991914956573,309.323998346221,311.691946019963,10450358.2589514,311.234355416402
"SP500","2025-12-26",311.79348278168,313.288561870119,309.683358070027,311.387109689191,17586241.2661048,310.94311319645
"SP500","2025-12-29",310.270683348716,312.177743642363,308.242542209099,310.252534071446,18354945.0295895,309.815556521763
"SP500","2025-12-30",309.910996953392,311.897339405272,308.379104526743,309.804417867699,15980628.8379319,309.368054457854
"SP500","2025-12-31",309.858350943908,310.7847435635,306.957078467925,307.369243921485,17775832.2777956,306.950553459863
"SP500","2026-01-02",308.913334505995,312.602730512968,303.388619831829,307.755298724351,25826012.0683898,307.375998433217
"SP500","2026-01-05",308.901786537124,314.286855896879,305.042924904426,309.804253782497,30006738.4490691,309.424195997056
"SP500","2026-01-06",309.918023660706,315.212965396258,306.369142703409,312.097822888801,29866143.3787444,311.736521475134
"SP500","2026-01-07",312.143888212927,316.631634102988,308.234096876904,311.615708442551,27211583.3218228,311.25609523534
"SP500","2026-01-08",311.556402140587,315.673654788487,306.530159513963,311.095873605822,27829270.3862897,310.735639134601
"SP500","2026-01-09",311.601123927734,316.232986134993,308.871983979636,313.599818619022,23577907.1569746,313.2502454545
"SP500","2026-01-12",312.014923816798,316.753620587962,309.62953906281,314.317881171136,25435916.5724822,313.970777183191
"SP500","2026-01-13",314.381974837939,317.310109684026,309.739773473222,313.191171079299,27761705.0553368,312.844922888105
"SP500","2026-01-14",311.65989729029,314.374800358673,306.634980139688,310.787494855185,27903331.5532481,310.441675654525
"SP500","2026-01-15",312.920732505505,315.879750362595,308.738706447137,311.672495425983,29869073.8374844,311.328994135452
"SP500","2026-01-16",312.558365530726,315.729324748029,309.075002999575,311.947573858186,37021658.0080652,311.619955417131
"SP500","2026-01-20",307.173130723815,311.10360684292,302.615594422444,305.736923922243,36946159.2187374,305.426256364293
"SP500","2026-01-21",306.565152954699,312.921244385068,303.19397521858,309.605584104588,34224587.5077854,309.296002829772
"SP500","2026-01-22",311.892410301086,315.649335274025,308.134224377377,311.706832366699,25701974.9698842,311.396863585702
"SP500","2026-01-23",311.116668309312,315.130338067089,307.651888978064,311.511710760363,26760253.147005,311.210684877133
"SP500","2026-01-26",312.023724542256,316.301885342241,309.401927581085,313.37109070624,24583370.3212708,313.068197823326
"SP500","2026-01-27",314.291996926026,317.97404101707,310.860484825285,314.535484521945,25877674.9077818,314.230734331706
"SP500","2026-01-28",315.263689113801,318.154790186802,310.911324647729,314.476777491591,27160142.8773188,314.17306243423
"SP500","2026-01-29",315.260791736248,318.811063553384,307.808233484747,314.4426107275,38400400.5633421,314.144328219418
"SP500","2026-01-30",313.260851766828,317.380436607232,307.71489029777,311.853300960637,36370493.7360793,311.556208350229
"SP500","2026-02-02",311.0400498455,317.399836361698,308.174755852637,314.138469706812,31216765.8404764,313.844130631844
"SP500","2026-02-03",314.36453409721,318.578368872508,304.887664359287,309.678282163843,37343630.4135202,309.386894511023
"SP500","2026-02-04",310.526089906566,315.463513534056,302.302111779352,308.488585255322,41182202.8667839,308.193440616336
"SP500","2026-02-05",305.710071549482,311.125928618057,298.799007377621,304.136484124278,40620114.1627906,303.848351830134
"SP500","2026-02-06",306.164017093787,312.682216370392,302.376060260874,309.992655262225,41512502.0647528,309.706447075842
"SP500","2026-02-09",309.501938995213,315.753923585645,305.210645698627,311.001035386142,33435414.9952052,310.73636773289
"SP500","2026-02-10",311.380365256752,314.893941890681,306.853076813201,309.68983147674,27313263.1613563,309.440592058083
"SP500","2026-02-11",311.580146369049,315.490745916205,305.696166161348,310.094091015967,29373719.3243928,309.848505015223
"SP500","2026-02-12",311.328704727177,315.627472570751,302.699171691115,305.817929346237,37296182.099619,305.5855373472
"SP500","2026-02-13",305.96351968815,310.60886385587,301.458752314196,305.7589204436,29526625.798682,305.569200161688
"SP500","2026-02-17",304.869948823974,309.71764685543,300.564272444254,305.830424165732,29769241.4446776,305.665664084626
"SP500","2026-02-18",306.267735180445,310.825186145829,303.285573422733,307.413959605355,25956556.2798048,307.253002271379
"SP500","2026-02-19",305.883132447623,309.480792317247,302.535926160991,306.43186819294,22238011.4909383,306.322683654242
"SP500","2026-02-20",305.522567235681,311.164320147844,303.081579560017,308.656698540942,30493463.0222428,308.556253946633
"SP500","2026-02-23",308.25801969653,311.744257861232,301.738067066339,305.18924792668,28764460.9687248,305.09670755353
"SP500","2026-02-24",304.964103144808,310.376426510756,301.440311393295,307.761794546353,28615058.753509,307.683122798554
"SP500","2026-02-25",309.003425728584,313.413884203289,305.970336120035,310.293685100721,33858832.5024892,310.227991698659
"SP500","2026-02-26",310.573057496042,313.56288998746,304.204595068709,309.110725607175,42394194.166983,309.045957483074
"SP500","2026-02-27",305.834738926872,310.950452612777,302.465475940702,308.090325836218,46065488.2668513,308.042068399074
"SP500","2026-03-02",304.187637645498,311.034337576614,301.055534135789,307.796910376504,31779217.7065964,307.785583745609
"SP500","2026-03-03",302.502939495159,307.67740768831,298.207718723544,304.666793606404,29407666.0641468,304.666793606404
